Release_liftover_manifest	submitted_diagnosis	diagnosis	comments
Release 47 liftover	Acinic cell carcinoma	Acinar cell carcinoma	
Release 47 liftover	Adamantinomatous craniopharyngioma (CNS WHO grade 1)	Adamantinomatous craniopharyngioma	
Release 47 liftover	Adamantinomatous craniopharyngioma (WHO grade 1)	Adamantinomatous craniopharyngioma	
Release 47 liftover	Adamantinomatous craniopharyngioma CNS WHO Grade 1	Adamantinomatous craniopharyngioma	
Release 47 liftover	Adamantinomatous craniopharyngioma with evidence of prior rupture	Adamantinomatous craniopharyngioma	
Release 47 liftover	"Adamantinomatous craniopharyngioma, CNS WHO Grade 1"	Adamantinomatous craniopharyngioma	
Release 47 liftover	"Adamantinomatous craniopharyngioma, WHO CNS grade 1"	Adamantinomatous craniopharyngioma	
Release 47 liftover	"Adamantinomatous craniopharyngioma, WHO Grade 1"	Adamantinomatous craniopharyngioma	
Release 47 liftover	adamantinomatous cranipharyngioma WHO grade 1	Adamantinomatous craniopharyngioma	
Release 47 liftover	"Adamantomatous craniopharyngioma, WHO grade 1"	Adamantinomatous craniopharyngioma	
Release 47 liftover	Adenocarcinoma with clear cell features	Clear Cell Adenocarcinoma	
Release 47 liftover	"Adenocarcinoma with clear cell features, not otherwise specified, likely of salivary gland type"	Clear Cell Adenocarcinoma	
Release 47 liftover	"Adenocarcinoma, moderately differentiated, with extension to serosa"	Adenocarcinoma	
Release 47 liftover	"Adenocarcinoma, poorly differentiated, with enteroblastic differentiation"	Adenocarcinoma	
Release 47 liftover	"Adenoid cystic carcinoma, high grade"	Adenoid cystic carcinoma	
Release 47 liftover	"Adrenal cortical carcinoma, conventional, high-grade carcinoma involves the renal vein edge (not true margin)"	Adrenal cortical carcinoma	
Release 47 liftover	Adrenal cortical neoplasm	"Adrenal Cortical Tumors, NOS"	
Release 47 liftover	Adrenal cortical neoplasm of uncertain malignant potential	"Adrenal Cortical Tumor, Uncertain Malignant Potential"	
Release 47 liftover	"Adrenal cortical neoplasm, low risk"	"Adrenal Cortical Tumors, NOS"	
Release 47 liftover	Adrenal cortical tumor	"Adrenal Cortical Tumors, NOS"	
Release 47 liftover	Adrenal lesion with high grade features	Unknown	
Release 47 liftover	Adrenal neuroblastoma	Neuroblastoma	
Release 47 liftover	Adrenal paraganglioma (Pheochromocytoma)	Pheochromocytoma	
Release 47 liftover	Adrenalcortical carcinoma	Adrenal cortical carcinoma	
Release 47 liftover	Adrenocortical neoplasm of uncertain malignant potential	"Adrenal Cortical Tumor, Uncertain Malignant Potential"	
Release 47 liftover	Adrenocortical tumor	"Adrenal Cortical Tumors, NOS"	
Release 47 liftover	Aggressive spindle cell neoplasm with myoepithelial features	"Neoplasm, NOS"	
Release 47 liftover	ALK rearranged fibrohistiocytic neoplasm	"Mesenchymal Tumor, NOS"	
Release 47 liftover	"Alveolar rhabdomyosarcoma, FOXO1-rearranged"	Alveolar rhabdomyosarcoma	
Release 47 liftover	"Alveolar rhabdomyosarcoma, fusion positive"	Alveolar rhabdomyosarcoma	
Release 47 liftover	"Alveolar rhabdomyosarcoma, metastatic"	Alveolar rhabdomyosarcoma	
Release 47 liftover	"Alveolar rhabdomyosarcoma, metastatic;"	Alveolar rhabdomyosarcoma	
Release 47 liftover	"Alveolar rhabdomyosarcoma, solid type, involving sinonasal mucosa"	Alveolar rhabdomyosarcoma	
Release 47 liftover	"Alveolar rhabdomyosarcoma, with FOXO-1 rearrangement by FISH"	Alveolar rhabdomyosarcoma	
Release 47 liftover	Alveolar soft part sarcoma metastasis	Alveolar soft part sarcoma	
Release 47 liftover	Alveolar soft part sarcoma with tumor thrombus	Alveolar soft part sarcoma	
Release 47 liftover	"Alveolar soft part sarcoma, 1.0 cm fragment"	Alveolar soft part sarcoma	
Release 47 liftover	"Alveolar soft part sarcoma, 2.3cm in greatest dimension, focally abutting surgical resection margin. Lymphovascular invasion is present."	Alveolar soft part sarcoma	
Release 47 liftover	Ameloblastic carcinosarcoma	Odontogenic Carcinosarcoma	
Release 47 liftover	Anaplastic embryonal neoplasm	"Embryonal Tumors, NOS"	
Release 47 liftover	Anaplastic ependymoma	"Ependymoma, anaplastic"	
Release 47 liftover	"Anaplastic ependymoma, WHO grade 3"	"Ependymoma, anaplastic"	
Release 47 liftover	Anaplastic medulloblastoma	Medulloblastoma	
Release 47 liftover	Anaplastic medulloblastoma WHO grade 4	Medulloblastoma	
Release 47 liftover	"Anaplastic medulloblastoma, CNS WHO grade 4"	Medulloblastoma	
Release 47 liftover	"Anaplastic medulloblastoma, WHO grade IV"	Medulloblastoma	
Release 47 liftover	"Anaplastic pleomorphic xanthoastrocytoma, CNS WHO grade 3"	Pleomorphic Xanthoastrocytoma	
Release 47 liftover	Anaplastic posterior fossa group A (PFA) ependymoma	Posterior Fossa Group A (PFA) Ependymoma	
Release 47 liftover	"Anaplastic posterior fossa group A ependymoma, CNS WHO grade 3"	Posterior Fossa Group A (PFA) Ependymoma	
Release 47 liftover	Anaplastic rhabdomyosarcoma	Rhabdomyosarcoma	
Release 47 liftover	"Anaplastic supratentorial ependymoma, CNS WHO grade 3, favor ZFTA fusion-positive type (based on L1CAM immunoreactivity)"	"Ependymoma, anaplastic"	
Release 47 liftover	Anaplastic/ large cell medulloblastoma	Large cell medulloblastoma	
Release 47 liftover	"Angiocentric glioma, CNS WHO grade 1"	Angiocentric glioma	
Release 47 liftover	"Angiocentric glioma, WHO grade 1"	Angiocentric glioma	
Release 47 liftover	Angiolipoma	Lipoma	
Release 47 liftover	Angiomatoid fibrous histiocytoma EWSR1-rearranged	Angiomatoid fibrous histiocytoma	
Release 47 liftover	Appearances consistent with alveolar soft part sarcoma	Unknown	
Release 47 liftover	"Astroblastoma, MN1 -altered"	Astroblastoma	
Release 47 liftover	"Astroblastoma, MN1-altered. Histologically high-grade"	"Astroblastoma, MN1-altered"	
Release 47 liftover	Astrocytic glioma	"Gliomas, Glioneuronal Tumors, and Neuronal Tumors, NOS"	
Release 47 liftover	Astrocytic glioma with histologic features of anaplasia	"Gliomas, Glioneuronal Tumors, and Neuronal Tumors, NOS"	
Release 47 liftover	"Astrocytic glioma, histologically low-grade, most compatible with pilocytic astrocytoma"	"Gliomas, Glioneuronal Tumors, and Neuronal Tumors, NOS"	
Release 47 liftover	Astrocytic glioma. Positive for fusion of the KIAA1549 (7q34) and BRAF (7q34) loci.	"Gliomas, Glioneuronal Tumors, and Neuronal Tumors, NOS"	
Release 47 liftover	Astrocytic neoplasm	"Neoplasm, NOS"	
Release 47 liftover	Astrocytic neoplasm with pilocytic/pilomyxoid features	"Neoplasm, NOS"	
Release 47 liftover	Astrocytic neoplasm with piloid features	"Neoplasm, NOS"	
Release 47 liftover	Astrocytoma	"Astrocytoma, NOS"	
Release 47 liftover	Astrocytoma IDH-mutant	"Astrocytoma, IDH-mutant"	
Release 47 liftover	Astrocytoma with piloid features	"Astrocytoma, NOS"	
Release 47 liftover	Astrocytoma with pilomyxoid features	"Astrocytoma, NOS"	
Release 47 liftover	"Astrocytoma, IDH mutant, WHO grade 3"	"Astrocytoma, IDH-mutant"	
Release 47 liftover	"Astrocytoma, IDH-mutant, CNS WHO grade 3"	"Astrocytoma, IDH-mutant"	
Release 47 liftover	"Astrocytoma, IDH-mutant, CNS WHO grade 4"	"Astrocytoma, IDH-mutant"	
Release 47 liftover	"Astrocytoma, IDH-mutant, CNS WHO grade 4 (CDKN2A loss by FISH)"	"Astrocytoma, IDH-mutant"	
Release 47 liftover	"Astrocytoma, IDH-Mutant, WHO Grade 2"	"Astrocytoma, IDH-mutant"	
Release 47 liftover	Astroglial neoplasm	"Gliomas, Glioneuronal Tumors, and Neuronal Tumors, NOS"	
Release 47 liftover	"Astroyctoma, IDH1 Arg132Ser, CNS WHO grade 4"	"Astrocytoma, NOS"	
Release 47 liftover	At least low-grade spindle cell neoplasm	"Neoplasm, NOS"	
Release 47 liftover	Atypical astrocytoma with pleomorphism and scattered mitotic activity	"Astrocytoma, NOS"	
Release 47 liftover	Atypical cellular proliferation with clear features	Unknown	
Release 47 liftover	Atypical central neurocytoma	Central neurocytoma	
Release 47 liftover	Atypical choroid plexus papilloma (CNS WHO grade 2)	Atypical choroid plexus papilloma	
Release 47 liftover	Atypical Choroid Plexus Papilloma (WHO Grade 2)	Atypical choroid plexus papilloma	
Release 47 liftover	Atypical choroid plexus papilloma CNS WHO grade 2	Atypical choroid plexus papilloma	
Release 47 liftover	Atypical choroid plexus papilloma vs carcinoma	Atypical choroid plexus papilloma	
Release 47 liftover	"Atypical choroid plexus papilloma, CNS WHO grade 2"	Atypical choroid plexus papilloma	
Release 47 liftover	"Atypical choroid plexus papilloma, WHO grade 2"	Atypical choroid plexus papilloma	
Release 47 liftover	Atypical chroroid plexus papilloma	Atypical choroid plexus papilloma	
Release 47 liftover	"Atypical compound melanocytic neoplasm, excised"	"Neoplasm, NOS"	
Release 47 liftover	Atypical epithelial neoplasm	"Neoplasm, NOS"	
Release 47 liftover	Atypical glial proliferation and dysmorphic neurons	Unknown	
Release 47 liftover	"Atypical gliosis, favor glial neoplasm with low grade morphologic features"	Unknown	
Release 47 liftover	Atypical lymphoid hyperplasia with a clonal B-cell population identified	Unknown	
Release 47 liftover	Atypical melanocytic tumor consistent with Melanoma	"Neoplasm, NOS"	
Release 47 liftover	"Atypical meningioma, CNS WHO Grade 2"	Atypical meningioma	
Release 47 liftover	"Atypical meningioma, WHO Grade 2"	Atypical meningioma	
Release 47 liftover	"Atypical meningioma,WHO grade 2"	Atypical meningioma	
Release 47 liftover	"Atypical mixed glioneuronal lesion, favor ganglioglioma"	Unknown	
Release 47 liftover	Atypical neurofibromatous neoplasm of uncertain biological potential	"Neoplasm, NOS"	
Release 47 liftover	Atypical papillary neoplasm	"Neoplasm, NOS"	
Release 47 liftover	Atypical rhabdoid teratoid tumor (ATRT)	Atypical teratoid/rhabdoid tumor	
Release 47 liftover	"Atypical rhabdoid/teratoid tumor, WHO grade 4"	Atypical teratoid/rhabdoid tumor	
Release 47 liftover	Atypical smooth muscle neoplasm	"Neoplasm, NOS"	
Release 47 liftover	Atypical spindle cell proliferation	Unknown	
Release 47 liftover	Atypical spindled and epithelioid neoplasm	"Epithelioid Neoplasm, NOS"	
Release 47 liftover	Atypical spitz tumor	"Neoplasm, NOS"	
Release 47 liftover	Atypical spitz tumor with NTRK1 fusion	"Neoplasm, NOS"	
Release 47 liftover	Atypical spitz tumor/spitz melanocytoma	Spitz Melanocytoma	
Release 47 liftover	Atypical teratoid rhabdoid tumor	Atypical teratoid/rhabdoid tumor	
Release 47 liftover	Atypical teratoid rhabdoid tumor (AT/RT)	Atypical teratoid/rhabdoid tumor	
Release 47 liftover	Atypical teratoid rhabdoid tumor CNS WHO GRADE 4	Atypical teratoid/rhabdoid tumor	
Release 47 liftover	Atypical teratoid rhabdoid tumor WHO grade 4	Atypical teratoid/rhabdoid tumor	
Release 47 liftover	"Atypical teratoid rhabdoid tumor, CNS WHO Grade 4"	Atypical teratoid/rhabdoid tumor	
Release 47 liftover	"Atypical teratoid rhabdoid tumor, WHO Grade 4"	Atypical teratoid/rhabdoid tumor	
Release 47 liftover	Atypical teratoid rhaboid tumor	Atypical teratoid/rhabdoid tumor	
Release 47 liftover	Atypical teratoid/ rhabdoid tumor	Atypical teratoid/rhabdoid tumor	
Release 47 liftover	Atypical teratoid/ rhabdoid tumor (WHO grade 4)	Atypical teratoid/rhabdoid tumor	
Release 47 liftover	"Atypical teratoid/ rhabdoid tumor with INI1 loss by immunohistochemistry, WHO grade 4"	Atypical teratoid/rhabdoid tumor	
Release 47 liftover	"Atypical teratoid/ rhabdoid tumor, CNS WHO grade 4"	Atypical teratoid/rhabdoid tumor	
Release 47 liftover	"Atypical teratoid/ rhabdoid tumor, CNS WHO grade IV"	Atypical teratoid/rhabdoid tumor	
Release 47 liftover	"Atypical teratoid/ rhabdoid tumor, WHO grade 4"	Atypical teratoid/rhabdoid tumor	
Release 47 liftover	Atypical teratoid/rhabdoid	Atypical teratoid/rhabdoid tumor	
Release 47 liftover	Atypical teratoid/rhabdoid tumor	Atypical teratoid/rhabdoid tumor	
Release 47 liftover	Atypical Teratoid/Rhabdoid Tumor (AT/RT)	Atypical teratoid/rhabdoid tumor	
Release 47 liftover	"Atypical teratoid/rhabdoid tumor (AT/RT), CNS WHO Grade 4"	Atypical teratoid/rhabdoid tumor	
Release 47 liftover	"Atypical teratoid/rhabdoid tumor (AT/RT), WHO grade 4"	Atypical teratoid/rhabdoid tumor	
Release 47 liftover	"Atypical teratoid/Rhabdoid tumor (AT/RT), WHO Grade IV"	Atypical teratoid/rhabdoid tumor	
Release 47 liftover	Atypical teratoid/rhabdoid tumor CNS WHO grade 4	Atypical teratoid/rhabdoid tumor	
Release 47 liftover	Atypical teratoid/rhabdoid tumor involving posterior fossa	Atypical teratoid/rhabdoid tumor	
Release 47 liftover	Atypical teratoid/rhabdoid tumor WHO grade 4	Atypical teratoid/rhabdoid tumor	
Release 47 liftover	"Atypical teratoid/rhabdoid tumor, CNS WHO 2021 grade: 4"	Atypical teratoid/rhabdoid tumor	
Release 47 liftover	"Atypical teratoid/rhabdoid tumor, CNS WHO grade 4"	Atypical teratoid/rhabdoid tumor	
Release 47 liftover	"Atypical teratoid/rhabdoid tumor, INI1/SMARCB1-altered, WHO grade 4"	Atypical teratoid/rhabdoid tumor	
Release 47 liftover	"Atypical teratoid/rhabdoid tumor, WHO grade 4"	Atypical teratoid/rhabdoid tumor	
Release 47 liftover	"Atypical teratoid/rhabdoid tumor, WHO Grade IV"	Atypical teratoid/rhabdoid tumor	
Release 47 liftover	Atypical teratoid/rhabdoid tumor; CNS WHO grade 4	Atypical teratoid/rhabdoid tumor	
Release 47 liftover	"Atypical teratoid/rhabdoid tumour, CNS WHO Grade 4"	Atypical teratoid/rhabdoid tumor	
Release 47 liftover	Atypical teratoid/Rhaboid tumor	Atypical teratoid/rhabdoid tumor	
Release 47 liftover	Atypical teratoid-rhabdoid tumor	Atypical teratoid/rhabdoid tumor	
Release 47 liftover	Atypical teratoid-rhabdoid tumor (WHO grade 4)	Atypical teratoid/rhabdoid tumor	
Release 47 liftover	"Atypical teratoid-rhabdoid tumor, cerebellopontine angle tumor"	Atypical teratoid/rhabdoid tumor	
Release 47 liftover	"Atypical teratoid-rhabdoid tumor, CNS WHO 4"	Atypical teratoid/rhabdoid tumor	
Release 47 liftover	"Atypical teratoid-rhabdoid tumor, CNS WHO Grade 4"	Atypical teratoid/rhabdoid tumor	
Release 47 liftover	"Atypical teratoid-rhabdoid tumor, WHO grade 4"	Atypical teratoid/rhabdoid tumor	
Release 47 liftover	Atypical Tetroid/Rhabdoid Tumor WHO grade 4	Atypical teratoid/rhabdoid tumor	
Release 47 liftover	"Aytpical teratoid/rhabdoid tumor (AT/RT), WHO grade 4"	Atypical teratoid/rhabdoid tumor	
Release 47 liftover	BCOR-rearranged sarcoma	Sarcoma with BCOR genetic alterations	
Release 47 liftover	Benign solitary fibrous tumor	Solitary fibrous tumor	
Release 47 liftover	bilateral bone marrow involvement by metastatic tumor	"Metastatic Tumor, NOS"	
Release 47 liftover	Biphasic high-grade sarcoma	High Grade Sarcoma	
Release 47 liftover	Biphasic synovial sarcoma	"Synovial sarcoma, biphasic"	
Release 47 liftover	Biphasic synovial sarcoma with poorly differentiated foci	"Synovial sarcoma, biphasic"	
Release 47 liftover	Bland myofibroblastic proliferation with associated florid lymphoplasmacytic inflammation	Unknown	
Release 47 liftover	"Blue cell tumor, favor medulloblastoma"	"Neoplasm, NOS"	
Release 47 liftover	"Blue round cell tumor, favor medulloblastoma"	"Neoplasm, NOS"	
Release 47 liftover	BRAF altered mesenchymal neoplasm	"Mesenchymal Tumor, NOS"	
Release 47 liftover	"BRAF V600E Mutant low grade glial or glioneuronal tumor, Ganglioglioma favored"	"Gliomas, Glioneuronal Tumors, and Neuronal Tumors, NOS"	
Release 47 liftover	BRAF V600E mutated glioneuronal tumor	"Gliomas, Glioneuronal Tumors, and Neuronal Tumors, NOS"	
Release 47 liftover	"Brain lesion, CNS neoplasm"	"Neoplasm, NOS"	
Release 47 liftover	Brain mass	Unknown	
Release 47 liftover	"Brain mass, ventricular tumor"	"Brain Tumor, NOS"	
Release 47 liftover	"Brain Neoplasm, favor ependymoma"	"Brain Tumor, NOS"	
Release 47 liftover	"Brain parenchyma with mild hypercellularity, gliosis and possible cortical dysplasia"	Unknown	
Release 47 liftover	Brain stem tumor. high grade glioma	"High-grade glioma, NOS or NEC"	
Release 47 liftover	Brain tumor	"Brain Tumor, NOS"	
Release 47 liftover	"Brain tumor - cellular neoplasm, possibly glioneuronal"	"Brain Tumor, NOS"	
Release 47 liftover	Brain tumor consistent with ependymoma	"Brain Tumor, NOS"	
Release 47 liftover	Brain Tumor neoplastic tissue	"Brain Tumor, NOS"	
Release 47 liftover	Brain tumor with features most suggestive of ependymoma	"Brain Tumor, NOS"	
Release 47 liftover	"Brain tumor, cellular neoplasm"	"Brain Tumor, NOS"	
Release 47 liftover	"Brain tumor, Chronic-reactive gliosis"	"Brain Tumor, NOS"	
Release 47 liftover	"Brain tumor, favor Ependymoma"	"Brain Tumor, NOS"	
Release 47 liftover	"Brain tumor, favor glioma low grade"	"Brain Tumor, NOS"	
Release 47 liftover	"Brain tumor, favor pilocytic astrocytoma"	"Brain Tumor, NOS"	
Release 47 liftover	"Brain tumor, ganglioneuronal lesion"	"Neoplasm, NOS"	
Release 47 liftover	"Brain tumor, Hypercellular glial tissue"	"Brain Tumor, NOS"	
Release 47 liftover	"Brain tumor, Lesional tissue with epithelioid morphology"	"Neoplasm, NOS"	
Release 47 liftover	"Brain tumor, low grade glial neoplasm"	"Brain Tumor, NOS"	
Release 47 liftover	"Brain tumor, low grade neuroepithelial lesion"	"Neoplasm, NOS"	
Release 47 liftover	"Brain tumor, Medulloblastoma"	Medulloblastoma	
Release 47 liftover	"Brain tumor, parietal region"	"Brain Tumor, NOS"	
Release 47 liftover	"Brain tumor, pilocytic astrocytoma"	Pilocytic astrocytoma	
Release 47 liftover	Brain tumor. Small round blue cell tumor	"Brain Tumor, NOS"	
Release 47 liftover	Brain tumor: Myxoid round blue cell tumor	"Brain Tumor, NOS"	
Release 47 liftover	Brain Tumor: Neoplastic tissue present	"Brain Tumor, NOS"	
Release 47 liftover	"Brain, cerebellum, excision: diagnostic tissue present, likely tumor"	Unknown	
Release 47 liftover	"Brain, High grade lesion"	Unknown	
Release 47 liftover	"Brain, intraventricular tumor"	"Brain Tumor, NOS"	
Release 47 liftover	"Brain, Midline supracellar"	Unknown	
Release 47 liftover	"Brain, Midline supracellar; Diffuse leptomeningeal glioneuronal tumor"	"Gliomas, Glioneuronal Tumors, and Neuronal Tumors, NOS"	
Release 47 liftover	"Brain, posterior fossa tumor"	"Brain Tumor, NOS"	
Release 47 liftover	"Brain, right cerebellar tumor"	"Brain Tumor, NOS"	
Release 47 liftover	"Brain, right frontal lobe cellular tumor"	"Brain Tumor, NOS"	
Release 47 liftover	"Brain, right temporal tumor"	"Brain Tumor, NOS"	
Release 47 liftover	"Brain, temporal lobe brain tumor - Lesional tissue present"	"Neoplasm, NOS"	
Release 47 liftover	"Brain, thalamus, diffuse midline glioma"	"Diffuse midline glioma, NOS"	
Release 47 liftover	Calcifying nested stromal-epithelial tumor with central interface-type necrosis	Calcifying nested stromal-epithelial tumor	
Release 47 liftover	Carcinoid tumor	"Neuroendocrine tumor, NOS"	
Release 47 liftover	"Carcinoma of thyroid, papillary carcinoma"	Papillary Thyroid Carcinoma	
Release 47 liftover	Carcinoma with signet ring features	Signet ring cell carcinoma	
Release 47 liftover	Cellular astrocytoma	"Astrocytoma, NOS"	
Release 47 liftover	Cellular astrocytoma with high grade features	"Astrocytoma, NOS"	
Release 47 liftover	"Cellular brain lesion, favor pilocytic astrocytoma"	Unknown	
Release 47 liftover	Cellular ependymoma	"Ependymoma, NOS"	
Release 47 liftover	Cellular glial neoplasm	"Gliomas, Glioneuronal Tumors, and Neuronal Tumors, NOS"	
Release 47 liftover	Cellular glial neoplasm with necrosis	"Gliomas, Glioneuronal Tumors, and Neuronal Tumors, NOS"	
Release 47 liftover	"Cellular kidney tumor, most consistent with mesoblastic nephroma, mixed variant"	"Kidney Tumor, NOS"	
Release 47 liftover	"Cellular lesion, favor embryonal tumor"	Unknown	
Release 47 liftover	"Cellular lesion, favor embryonal tumor; possible ependymoma"	Unknown	
Release 47 liftover	Cellular mesenchymal neoplasm	"Mesenchymal Tumor, NOS"	
Release 47 liftover	Cellular myofibroblastic tumor with infiltrative/plexiform growth pattern	"Myofibroblastic tumor, NOS"	
Release 47 liftover	Cellular neoplasm	"Neoplasm, NOS"	
Release 47 liftover	Cellular neoplasm with melanocytic differentiation and angiomatous changes.	"Neoplasm, NOS"	
Release 47 liftover	"Cellular neoplasm with patchy ependymal-type differentiation, favor posterior fossa ependymoma"	"Neoplasm, NOS"	
Release 47 liftover	Cellular neoplasm with pseudorosettes	"Neoplasm, NOS"	
Release 47 liftover	"Cellular neoplasm, favor meningioma"	"Neoplasm, NOS"	
Release 47 liftover	"Cellular neoplasm, favor sarcoma"	"Neoplasm, NOS"	
Release 47 liftover	"Cellular neoplasm, favor supratentorial ependymoma"	"Neoplasm, NOS"	
Release 47 liftover	Cellular neoplasm; favor high grade	"Neoplasm, NOS"	
Release 47 liftover	Cellular schwannoma	Schwannoma	
Release 47 liftover	Cellular spindle cell neoplasm	"Neoplasm, NOS"	
Release 47 liftover	"Cellular tumor with vascular structures, favors ependymoma"	"Neoplasm, NOS"	
Release 47 liftover	"Cellular tumor, favor ependymoma"	"Neoplasm, NOS"	
Release 47 liftover	Cellular well-differentiated liposarcoma	"Liposarcoma, NOS"	
Release 47 liftover	"Cellular, pleomorphic neoplasm, favor glial"	"Neoplasm, NOS"	
Release 47 liftover	Central nervous system tumor with high grade histological features	"Neoplasm, NOS"	
Release 47 liftover	"Central Neurocytoma, CNS WHO Grade 2"	Central neurocytoma	
Release 47 liftover	"Central neurocytoma, WHO Grade 2"	Central neurocytoma	
Release 47 liftover	Cerebellar mass	"Neoplasm, NOS"	
Release 47 liftover	Cerebellar tumor	"Brain Tumor, NOS"	
Release 47 liftover	Cerebellar tumor. Small blue cell tumor	"Brain Tumor, NOS"	
Release 47 liftover	"Cerebellar tumor: High-grade, small blue round cell tumor"	"Brain Tumor, NOS"	
Release 47 liftover	Cerebellopontine angle tumor	"Brain Tumor, NOS"	
Release 47 liftover	cervical	Unknown	
Release 47 liftover	Cervical embryonal rhabdomyosarcoma	Embryonal Rhabdomyosarcoma	
Release 47 liftover	"Cervical spine tumor, Meningioma"	Meningioma	
Release 47 liftover	Cervical thoracic Spinal cord tumor.Ependymoma with High-grade features	"Ependymoma, NOS"	
Release 47 liftover	cervical; INI1-Deficient hematological malignancy	"Neoplasm, NOS"	
Release 47 liftover	Childhood / pre-pubertal immature teratoma	"Teratoma, NOS"	
Release 47 liftover	Chordoma (including poorly differentiated chordoma)	Chordoma	
Release 47 liftover	Choroid plexus carcinoma (WHO Grade 3)	Choroid plexus carcinoma	
Release 47 liftover	Choroid plexus carcinoma CNS WHO grade 3	Choroid plexus carcinoma	
Release 47 liftover	Choroid plexus carcinoma TP53 altered CNS WHO grade 3	Choroid plexus carcinoma	
Release 47 liftover	Choroid plexus carcinoma WHO grade 3	Choroid plexus carcinoma	
Release 47 liftover	"Choroid plexus carcinoma, CNS Who grade 3"	Choroid plexus carcinoma	
Release 47 liftover	"Choroid plexus carcinoma, TP53 mutant"	Choroid plexus carcinoma	
Release 47 liftover	"Choroid plexus carcinoma, TP53-altered, CNS WHO grade 3"	Choroid plexus carcinoma	
Release 47 liftover	"Choroid plexus carcinoma, WHO CNS grade 3"	Choroid plexus carcinoma	
Release 47 liftover	"Choroid plexus carcinoma, WHO grade 3"	Choroid plexus carcinoma	
Release 47 liftover	Choroid plexus neoplasm	Choroid plexus tumor	
Release 47 liftover	"Choroid plexus neoplasm, consistent with choroid plexus carcinoma CNS WHO grade 3"	Choroid plexus tumor	
Release 47 liftover	"Choroid plexus neoplasm, favor atypia choroid plexus papilloma"	Choroid plexus tumor	
Release 47 liftover	"Choroid plexus neoplasm, favor choroid plexus papilloma"	Choroid plexus tumor	
Release 47 liftover	Choroid plexus papillary tumor	Choroid plexus papilloma	
Release 47 liftover	Choroid plexus papilloma (WHO grade 1)	Choroid plexus papilloma	
Release 47 liftover	Choroid plexus papilloma versus atypical choroid plexus papilloma pending neuro pathology review	Choroid plexus papilloma	
Release 47 liftover	Choroid plexus papilloma WHO grade 1	Choroid plexus papilloma	
Release 47 liftover	Choroid plexus papilloma with focal atypia	Choroid plexus papilloma	
Release 47 liftover	"Choroid plexus papilloma, CNS WHO Grade 1"	Choroid plexus papilloma	
Release 47 liftover	"Choroid plexus papilloma, negative for atypia and malignancy"	Choroid plexus papilloma	
Release 47 liftover	"Choroid plexus papilloma, WHO Grade 1"	Choroid plexus papilloma	
Release 47 liftover	"Choroid Plexus Papilloma, Who grade 2"	Choroid plexus papilloma	
Release 47 liftover	Choroidal tissue consistent with choroid plexus papilloma	Unknown	
Release 47 liftover	CIC-DUX4 fusion positive round cell sarcoma	"Sarcoma, NOS"	
Release 47 liftover	CIC-DUX4 Sarcoma	"Sarcoma, NOS"	
Release 47 liftover	CIC-rearranged round cell sarcoma	CNS CIC-rearranged Sarcoma	
Release 47 liftover	Circumscribed astrocytic neoplasm with piloid features	"Neoplasm, NOS"	
Release 47 liftover	Circumscribed astrocytic tumor	"Neoplasm, NOS"	
Release 47 liftover	Circumscribed glioneuronal neoplasm with high grade features	"Gliomas, Glioneuronal Tumors, and Neuronal Tumors, NOS"	
Release 47 liftover	"Circumscribed melanocytic neoplasm, intermediate grade"	"Neoplasm, NOS"	
Release 47 liftover	"Classic Ependymoma, Posterior fossa group A by Immunohistochemistry"	Posterior Fossa Group A (PFA) Ependymoma	
Release 47 liftover	Classic medulloblastoma	Medulloblastoma	
Release 47 liftover	"Classic medulloblastoma, CNS WHO Grade 4"	Medulloblastoma	
Release 47 liftover	"Classic medulloblastoma, histologically WHO grade 4"	Medulloblastoma	
Release 47 liftover	"Classic medulloblastoma, WHO Grade 4"	Medulloblastoma	
Release 47 liftover	Classical papillary thyroid carcinoma	Papillary Thyroid Carcinoma	
Release 47 liftover	"Clear cell meningioma, CNS WHO grade 2"	Clear cell meningioma	
Release 47 liftover	"Clear cell meningioma, WHO grade 2"	Clear cell meningioma	
Release 47 liftover	Clear cell sarcoma of soft tissue	Clear Cell Sarcoma	
Release 47 liftover	Clear cell sarcoma of soft tissue with EWSR1:CREB1 fusion	Clear Cell Sarcoma	
Release 47 liftover	"Clear-cell meningioma, WHO grade 2"	Clear cell meningioma	
Release 47 liftover	Clear-cell sarcoma	Clear Cell Sarcoma	
Release 47 liftover	CNS embryonal neoplasm looks like ependymoma	"CNS embryonal tumor, NOS"	
Release 47 liftover	"CNS embryonal neoplasm, favor embryonal tumor with multilayered rosettes (ETMR)"	"CNS embryonal tumor, NOS"	
Release 47 liftover	CNS embryonal tumor	"CNS embryonal tumor, NOS"	
Release 47 liftover	CNS Embryonal tumor - small round blue cell tumor	"CNS embryonal tumor, NOS"	
Release 47 liftover	"CNS Embryonal tumor (primitive neuroectodermal tumor), CNS WHO grade 4"	"CNS embryonal tumor, NOS"	
Release 47 liftover	CNS Embryonal tumor NOS	"CNS embryonal tumor, NOS"	
Release 47 liftover	"CNS embryonal tumor NOS, CNS WHO grade IV"	"CNS embryonal tumor, NOS"	
Release 47 liftover	"CNS embryonal tumor, morphologically aligning best with pineoblastoma, CNS WHO Grade 4"	"CNS embryonal tumor, NOS"	
Release 47 liftover	"CNS embryonal tumor, NOS or NEC"	"CNS Embryonal Tumor, NEC/NOS"	
Release 47 liftover	"CNS embryonal tumor, NOS; WHO Grade IV"	"CNS embryonal tumor, NOS"	
Release 47 liftover	"CNS Embyronal Tumor, NOS"	"CNS Embryonal Tumor, NEC/NOS"	
Release 47 liftover	CNS high grade neuroepithelial neoplasm	"Gliomas, Glioneuronal Tumors, and Neuronal Tumors, NOS"	
Release 47 liftover	CNS neoplasm	"Neoplasm, NOS"	
Release 47 liftover	"CNS neuroblastoma, CNS WHO grade 4"	Neuroblastoma	
Release 47 liftover	"CNS Neuroblastoma, FOXR-2Activated (WHO Grade 4)"	"CNS neuroblastoma, FOXR2-activated"	
Release 47 liftover	CNS Tumor with BCOR-internal tandem duplication	CNS tumor with BCOR internal tandem duplication	
Release 47 liftover	CNS WHO grade 4	Unknown	
Release 47 liftover	Colorectal adenocarcinoma	"Adenocarcinoma, NOS"	
Release 47 liftover	Combined capillary-venous vascular malformation	Unknown	
Release 47 liftover	Compact neoplasm with mesenchymal features	"Neoplasm, NOS"	
Release 47 liftover	compatible with medulloblastoma	Unknown	
Release 47 liftover	Compatible with myxopapillary ependymoma	Unknown	
Release 47 liftover	Compatible with small blue cell tumor	Unknown	
Release 47 liftover	Compatible with small blue cell tumor; favor primary CNS origin	"Neoplasm, NOS"	
Release 47 liftover	Complex neuroepithelial neoplasm	"Gliomas, Glioneuronal Tumors, and Neuronal Tumors, NOS"	
Release 47 liftover	Composite neuroblastoma	Neuroblastoma	
Release 47 liftover	Composite pheochromocytoma and neuroblastoma tumor	"Neuroendocrine tumor, NOS"	
Release 47 liftover	Compound Clear cell sarcoma	Clear Cell Sarcoma	
Release 47 liftover	Compound melanocytic neoplasm	"Neoplasm, NOS"	
Release 47 liftover	"Congenital, pediatricy type spindle/sclerosing rhabdomyosarcoma"	Spindle Cell/Sclerosing Rhabdomyosarcoma	
Release 47 liftover	Consider embryonal tumor or poorly differentiated glioma	Unknown	
Release 47 liftover	"Consistent with choroid plexus carcinoma, WHO Grade 3"	Unknown	
Release 47 liftover	consistent with CNS embryonal tumor	Unknown	
Release 47 liftover	Consistent with craniopharyngioma	Unknown	
Release 47 liftover	"Consistent with craniopharyngioma, WHO grade 1"	Unknown	
Release 47 liftover	"Consistent with demosplastic myoxid tumor, SMARCA1 deficient"	Unknown	
Release 47 liftover	Consistent with desmoid fibromatosis	Unknown	
Release 47 liftover	Consistent with desmoplastic small round cell tumor	Unknown	
Release 47 liftover	"Consistent with diffuse midline glioma, H3 K27-altered"	Unknown	
Release 47 liftover	Consistent with dysembryoplastic neuroepithelial tumor	Unknown	
Release 47 liftover	"Consistent with embryonal tumor, such as medulloblastoma"	Unknown	
Release 47 liftover	"Consistent with glial neoplasm, pending additional testing"	Unknown	
Release 47 liftover	"Consistent with high grade astrocytoma, IDH wild type"	Unknown	
Release 47 liftover	"Consistent with medulloblastoma, CNS WHO grade 4"	Unknown	
Release 47 liftover	Consistent with Meningioma	Unknown	
Release 47 liftover	"Consistent with neoplasm, morphologically favor low grade astrocytoma"	Unknown	
Release 47 liftover	"Consistent with neuroblastoma, metastatic"	Unknown	
Release 47 liftover	"Consistent with Oligodendroglioma, IDH mutant"	Unknown	
Release 47 liftover	"Consistent with pilocytic astrocytoma, CNS WHO Grade 1"	Unknown	
Release 47 liftover	"Consistent with pilocytic astrocytoma, WHO Grade 1"	Unknown	
Release 47 liftover	"Consistent with Pineoblastoma, WHO Grade 4"	Unknown	
Release 47 liftover	Consistent with primitive neuroectodermal tumor (PNET).	Unknown	
Release 47 liftover	consistent with rhabdomyosarcoma	Unknown	
Release 47 liftover	Consistent with thymoma	Unknown	
Release 47 liftover	Consistent with vascular anomaly	Unknown	
Release 47 liftover	Craniopharyngioma	"Craniopharyngioma, NOS"	
Release 47 liftover	Craniopharyngioma (WHO Grade I)	"Craniopharyngioma, NOS"	
Release 47 liftover	Craniopharyngioma adamantinomatous	"Craniopharyngioma, adamantinomatous"	
Release 47 liftover	Craniopharyngioma adamantinomatous type WHO Grade 1	"Craniopharyngioma, adamantinomatous"	
Release 47 liftover	"Craniopharyngioma, adamantinomatous subtype"	"Craniopharyngioma, adamantinomatous"	
Release 47 liftover	"Craniopharyngioma, adamantinomatous subtype, CNS WHO grade 1"	"Craniopharyngioma, adamantinomatous"	
Release 47 liftover	"Craniopharyngioma, adamantinomatous type"	"Craniopharyngioma, adamantinomatous"	
Release 47 liftover	"Craniopharyngioma, adamantinomatous type, CNS WHO grade 1"	"Craniopharyngioma, adamantinomatous"	
Release 47 liftover	"Craniopharyngioma, adamantinomatous type, WHO grade 1"	"Craniopharyngioma, adamantinomatous"	
Release 47 liftover	"Craniopharyngioma, adamantinomatous variant, CNS WHO grade 1"	"Craniopharyngioma, adamantinomatous"	
Release 47 liftover	"Craniopharyngioma, WHO Grade 1"	"Craniopharyngioma, NOS"	
Release 47 liftover	"Cystic pleuropulmonary blastoma, type 1"	Pleuropulmonary blastoma	
Release 47 liftover	"Densely cellular blue cell tumor, consistent with medulloblastoma"	"Neoplasm, NOS"	
Release 47 liftover	"Densely cellular small round blue cell lesion, embryonal tumor"	"Embryonal Tumors, NOS"	
Release 47 liftover	"Densely cellular small round blue cell lesion, embryonal tumor; favor medulloblastoma"	"Embryonal Tumors, NOS"	
Release 47 liftover	Densely cellular tumor with dyscohesive cells	"Neoplasm, NOS"	
Release 47 liftover	"Densely cellular, high-grade tumor, favor embryonal tumor, high-grade glioma less likely"	"Neoplasm, malignant"	
Release 47 liftover	Dermatofibrosarcoma protuberans (DFSP)	Dermatofibrosarcoma Protuberans	
Release 47 liftover	Dermatofibrosarcoma protuberans with myxoid changes	Dermatofibrosarcoma Protuberans	
Release 47 liftover	Desmoid fibromatosis with CTNNB1 gene mutation	Desmoid Fibromatosis	
Release 47 liftover	Desmoid tumor	Desmoid Fibromatosis	
Release 47 liftover	Desmoid type fibromatosis	Desmoid Fibromatosis	
Release 47 liftover	Desmoid type fibromatosis (desmoid tumor)	Desmoid Fibromatosis	
Release 47 liftover	Desmoid/fibromatosis	Desmoid Fibromatosis	
Release 47 liftover	Desmoid-type fibromatosis	Desmoid Fibromatosis	
Release 47 liftover	Desmoplastic	Unknown	
Release 47 liftover	Desmoplastic infantile ganglioglioma	Desmoplastic infantile ganglioglioma / desmoplastic infantile astrocytoma	
Release 47 liftover	Desmoplastic infantile ganglioglioma CNS WHO grade 1	Desmoplastic infantile ganglioglioma / desmoplastic infantile astrocytoma	
Release 47 liftover	"Desmoplastic infantile ganglioglioma, WHO Grade 1"	Desmoplastic infantile ganglioglioma / desmoplastic infantile astrocytoma	
Release 47 liftover	Desmoplastic infantile ganglioglioma/ Desmoplastic infantile astrocytoma	Desmoplastic infantile ganglioglioma / desmoplastic infantile astrocytoma	
Release 47 liftover	Desmoplastic medulloblastoma	Desmoplastic nodular medulloblastoma	
Release 47 liftover	"Desmoplastic round blue cell tumor, EWSR1-WT1 fusion positive"	"Neoplasm, NOS"	
Release 47 liftover	Desmoplastic/Nodular Medulloblastoma	Desmoplastic nodular medulloblastoma	
Release 47 liftover	"Desmoplastic/nodular medulloblastoma (histologically defined), CNS WHO grade 4"	Desmoplastic nodular medulloblastoma	
Release 47 liftover	"Desmoplastic/nodular medulloblastoma with diffuse anaplasia, WHO CNS Grade IV"	Desmoplastic nodular medulloblastoma	
Release 47 liftover	"Desmoplastic/nodular medulloblastoma, CNS WHO grade 4"	Desmoplastic nodular medulloblastoma	
Release 47 liftover	"Desmoplastic/nodular medulloblastoma, histologically defined, CNS WHO grade 4"	Desmoplastic nodular medulloblastoma	
Release 47 liftover	DFSP Tumor	Dermatofibrosarcoma Protuberans	
Release 47 liftover	differential diagnosis includes medulloblastoma	Unknown	
Release 47 liftover	differential includes pilocytic astrocytoma	Unknown	
Release 47 liftover	Differential may include meningioma or glial neoplasm	Unknown	
Release 47 liftover	Differentiating neuroblastoma	Neuroblastoma	
Release 47 liftover	"Differentiating neuroblastoma, schwannian stroma poor, favorable histology group"	Neuroblastoma	
Release 47 liftover	"Differentiating neuroblastoma, with low mitotic karyorrhectic indiex (favorable histology)"	Neuroblastoma	
Release 47 liftover	"Diffuse astocytoma, MIB-altered, CNS WHO Grade 1"	"Astrocytoma, NOS"	
Release 47 liftover	Diffuse astrocytic glioma	"Gliomas, Glioneuronal Tumors, and Neuronal Tumors, NOS"	
Release 47 liftover	Diffuse astrocytic glioma with mitotic activity and necrosis	"Gliomas, Glioneuronal Tumors, and Neuronal Tumors, NOS"	
Release 47 liftover	Diffuse Astrocytic neoplasm	"Neoplasm, NOS"	
Release 47 liftover	Diffuse Astrocytoma	"Astrocytoma, NOS"	
Release 47 liftover	"Diffuse astrocytoma, CNS WHO grade 1"	"Astrocytoma, NOS"	
Release 47 liftover	"Diffuse astrocytoma, MYB or MYBL1-altered, CNS WHO grade 1"	"Diffuse astrocytoma, MYB- or MYBL1-altered"	
Release 47 liftover	"Diffuse astrocytoma, MYB-altered, CNS WHO grade 1."	"Diffuse astrocytoma, MYB- or MYBL1-altered"	
Release 47 liftover	"Diffuse glial lesion, overall, favor diffuse low grade (glioma)"	Unknown	
Release 47 liftover	Diffuse Glioma	"Gliomas, Glioneuronal Tumors, and Neuronal Tumors, NOS"	
Release 47 liftover	Diffuse glioma CNS WHO grade 2	"Gliomas, Glioneuronal Tumors, and Neuronal Tumors, NOS"	
Release 47 liftover	Diffuse glioma high-grade	"Gliomas, Glioneuronal Tumors, and Neuronal Tumors, NOS"	
Release 47 liftover	Diffuse glioma with abundant rosenthal fibers	"Gliomas, Glioneuronal Tumors, and Neuronal Tumors, NOS"	
Release 47 liftover	Diffuse glioma with scattered mitoses	"Gliomas, Glioneuronal Tumors, and Neuronal Tumors, NOS"	
Release 47 liftover	"Diffuse glioma, astrocytic phenotype"	"Gliomas, Glioneuronal Tumors, and Neuronal Tumors, NOS"	
Release 47 liftover	"Diffuse glioma, CNS WHO grade 4"	"Gliomas, Glioneuronal Tumors, and Neuronal Tumors, NOS"	
Release 47 liftover	"Diffuse glioma, favor high grade"	"Gliomas, Glioneuronal Tumors, and Neuronal Tumors, NOS"	
Release 47 liftover	"Diffuse glioma, H3-wildtype"	"Gliomas, Glioneuronal Tumors, and Neuronal Tumors, NOS"	
Release 47 liftover	"Diffuse glioma, high grade"	"Gliomas, Glioneuronal Tumors, and Neuronal Tumors, NOS"	
Release 47 liftover	"Diffuse glioma, histologically low grade"	"Gliomas, Glioneuronal Tumors, and Neuronal Tumors, NOS"	
Release 47 liftover	"Diffuse glioma, infiltrating gray matter"	"Gliomas, Glioneuronal Tumors, and Neuronal Tumors, NOS"	
Release 47 liftover	"Diffuse glioma, with focal areas concerning for high grade, at least Grade 3"	"Gliomas, Glioneuronal Tumors, and Neuronal Tumors, NOS"	
Release 47 liftover	Diffuse glioneuronal tumor	"Gliomas, Glioneuronal Tumors, and Neuronal Tumors, NOS"	
Release 47 liftover	Diffuse hemispheric glioma	"Gliomas, Glioneuronal Tumors, and Neuronal Tumors, NOS"	
Release 47 liftover	Diffuse Hemispheric glioma CNS WHO grade 4	"Gliomas, Glioneuronal Tumors, and Neuronal Tumors, NOS"	
Release 47 liftover	"Diffuse hemispheric glioma, H3 G34 mutant, CNS WHO grade 4"	"Diffuse Hemispheric Glioma, H3 G34-mutant"	
Release 47 liftover	"Diffuse hemispheric glioma, H3 G34-mutant, CNS WHO Grade 4"	"Diffuse Hemispheric Glioma, H3 G34-mutant"	
Release 47 liftover	"Diffuse hemispheric glioma, H3 G34-mutant, WHO grade 4"	"Diffuse Hemispheric Glioma, H3 G34-mutant"	
Release 47 liftover	"Diffuse hemispheric glioma, H3 G34R-mutant (IHC), CNS WHO grade 4"	"Diffuse Hemispheric Glioma, H3 G34-mutant"	
Release 47 liftover	Diffuse hemispheric high-grade glioma	"High-grade glioma, NOS or NEC"	
Release 47 liftover	Diffuse high grade glioma	"High-grade glioma, NOS or NEC"	
Release 47 liftover	"Diffuse High Grade Glioma, WHO Grade 4"	"High-grade glioma, NOS or NEC"	
Release 47 liftover	Diffuse high-grade glioma	"High-grade glioma, NOS or NEC"	
Release 47 liftover	"Diffuse high-grade glioma, CNS WHO grade 4"	"High-grade glioma, NOS or NEC"	
Release 47 liftover	"Diffuse high-grade glioma, H3-wildtype and IDH-wildtype"	"High-grade glioma, NOS or NEC"	
Release 47 liftover	"Diffuse high-grade glioma, involving cerebral cortex and white matter"	"High-grade glioma, NOS or NEC"	
Release 47 liftover	Diffuse high-grade malignancy	"Neoplasm, malignant"	
Release 47 liftover	"Diffuse infiltrating astrocytoma, H3-wildtype and IDH-wildtype, CNS WHO Grade 3"	"Astrocytoma, NOS"	
Release 47 liftover	Diffuse infiltrating glial neoplasm	"Gliomas, Glioneuronal Tumors, and Neuronal Tumors, NOS"	
Release 47 liftover	Diffuse leptomeningeal glioneuronal tumor	"Gliomas, Glioneuronal Tumors, and Neuronal Tumors, NOS"	
Release 47 liftover	Diffuse leptomeningeal melanocytic neoplasm	"Neoplasm, NOS"	
Release 47 liftover	Diffuse low grade glioma	"Low-grade glioma, NOS or NEC"	
Release 47 liftover	"Diffuse low grade neuroepithelial tumor, with mixed glial and neuronal-type elements"	"Gliomas, Glioneuronal Tumors, and Neuronal Tumors, NOS"	
Release 47 liftover	Diffuse lower grade glioma	"Low-grade glioma, NOS or NEC"	
Release 47 liftover	Diffuse Low-grade Glioma	"Low-grade glioma, NOS or NEC"	
Release 47 liftover	Diffuse midline glioma	"Diffuse midline glioma, NOS"	
Release 47 liftover	Diffuse midline glioma (Diffuse intrinsic Pontine glioma)	Diffuse intrinsic pontine glioma	
Release 47 liftover	"Diffuse midline glioma (DMG), H3 K27-altered"	"Diffuse Midline Glioma, H3 K27-altered"	
Release 47 liftover	"Diffuse midline glioma (DMG), H3 K27-altered (by IHC)"	"Diffuse Midline Glioma, H3 K27-altered"	
Release 47 liftover	Diffuse midline glioma CNS WHO grade 4	"Diffuse midline glioma, NOS"	
Release 47 liftover	Diffuse Midline Glioma H3 K27 altered CNS WHO grade 4	"Diffuse Midline Glioma, H3 K27-altered"	
Release 47 liftover	Diffuse midline glioma H3 K27-altered WHO grade 4	"Diffuse Midline Glioma, H3 K27-altered"	
Release 47 liftover	Diffuse midline Glioma H3 K27M-Mutant(by IHC) WHO grade 4	"Diffuse midline glioma, H3 K27M-mutant"	
Release 47 liftover	Diffuse midline glioma H3K27-altered WHO grade 4	"Diffuse Midline Glioma, H3 K27-altered"	
Release 47 liftover	Diffuse midline glioma H3K27M	"Diffuse midline glioma, NOS"	
Release 47 liftover	"Diffuse midline glioma H3K27M negative, H3K27me3 mutated"	"Diffuse midline glioma, NOS"	
Release 47 liftover	"Diffuse midline glioma, CNS WHO Grade 4"	"Diffuse midline glioma, NOS"	
Release 47 liftover	"Diffuse midline glioma, H3 K27 altered, WHO Grade 4"	"Diffuse Midline Glioma, H3 K27-altered"	
Release 47 liftover	"Diffuse midline glioma, H3 K27-altered (WHO grade 4)"	"Diffuse Midline Glioma, H3 K27-altered"	
Release 47 liftover	"Diffuse midline glioma, H3 K27-altered CNS WHO grade 4"	"Diffuse Midline Glioma, H3 K27-altered"	
Release 47 liftover	"Diffuse midline glioma, H3 K27-altered, CNS WHO grade 4"	"Diffuse Midline Glioma, H3 K27-altered"	
Release 47 liftover	"Diffuse midline glioma, H3 K27-altered, H3 K27M, WHO grade 4"	"Diffuse Midline Glioma, H3 K27-altered"	
Release 47 liftover	"Diffuse midline glioma, H3 K27-altered, H3 p.K27M-mutant subgroup, CNS WHO grade 4"	"Diffuse midline glioma, H3 K27M-mutant"	
Release 47 liftover	"Diffuse Midline Glioma, H3 K27-altered, WHO Grade 4"	"Diffuse Midline Glioma, H3 K27-altered"	
Release 47 liftover	"Diffuse midline glioma, H3 K27-mutant"	"Diffuse midline glioma, H3 K27M-mutant"	
Release 47 liftover	"Diffuse midline glioma, H3K 27-altered, WHO grade 4"	"Diffuse Midline Glioma, H3 K27-altered"	
Release 47 liftover	"Diffuse midline glioma, H3K27 - altered"	"Diffuse Midline Glioma, H3 K27-altered"	
Release 47 liftover	"Diffuse midline glioma, H3K27 altered, CNS WHO Grade 4"	"Diffuse Midline Glioma, H3 K27-altered"	
Release 47 liftover	"Diffuse midline glioma, H3K27-altered"	"Diffuse Midline Glioma, H3 K27-altered"	
Release 47 liftover	"Diffuse midline glioma, H3K27-altered (WHO grade 4)"	"Diffuse Midline Glioma, H3 K27-altered"	
Release 47 liftover	"Diffuse midline glioma, H3K27M altered, CNS WHO grade 4"	"Diffuse Midline Glioma, H3 K27-altered"	
Release 47 liftover	"Diffuse midline glioma, H3K27M mutant"	"Diffuse midline glioma, H3 K27M-mutant"	
Release 47 liftover	"Diffuse midline glioma, H3K27M mutated by IHC, WHO grade IV"	"Diffuse midline glioma, H3 K27M-mutant"	
Release 47 liftover	"Diffuse midline glioma, H3K27M-mutant, CNS WHO grade 4"	"Diffuse midline glioma, H3 K27M-mutant"	
Release 47 liftover	"Diffuse midline glioma-H3K27M altered, WHO grade 4"	"Diffuse Midline Glioma, H3 K27-altered"	
Release 47 liftover	"Diffuse midline high-grade glioma, H3 K27-altered (CNS WHO grade 4)"	"Diffuse Midline Glioma, H3 K27-altered"	
Release 47 liftover	Diffuse paediatric-type high-grade glioma	"Pediatric-type Diffuse High-grade Gliomas, NOS"	
Release 47 liftover	"Diffuse pediatric high grade glioma, CNS WHO Grade 4"	"Pediatric-type Diffuse High-grade Gliomas, NOS"	
Release 47 liftover	Diffuse pediatric high-grade glioma	"Pediatric-type Diffuse High-grade Gliomas, NOS"	
Release 47 liftover	Diffuse pediatric type high grade glioma	"Pediatric-type Diffuse High-grade Gliomas, NOS"	
Release 47 liftover	"Diffuse pediatric type high-grade glioma, H3-Wild-Type and IDH Wild-type"	"Diffuse Pediatric-type High-grade Glioma, H3-wildtype and IDH-wildtype"	
Release 47 liftover	Diffuse pediatric-type high-grade glioma	"Pediatric-type Diffuse High-grade Gliomas, NOS"	
Release 47 liftover	"Diffuse pediatric-type high-grade glioma, H3-wildtype and IDH-wildtype (CNS WHO Grade 4), with evidence of DNA mismatch repair deficiency"	"Diffuse Pediatric-type High-grade Glioma, H3-wildtype and IDH-wildtype"	
Release 47 liftover	"Diffuse pediatric-type high-grade glioma, H3-wildtype and IDH-wildtype, not elsewhere classified, WHO grade 4"	"Diffuse Pediatric-type High-grade Glioma, H3-wildtype and IDH-wildtype"	
Release 47 liftover	Diffuse poorly differentiated retinoblastoma	Retinoblastoma	
Release 47 liftover	"Diffuse, high grade glial neoplasm"	"Gliomas, Glioneuronal Tumors, and Neuronal Tumors, NOS"	
Release 47 liftover	"Diffuse, low grade neuroepithelial tumor"	"Gliomas, Glioneuronal Tumors, and Neuronal Tumors, NOS"	
Release 47 liftover	Diffused astrocytoma	"Astrocytoma, NOS"	
Release 47 liftover	"Diffusely infiltrating glioma, consistent with diffuse pediatric type high grade glioma"	"Gliomas, Glioneuronal Tumors, and Neuronal Tumors, NOS"	
Release 47 liftover	Diffusely infiltrating high grade astrocytoma	"Astrocytoma, NOS"	
Release 47 liftover	Diffusely infiltrating high grade glioma	"Gliomas, Glioneuronal Tumors, and Neuronal Tumors, NOS"	
Release 47 liftover	Diffusely infiltrative high grade central nervous system tumor	"Neoplasm, malignant"	
Release 47 liftover	Dural Tumor Pediatric-type high grade glioma	"Pediatric-type Diffuse High-grade Gliomas, NOS"	
Release 47 liftover	Dysembroplastic neuroepithelial tumor	Dysembryoplastic neuroepithelial tumor	
Release 47 liftover	Dysembryoplastic neuroepithelial tumor (DNET	Dysembryoplastic neuroepithelial tumor	
Release 47 liftover	Dysembryoplastic neuroepithelial tumor (DNET)	Dysembryoplastic neuroepithelial tumor	
Release 47 liftover	Dysembryoplastic neuroepithelial tumor (DNET; WHO grade 1)	Dysembryoplastic neuroepithelial tumor	
Release 47 liftover	"Dysembryoplastic neuroepithelial tumor (DNT), CNS WHO grade 1"	Dysembryoplastic neuroepithelial tumor	
Release 47 liftover	Dysembryoplastic neuroepithelial tumor WHO CNS grade 1	Dysembryoplastic neuroepithelial tumor	
Release 47 liftover	"Dysembryoplastic neuroepithelial tumor with adjacent cortical dysplasia, WHO grade 1"	Dysembryoplastic neuroepithelial tumor	
Release 47 liftover	"Dysembryoplastic neuroepithelial tumor, CNS WHO grade 1"	Dysembryoplastic neuroepithelial tumor	
Release 47 liftover	"Dysembryoplastic neuroepithelial tumor, WHO grade 1"	Dysembryoplastic neuroepithelial tumor	
Release 47 liftover	Dysembryoplastic neuropithelial tumor	Dysembryoplastic neuroepithelial tumor	
Release 47 liftover	Dysplastic cerebellar gangliocytoma	Gangliocytoma	
Release 47 liftover	Dysplastic cerebellar gangliocytoma of Lhermitte-Duclos	Gangliocytoma	
Release 47 liftover	EBV mediated nasopharyngeal squamous cell carcinoma	"Squamous cell carcinoma, NOS"	
Release 47 liftover	"EBV-negative undifferentiated carcinoma, favour sinonasal undifferentiated carcinoma (SNUC)"	"Carcinoma, NOS"	
Release 47 liftover	"EBV-negative undifferentiated carcinoma, favour sinonasal undifferentiated carcinoma (SNUC);"	"Carcinoma, NOS"	
Release 47 liftover	EBV-positive diffuse large B-cell lymphoma	"Diffuse large B-cell lymphoma, NOS"	
Release 47 liftover	EBV-related squamous cell carcinoma	"Squamous cell carcinoma, NOS"	
Release 47 liftover	Embryonal CNS tumor	"CNS embryonal tumor, NOS"	
Release 47 liftover	Embryonal malignancy with features of embryonal tumor with multilayered rosettes	"Embryonal Tumors, NOS"	
Release 47 liftover	"Embryonal malignancy, favor medulloblastoma"	"Embryonal Tumors, NOS"	
Release 47 liftover	Embryonal neoplasm	"Embryonal Tumors, NOS"	
Release 47 liftover	Embryonal neoplasm consistent with medulloblastoma	"Embryonal Tumors, NOS"	
Release 47 liftover	"Embryonal neoplasm consistent with medulloblastoma, NOS, CNS WHO grade 4"	"Embryonal Tumors, NOS"	
Release 47 liftover	Embryonal neoplasm consistent with pineoblastoma (CNS WHO Grade 4)	"Embryonal Tumors, NOS"	
Release 47 liftover	Embryonal neoplasm most consistent with Medulloblastoma	"Embryonal Tumors, NOS"	
Release 47 liftover	"Embryonal neoplasm most consistent with medulloblastoma, histologically classical type"	"Embryonal Tumors, NOS"	
Release 47 liftover	Embryonal neoplasm most suggestive of medulloblastoma	"Embryonal Tumors, NOS"	
Release 47 liftover	Embryonal neoplasm with epithelial and mesenchymal differentiation	"Embryonal Tumors, NOS"	
Release 47 liftover	Embryonal neoplasm with focal dystrophic calcifications and microvascular proliferation	"Embryonal Tumors, NOS"	
Release 47 liftover	Embryonal neoplasm with focal pleomorphic features	"Embryonal Tumors, NOS"	
Release 47 liftover	Embryonal neoplasm with INI-1 loss by immunohistochemistry	"Embryonal Tumors, NOS"	
Release 47 liftover	"Embryonal neoplasm, c/w medulloblastoma"	"Embryonal Tumors, NOS"	
Release 47 liftover	"Embryonal neoplasm, compatible with large cell/anaplastic medulloblastoma with neuronal differentiation"	"Embryonal Tumors, NOS"	
Release 47 liftover	"Embryonal neoplasm, consistent with Medulloblastoma"	"Embryonal Tumors, NOS"	
Release 47 liftover	"Embryonal neoplasm, consistent with pineoblastoma"	"Embryonal Tumors, NOS"	
Release 47 liftover	"Embryonal Neoplasm, favor Medulloblastoma"	"Embryonal Tumors, NOS"	
Release 47 liftover	Embryonal neoplasm. The tumor histology is consistent with medulloblastoma	"Embryonal Tumors, NOS"	
Release 47 liftover	Embryonal rhabdomyosarcoma (ERMS)	Embryonal Rhabdomyosarcoma	
Release 47 liftover	Embryonal rhabdomyosarcoma (FNCLCC grade 3)	Embryonal Rhabdomyosarcoma	
Release 47 liftover	"Embryonal rhabdomyosarcoma , with anaplastic features"	Embryonal Rhabdomyosarcoma	
Release 47 liftover	Embryonal rhabdomyosarcoma forming a 2.2 cm mass.	Embryonal Rhabdomyosarcoma	
Release 47 liftover	Embryonal rhabdomyosarcoma with anaplasia	Embryonal Rhabdomyosarcoma	
Release 47 liftover	Embryonal rhabdomyosarcoma with anaplasia involving paratesticular soft tissue	Embryonal Rhabdomyosarcoma	
Release 47 liftover	Embryonal Rhabdomyosarcoma with anaplastic features	Embryonal Rhabdomyosarcoma	
Release 47 liftover	Embryonal rhabdomyosarcoma with diffuse anaplasia	Embryonal Rhabdomyosarcoma	
Release 47 liftover	Embryonal rhabdomyosarcoma with focal anaplasia	Embryonal Rhabdomyosarcoma	
Release 47 liftover	Embryonal rhabdomyosarcoma without anaplasia	Embryonal Rhabdomyosarcoma	
Release 47 liftover	"Embryonal rhabdomyosarcoma, 6.8cm"	Embryonal Rhabdomyosarcoma	
Release 47 liftover	"Embryonal rhabdomyosarcoma, botryoid pattern"	Embryonal Rhabdomyosarcoma	
Release 47 liftover	"Embryonal rhabdomyosarcoma, botryoid type"	Embryonal Rhabdomyosarcoma	
Release 47 liftover	"Embryonal rhabdomyosarcoma, high grade, FNCLCC grade 3"	Embryonal Rhabdomyosarcoma	
Release 47 liftover	"Embryonal rhabdomyosarcoma, high-grade"	Embryonal Rhabdomyosarcoma	
Release 47 liftover	"Embryonal rhabdomyosarcoma, minimal focal anaplasia"	Embryonal Rhabdomyosarcoma	
Release 47 liftover	Embryonal rhabdomyoscarcoma	Embryonal Rhabdomyosarcoma	
Release 47 liftover	Embryonal Tumor	"Embryonal Tumors, NOS"	
Release 47 liftover	Embryonal tumor consistent with atypical teratoid/rhabdoid tumor (AT/RT)	"Embryonal Tumors, NOS"	
Release 47 liftover	"Embryonal tumor most consistent with medulloblastoma, classic phenotype"	"Embryonal Tumors, NOS"	
Release 47 liftover	Embryonal tumor with epithelial differentiation	"Embryonal Tumors, NOS"	
Release 47 liftover	Embryonal tumor with features most consistent with medulloblastoma	"Embryonal Tumors, NOS"	
Release 47 liftover	Embryonal tumor with histomorphologic features suggestive of medulloblastoma	"Embryonal Tumors, NOS"	
Release 47 liftover	Embryonal tumor with multilayer rosettes	Embryonal Tumors with Multilayered Rosettes	
Release 47 liftover	Embryonal tumor with multilayered rosettes	Embryonal Tumors with Multilayered Rosettes	
Release 47 liftover	Embryonal tumor with multi-layered rosettes	Embryonal Tumors with Multilayered Rosettes	
Release 47 liftover	Embryonal tumor with multi-layered rosettes (ETMR)	Embryonal Tumors with Multilayered Rosettes	
Release 47 liftover	Embryonal tumor with multilayered rosettes (WHO Grade 4)	Embryonal Tumors with Multilayered Rosettes	
Release 47 liftover	Embryonal tumor with multilayered rosettes CNS WHO grade 4	Embryonal Tumors with Multilayered Rosettes	
Release 47 liftover	"Embryonal tumor with multilayered rosettes, C19MC altered"	Embryonal Tumors with Multilayered Rosettes	
Release 47 liftover	"Embryonal tumor with multilayered rosettes, C19MC-altered"	Embryonal Tumors with Multilayered Rosettes	
Release 47 liftover	"Embryonal tumor with multilayered rosettes, CNS WHO grade 4"	Embryonal Tumors with Multilayered Rosettes	
Release 47 liftover	"Embryonal tumor with multilayered rosettes, WHO grade 4"	Embryonal Tumors with Multilayered Rosettes	
Release 47 liftover	"Embryonal tumor, densely cellular blue cell tumor, favor medulloblastoma"	"Embryonal Tumors, NOS"	
Release 47 liftover	"Embryonal tumor, favor atypical teratoid/rhabdoid tumor"	"Embryonal Tumors, NOS"	
Release 47 liftover	"Embryonal tumor, favor medulloblastoma"	"Embryonal Tumors, NOS"	
Release 47 liftover	"Embryonal tumor, favor medulloblastoma, WHO grade IV"	"Embryonal Tumors, NOS"	
Release 47 liftover	"Embryonal tumor, morphologically most consistent with medulloblastoma, CNS WHO Grade 4"	"Embryonal Tumors, NOS"	
Release 47 liftover	"Embryonal tumor, morphology and immunoprofile suggestive of medulloblastoma"	"Embryonal Tumors, NOS"	
Release 47 liftover	"Embryonal tumor, possible rhabdoid features"	"Embryonal Tumors, NOS"	
Release 47 liftover	"Embryonal tumor, WHO grade 4"	"Embryonal Tumors, NOS"	
Release 47 liftover	"Embryonal tumor, with features suggestive of embryonal tumor with multilayered rosettes"	"Embryonal Tumors, NOS"	
Release 47 liftover	Embryonal tumor. favor medulloblastoma	"Embryonal Tumors, NOS"	
Release 47 liftover	Embryonal undifferentiated sarcoma of the liver	Embryonal Sarcoma of the Liver	
Release 47 liftover	Encapsulated angioinvasive follicular thyroid carcinoma	"Follicular carcinoma, NOS"	
Release 47 liftover	Endodermal cyst or metastatic tumor is epithelial origin	Unknown	
Release 47 liftover	Endometrioid carcinoma	"Endometrioid adenocarcinoma, NOS"	
Release 47 liftover	"Enucleated right globe with a retinoblastoma (pT1), endophytic growth pattern, moderate differentiation without optic nerve invasion"	Retinoblastoma	
Release 47 liftover	Ependymal neoplasm	"Neoplasm, NOS"	
Release 47 liftover	"Ependymal neoplasm, NEC"	"Ependymal Tumors, NOS"	
Release 47 liftover	Ependymoma	"Ependymoma, NOS"	
Release 47 liftover	Ependymoma (CNS WHO grade 3)	"Ependymoma, NOS"	
Release 47 liftover	Ependymoma (WHO grade 2)	"Ependymoma, NOS"	
Release 47 liftover	Ependymoma CNS WHO grade 2	"Ependymoma, NOS"	
Release 47 liftover	Ependymoma CNS WHO grade 3	"Ependymoma, NOS"	
Release 47 liftover	Ependymoma WHO grade 2	"Ependymoma, NOS"	
Release 47 liftover	Ependymoma WHO grade 3	"Ependymoma, NOS"	
Release 47 liftover	Ependymoma WHO grade 3 PFA subtype	"Ependymoma, NOS"	
Release 47 liftover	Ependymoma with Anaplasia	"Ependymoma, anaplastic"	
Release 47 liftover	"Ependymoma, classification pending molecular analysis, with extensive central necrosis and hemorrhage"	"Ependymoma, NOS"	
Release 47 liftover	"Ependymoma, CNS WHO grade 2"	"Ependymoma, NOS"	
Release 47 liftover	"Ependymoma, CNS WHO grade 3"	"Ependymoma, NOS"	
Release 47 liftover	"Ependymoma, CNS WHO Grade 3 Group A, Methylation subclass 2A"	"Ependymoma, NOS"	
Release 47 liftover	"Ependymoma, CNS WHO grade 3, favor posterior fossa group B"	"Ependymoma, NOS"	
Release 47 liftover	"Ependymoma, favor myxopapillary subtype, WHO grade 2"	"Ependymoma, NOS"	
Release 47 liftover	"Ependymoma, morphologically CNS WHO grade 2"	"Ependymoma, NOS"	
Release 47 liftover	"Ependymoma, NOS, CNS WHO grade 3"	"Ependymoma, NOS"	
Release 47 liftover	"Ependymoma, posterior fossa group A"	Posterior Fossa Group A (PFA) Ependymoma	
Release 47 liftover	"Ependymoma, posterior fossa group A molecular type, WHO grade 3"	Posterior Fossa Group A (PFA) Ependymoma	
Release 47 liftover	"Ependymoma, posterior fossa group A subtype"	Posterior Fossa Group A (PFA) Ependymoma	
Release 47 liftover	"Ependymoma, posterior fossa group B"	Posterior Fossa Group B (PFB) Ependymoma	
Release 47 liftover	"Ependymoma, residual/recurrent, WHO Grade 2"	"Ependymoma, NOS"	
Release 47 liftover	"Ependymoma, WHO CNS Grade 2"	"Ependymoma, NOS"	
Release 47 liftover	"Ependymoma, WHO Grade 2"	"Ependymoma, NOS"	
Release 47 liftover	"Ependymoma, WHO grade 3"	"Ependymoma, NOS"	
Release 47 liftover	"Ependymoma, WHO Grade II"	"Ependymoma, NOS"	
Release 47 liftover	"Ependymoma, WHO GRADE III"	"Ependymoma, NOS"	
Release 47 liftover	Ependymoma-like lesion	Unknown	
Release 47 liftover	Epethelioid inflammatory myofibroblastic sarcoma	Epithelioid sarcoma	
Release 47 liftover	Epetheloid sarcoma	Epithelioid sarcoma	
Release 47 liftover	"Epithelial neoplasm, compatible with choroid plexus carcinoma"	"Neoplasm, NOS"	
Release 47 liftover	Epitheliod sarcoma	Epithelioid sarcoma	
Release 47 liftover	Epithelioid and round cell neoplasm	"Epithelioid Neoplasm, NOS"	
Release 47 liftover	Epithelioid neoplasm with focal rhabdoid features	"Neoplasm, NOS"	
Release 47 liftover	"Epithelioid sarcoma, NOS"	Epithelioid sarcoma	
Release 47 liftover	"Epithelioid sarcoma, proximal subtype"	Epithelioid sarcoma	
Release 47 liftover	Epitheloid sarcoma	Epithelioid sarcoma	
Release 47 liftover	Erythroblastic sarcoma	"Sarcoma, NOS"	
Release 47 liftover	Ewing Sarcoma involving Lung	Ewing sarcoma	
Release 47 liftover	Ewing sarcoma of soft tissue with EWSR1-ERG gene rearrangement	Ewing sarcoma	
Release 47 liftover	Ewing sarcoma with EWSR1 - ETV4 Fusion	Ewing sarcoma	
Release 47 liftover	Ewing's Sarcoma	Ewing sarcoma	
Release 47 liftover	"Extensively infiltrating, high-grade astrocytic glioma"	"Gliomas, Glioneuronal Tumors, and Neuronal Tumors, NOS"	
Release 47 liftover	Extensively invasive follicular carcinoma with high-grade transformation	"Follicular carcinoma, NOS"	
Release 47 liftover	extensively involved by neuroblastoma	Neuroblastoma	
Release 47 liftover	Extra adrenal paraganglioma	Paraganglioma	
Release 47 liftover	Extrarenal malignant rhabdoid tumor	Malignant rhabdoid tumor	
Release 47 liftover	Extra-renal malignant rhabdoid tumor	Malignant rhabdoid tumor	
Release 47 liftover	Extrarenal rhabdoid tumor	"Rhabdoid tumor, NOS"	
Release 47 liftover	Extrarenal rhabdoid tumor (malignant rhabdoid tumor)	Malignant rhabdoid tumor	
Release 47 liftover	Extrarenal rhabdoid tumor/ malignant rhabdoid tumor of the liver	Malignant rhabdoid tumor	
Release 47 liftover	Extraskeletal ewing sarcoma	Ewing sarcoma	
Release 47 liftover	Extraskeletal mesenchymal chondrosarcoma	Mesenchymal chondrosarcoma	
Release 47 liftover	"Fatty neoplasm with myxoid features, no definitive high grade features, favor lipoblastoma"	"Neoplasm, NOS"	
Release 47 liftover	Favor anaplastic ependymoma	Unknown	
Release 47 liftover	"Favor astrocytoma, IDH1-Mutant by IHC"	Unknown	
Release 47 liftover	"Favor CNS embryonal tumor, high grade consider AT/RT and medulloblastoma"	Unknown	
Release 47 liftover	Favor embryonal rhabdomyosarcoma	Unknown	
Release 47 liftover	favor embryonal tumor such as medulloblastoma	Unknown	
Release 47 liftover	Favor ependymoma	Unknown	
Release 47 liftover	Favor ganglioglioma	Unknown	
Release 47 liftover	"favor ganglioglioma, CNS WHO grade 1"	Unknown	
Release 47 liftover	Favor glioneuronal tumor (low-grade)	Unknown	
Release 47 liftover	favor high grade	Unknown	
Release 47 liftover	Favor high grade glial neoplasm	Unknown	
Release 47 liftover	Favor high grade glioma	Unknown	
Release 47 liftover	Favor histologic desmoplastic infantile ganglioglioma with increased mitotic activity	Unknown	
Release 47 liftover	favor IDH mutant astrocytoma	Unknown	
Release 47 liftover	Favor infantile fibrosarcoma	Unknown	
Release 47 liftover	Favor Infiltrating High-Grade Glioma	Unknown	
Release 47 liftover	Favor juvenile granulosa cell tumor	Unknown	
Release 47 liftover	Favor low grade glial neoplasm	Unknown	
Release 47 liftover	Favor low grade glioma	Unknown	
Release 47 liftover	Favor low grade glioneuronal tumor	Unknown	
Release 47 liftover	favor low-grade	Unknown	
Release 47 liftover	Favor low-grade glial neoplasm	Unknown	
Release 47 liftover	Favor malignant epithelioid tumor with focal squamous differentiation	Unknown	
Release 47 liftover	Favor medulloblastoma	Unknown	
Release 47 liftover	"Favor meningioma, at least CNS WHO grade 2"	Unknown	
Release 47 liftover	"Favor pilocytic astocytoma, diffuse histologic type, WHO CNS grade 1"	Unknown	
Release 47 liftover	Favor Pilocytic astrocytoma	Unknown	
Release 47 liftover	Favor pilocytic astrocytoma CNS WHO grade 1	Unknown	
Release 47 liftover	Favor pilocytic astrocytoma with increased proliferation indices	Unknown	
Release 47 liftover	"favor pilocytic astrocytoma, cannnot entirely exclude higher grade tumor"	Unknown	
Release 47 liftover	"Favor pilocytic astrocytoma, CNS WHO grade 1"	Unknown	
Release 47 liftover	"favor pilomyxoid astrocytoma,"	Unknown	
Release 47 liftover	"Favor pineal cyst, pineocytoma vs PPTID and a rare possibility of pilocytic astrocytoma vs associated piloid gliosis"	Unknown	
Release 47 liftover	"Favor posterior fossa ependymoma, WHO GRADE 3"	Unknown	
Release 47 liftover	favor posterior fossa group A (PFA) ependymoma	Unknown	
Release 47 liftover	favor primary CNS origin	Unknown	
Release 47 liftover	Favor primary low grade glial neoplasm with pilocytic features	Unknown	
Release 47 liftover	Favors adrenal cortical carcinoma	Unknown	
Release 47 liftover	Features are most consistent with Chordoma	Unknown	
Release 47 liftover	Features are most consistent with Ewing sarcoma	Unknown	
Release 47 liftover	Features are most consistent with inflammatory myofibroblastic tumor	Unknown	
Release 47 liftover	features compatible with malignant rhabdoid tumor	Unknown	
Release 47 liftover	Features consistent with embryonal sarcoma (of liver)	Unknown	
Release 47 liftover	Features consistent with ependymal neoplasm	Unknown	
Release 47 liftover	Features consistent with high grade glioma	Unknown	
Release 47 liftover	"Features consistent with myxopapillary ependymoma, low-grade"	Unknown	
Release 47 liftover	"Fibroblastic spindle cell lesion, favor fibromatosis"	Unknown	
Release 47 liftover	"Fibroblastic/myofibroblastic lesion, consistent with dermatofibrosarcoma protuberans"	Unknown	
Release 47 liftover	Fibroblast-predominant plexiform fibrohistiocytic tumor	Plexiform fibrohistiocytic tumor	
Release 47 liftover	Fibrolamellar carcinoma	Fibrolamellar Variant of Hepatocellular Carcinoma	
Release 47 liftover	Fibrolamellar hepatocellular carcinoma	Fibrolamellar Variant of Hepatocellular Carcinoma	
Release 47 liftover	Fibromatosis	Unknown	
Release 47 liftover	Fibrous lesion with focal nuclear beta-catenin statining	Unknown	
Release 47 liftover	Fibrous tissue with spindle and round cell proliferation	Unknown	
Release 47 liftover	Findings consistent with High-grade glioma	Unknown	
Release 47 liftover	Follicular carcinoma	"Follicular carcinoma, NOS"	
Release 47 liftover	Follicular hyperplasia/metastatic papillary thyroid cancer	Papillary Thyroid Carcinoma	
Release 47 liftover	"Follicular nodular disease with dominant adenomatous nodule (0.7 cm). Incidental focus of papillary thyroid carcinoma (0.4 cm), classic type."	Papillary Thyroid Carcinoma	
Release 47 liftover	Follicular thyroid carcinoma	"Follicular carcinoma, NOS"	
Release 47 liftover	Follicular thyroid carcinoma with angioinvasion	"Follicular carcinoma, NOS"	
Release 47 liftover	Fourth ventriclar mass	Unknown	
Release 47 liftover	"Fourth ventricle tumor - low grade glial population, favor neoplastic process"	"Neoplasm, NOS"	
Release 47 liftover	"Fourth ventricular mass, embryonal tumor with multilayered rosettes"	Embryonal Tumors with Multilayered Rosettes	
Release 47 liftover	Fragments of invasive moderately differentiated adenocarcinoma arising in a background of a tubulovillous adenoma	"Adenocarcinoma, NOS"	
Release 47 liftover	"Fragments of Schwannoma, CNS WHO GRADE 1, with some mild degenerative changes"	Schwannoma	
Release 47 liftover	Frontal intracerebral tumor	"Brain Tumor, NOS"	
Release 47 liftover	"Frontal tumor, favor infant-type hemispheric glioma"	"Brain Tumor, NOS"	
Release 47 liftover	Fundic gastrointestinal stromal tumor	Gastrointestinal stromal tumor	
Release 47 liftover	Fusion negative embryonal rhabdomyosarcoma	Embryonal Rhabdomyosarcoma	
Release 47 liftover	Fusion-positive rhabdomyosarcoma	Rhabdomyosarcoma	
Release 47 liftover	Ganglioglioma CNS WHO grade 1	Ganglioglioma	
Release 47 liftover	Ganglioglioma WHO grade 1	Ganglioglioma	
Release 47 liftover	"Ganglioglioma with BRAF p.V600E immunoreactivity, CNS WHO grade 1"	Ganglioglioma	
Release 47 liftover	"Ganglioglioma with BRAF V600E immunoreactivity, CNS WHO grade 1"	Ganglioglioma	
Release 47 liftover	"Ganglioglioma, BRAF p.V600E-mutant, WHO grade 1"	Ganglioglioma	
Release 47 liftover	"Ganglioglioma, BRAF V600E mutant (by IHC)"	Ganglioglioma	
Release 47 liftover	"Ganglioglioma, BRAFV600E positive on immunostain, CNS WHO grade 1"	Ganglioglioma	
Release 47 liftover	"Ganglioglioma, CNS WHO Grade 1"	Ganglioglioma	
Release 47 liftover	"Ganglioglioma, WHO Grade 1"	Ganglioglioma	
Release 47 liftover	"Ganglioglioma, WHO GRADE I"	Ganglioglioma	
Release 47 liftover	Ganglioglioma/polymorphous low grade neuroepithelial tumor of the young	Ganglioglioma	
Release 47 liftover	Ganglioma (CNS WHO grade 1)	Ganglioneuroma	
Release 47 liftover	Ganglioma WHO grade 1	Ganglioneuroma	
Release 47 liftover	Ganglioma with BRAF V600E immunoreactivity CNS grade 1	Ganglioneuroma	
Release 47 liftover	"Ganglioma, WHO grade 1"	Ganglioneuroma	
Release 47 liftover	Ganglioneuroblastoma intermixed	"Ganglioneuroblastoma, intermixed"	
Release 47 liftover	"Ganglioneuroblastoma, nodular"	Ganglioneuroblastoma	
Release 47 liftover	"Ganglioneuroblastoma, nodular subtype, high MKI, unfavorable histopathology"	Ganglioneuroblastoma	
Release 47 liftover	"Ganglioneuroblastoma, nodular subtype, unfavorable histopathology"	Ganglioneuroblastoma	
Release 47 liftover	"Ganglioneuroblastoma, nodular type"	Ganglioneuroblastoma	
Release 47 liftover	"Ganglioneuroblastoma, nodular, poorly differentiated subtype with low mitotic-karyorrhectic index"	Ganglioneuroblastoma	
Release 47 liftover	"Ganglioneuroblastoma, nodular, poorly differentiated subtype, low MKI"	Ganglioneuroblastoma	
Release 47 liftover	"Ganglioneuroblastoma, nodular, unfavorable histology"	Ganglioneuroblastoma	
Release 47 liftover	"Ganglioneuroblastoma, nodular; unfavorable histology"	Ganglioneuroblastoma	
Release 47 liftover	"Ganglioneuroma, maturing type, favorable histology"	Ganglioneuroblastoma	
Release 47 liftover	Gastric mass/Gastrointestinal tumor	"Neoplasm, NOS"	
Release 47 liftover	Gastric mass/Gastrointestinal tumor; Gastrointestinal stromal tumor	Gastrointestinal stromal tumor	
Release 47 liftover	"Gastrointestinal stomach tumor, spindle cell type"	"Neoplasm, NOS"	
Release 47 liftover	Gastrointestinal stromal tumor	Gastrointestinal stromal tumor	
Release 47 liftover	Gastrointestinal stromal tumor (GIST)	Gastrointestinal stromal tumor	
Release 47 liftover	"Gastrointestinal stromal tumor (GIST) epithelioid type, high grade"	Gastrointestinal stromal tumor	
Release 47 liftover	"Gastrointestinal stromal tumor (GIST) epithelioid type, low grade"	Gastrointestinal stromal tumor	
Release 47 liftover	"Gastrointestinal stromal tumor with focal hemorrhage and necrosis, mixed type, high grade (G2)"	Gastrointestinal stromal tumor	
Release 47 liftover	"Gastrointestinal stromal tumor, high grade (G2) with predominantly spindled and focal epithelioid morphology"	Gastrointestinal stromal tumor	
Release 47 liftover	"Gastrointestinal stromal tumor, mixed epithelioid cell and spindle cell type"	Gastrointestinal stromal tumor	
Release 47 liftover	"Gastrointestinal stromal tumor, mixed type, high grade"	Gastrointestinal stromal tumor	
Release 47 liftover	"Generally lower grade appearing glioma, morphologically aligning best with piloid/ pilocytic astrocytoma"	"Gliomas, Glioneuronal Tumors, and Neuronal Tumors, NOS"	
Release 47 liftover	"Germ cell neoplasm, with features of germinoma"	"Germ Cell Tumor, NOS"	
Release 47 liftover	Germ cell tumor (pure Germinoma)	Germinoma	
Release 47 liftover	Germ cell tumor with features of germinoma	"Germ Cell Tumor, NOS"	
Release 47 liftover	Germ-cell tumor	"Germ Cell Tumor, NOS"	
Release 47 liftover	Germinoma with rare syncytiotrophoblasts	Germinoma	
Release 47 liftover	"Germinoma, CNS WHO Grade 4"	Germinoma	
Release 47 liftover	"Germinoma, WHO grade 4"	Germinoma	
Release 47 liftover	Germinoma/Seminoma	Germinoma	
Release 47 liftover	Giant cell ependymoma	"Ependymoma, NOS"	
Release 47 liftover	Giant cell rich tumor	"Neoplasm, NOS"	
Release 47 liftover	Giant cell tumor of soft tissue	"Giant cell tumor of soft parts, NOS"	
Release 47 liftover	GLI-1 altered mesenchymal neoplasm	"Mesenchymal Tumor, NOS"	
Release 47 liftover	GLI1-amplified mesenchymal neoplasm	"Mesenchymal Tumor, NOS"	
Release 47 liftover	Glial lesion	Unknown	
Release 47 liftover	Glial Neoplasm	"Gliomas, Glioneuronal Tumors, and Neuronal Tumors, NOS"	
Release 47 liftover	Glial neoplasm (favor astrocytoma family)	"Gliomas, Glioneuronal Tumors, and Neuronal Tumors, NOS"	
Release 47 liftover	Glial neoplasm consistent with a world health organization grade 3 astrocytoma	"Gliomas, Glioneuronal Tumors, and Neuronal Tumors, NOS"	
Release 47 liftover	Glial neoplasm favor low grade	"Gliomas, Glioneuronal Tumors, and Neuronal Tumors, NOS"	
Release 47 liftover	Glial neoplasm favor optic glioma	"Gliomas, Glioneuronal Tumors, and Neuronal Tumors, NOS"	
Release 47 liftover	Glial neoplasm showing high-grade features	"Gliomas, Glioneuronal Tumors, and Neuronal Tumors, NOS"	
Release 47 liftover	Glial neoplasm with ependymal features	"Gliomas, Glioneuronal Tumors, and Neuronal Tumors, NOS"	
Release 47 liftover	Glial neoplasm with features suggestive of pilomyxoid astrocytoma	"Gliomas, Glioneuronal Tumors, and Neuronal Tumors, NOS"	
Release 47 liftover	Glial neoplasm with giant cells	"Gliomas, Glioneuronal Tumors, and Neuronal Tumors, NOS"	
Release 47 liftover	Glial neoplasm with high grade features	"Gliomas, Glioneuronal Tumors, and Neuronal Tumors, NOS"	
Release 47 liftover	Glial neoplasm with high grade histologic features	"Gliomas, Glioneuronal Tumors, and Neuronal Tumors, NOS"	
Release 47 liftover	"Glial neoplasm with high-grade features, favor supratentorial ependymoma"	"Gliomas, Glioneuronal Tumors, and Neuronal Tumors, NOS"	
Release 47 liftover	"Glial neoplasm with mild cytologic atypia and focal microvascular proliferation, favor pilocytic"	"Gliomas, Glioneuronal Tumors, and Neuronal Tumors, NOS"	
Release 47 liftover	Glial Neoplasm with Pilocytic features	"Gliomas, Glioneuronal Tumors, and Neuronal Tumors, NOS"	
Release 47 liftover	Glial neoplasm with piloid features	"Gliomas, Glioneuronal Tumors, and Neuronal Tumors, NOS"	
Release 47 liftover	Glial neoplasm with piloid features and cytologic atypia	"Gliomas, Glioneuronal Tumors, and Neuronal Tumors, NOS"	
Release 47 liftover	Glial neoplasm with piloid features and elevated proliferation	"Gliomas, Glioneuronal Tumors, and Neuronal Tumors, NOS"	
Release 47 liftover	Glial neoplasm with possible neuronal component	"Gliomas, Glioneuronal Tumors, and Neuronal Tumors, NOS"	
Release 47 liftover	Glial neoplasm with Rosenthal fibers and eosinophilic granular bodies	"Gliomas, Glioneuronal Tumors, and Neuronal Tumors, NOS"	
Release 47 liftover	Glial neoplasm with rosetted growth pattern	"Gliomas, Glioneuronal Tumors, and Neuronal Tumors, NOS"	
Release 47 liftover	"Glial neoplasm, appearing pilocytic"	"Gliomas, Glioneuronal Tumors, and Neuronal Tumors, NOS"	
Release 47 liftover	"Glial neoplasm, astrocytoma"	"Astrocytoma, NOS"	
Release 47 liftover	"Glial neoplasm, at least intermediate grade"	"Gliomas, Glioneuronal Tumors, and Neuronal Tumors, NOS"	
Release 47 liftover	"Glial neoplasm, consistent with pilocytic astrocytoma"	"Gliomas, Glioneuronal Tumors, and Neuronal Tumors, NOS"	
Release 47 liftover	"Glial neoplasm, favor astrocytoma"	"Gliomas, Glioneuronal Tumors, and Neuronal Tumors, NOS"	
Release 47 liftover	"Glial neoplasm, favor ependymoma"	"Gliomas, Glioneuronal Tumors, and Neuronal Tumors, NOS"	
Release 47 liftover	"Glial neoplasm, favor pilocytic astrocytoma"	"Gliomas, Glioneuronal Tumors, and Neuronal Tumors, NOS"	
Release 47 liftover	"Glial neoplasm, favor supratentorial ependymoma"	"Gliomas, Glioneuronal Tumors, and Neuronal Tumors, NOS"	
Release 47 liftover	"Glial neoplasm, IDH wildtype"	"Gliomas, Glioneuronal Tumors, and Neuronal Tumors, NOS"	
Release 47 liftover	"Glial neoplasm, low grade"	"Gliomas, Glioneuronal Tumors, and Neuronal Tumors, NOS"	
Release 47 liftover	"Glial neoplasm, morphologically most consistent with pilocytic astrocytoma"	"Gliomas, Glioneuronal Tumors, and Neuronal Tumors, NOS"	
Release 47 liftover	"Glial neoplasm, not otherwise specified"	"Gliomas, Glioneuronal Tumors, and Neuronal Tumors, NOS"	
Release 47 liftover	"Glial neoplasm, with ependymoma features and elevated proliferation rate"	"Gliomas, Glioneuronal Tumors, and Neuronal Tumors, NOS"	
Release 47 liftover	Glial neoplasm. The features are suggestive of pilocytic astrocytoma	"Gliomas, Glioneuronal Tumors, and Neuronal Tumors, NOS"	
Release 47 liftover	Glial neoplasm; differential includes pilocytic astrocytoma	"Gliomas, Glioneuronal Tumors, and Neuronal Tumors, NOS"	
Release 47 liftover	Glial neoplasm; favor low-grade	"Gliomas, Glioneuronal Tumors, and Neuronal Tumors, NOS"	
Release 47 liftover	Glial neoplasm; most consistent with Pilocytic astrocytoma	"Gliomas, Glioneuronal Tumors, and Neuronal Tumors, NOS"	
Release 47 liftover	Glial or Glioneuronal neoplasm	"Gliomas, Glioneuronal Tumors, and Neuronal Tumors, NOS"	
Release 47 liftover	"Glial or glioneuronal tumor with BRAF V600E immunoreactivity, favor pleomorphic xanthoastrocytoma, CNS WHO grade 2"	"Gliomas, Glioneuronal Tumors, and Neuronal Tumors, NOS"	
Release 47 liftover	Glial tumor	"Gliomas, Glioneuronal Tumors, and Neuronal Tumors, NOS"	
Release 47 liftover	Glial tumor with architectural features suggestive of ependymoma	"Gliomas, Glioneuronal Tumors, and Neuronal Tumors, NOS"	
Release 47 liftover	Glial tumor with microcalcifications with eosinophilic granular bodies: differential diagnosis includes PLNTY versus pleomorphic xanthoastrocytoma	"Gliomas, Glioneuronal Tumors, and Neuronal Tumors, NOS"	
Release 47 liftover	Glial tumor without high-grade histological criteria	"Gliomas, Glioneuronal Tumors, and Neuronal Tumors, NOS"	
Release 47 liftover	"Glial tumor, favor low-grade"	"Gliomas, Glioneuronal Tumors, and Neuronal Tumors, NOS"	
Release 47 liftover	"Glial tumor, representative tissue present. Cannot rule out ependymoma"	"Gliomas, Glioneuronal Tumors, and Neuronal Tumors, NOS"	
Release 47 liftover	"Glial versus glioneuronal tumor, favor ganglioglioma, CNS WHO grade 1"	"Gliomas, Glioneuronal Tumors, and Neuronal Tumors, NOS"	
Release 47 liftover	Glial vs glioneuronal neoplasm with Rosenthal fibers	"Gliomas, Glioneuronal Tumors, and Neuronal Tumors, NOS"	
Release 47 liftover	Glial vs glioneuronal neoplasm with Rosenthal fibers; low-grade	"Gliomas, Glioneuronal Tumors, and Neuronal Tumors, NOS"	
Release 47 liftover	Glial vs glioneuronal tumor	"Gliomas, Glioneuronal Tumors, and Neuronal Tumors, NOS"	
Release 47 liftover	Glial/ glioneuronal neoplasm	"Gliomas, Glioneuronal Tumors, and Neuronal Tumors, NOS"	
Release 47 liftover	Glial/ glioneuronal tumor	"Gliomas, Glioneuronal Tumors, and Neuronal Tumors, NOS"	
Release 47 liftover	Glial/ependymal neoplasm	"Gliomas, Glioneuronal Tumors, and Neuronal Tumors, NOS"	
Release 47 liftover	Glial/glioneuronal neoplasm	"Gliomas, Glioneuronal Tumors, and Neuronal Tumors, NOS"	
Release 47 liftover	Glial/glioneuronal neoplasm with BRAF V600E mutation	"Gliomas, Glioneuronal Tumors, and Neuronal Tumors, NOS"	
Release 47 liftover	"Glial/glioneuronal neoplasm, favor low grade"	"Gliomas, Glioneuronal Tumors, and Neuronal Tumors, NOS"	
Release 47 liftover	"Glial/glioneuronal neoplasm, histologically low-grade"	"Gliomas, Glioneuronal Tumors, and Neuronal Tumors, NOS"	
Release 47 liftover	"Glial/glioneuronal neoplasm, most suggestive of pilocytic astrocytoma"	"Gliomas, Glioneuronal Tumors, and Neuronal Tumors, NOS"	
Release 47 liftover	Glial/Glioneuronal tumor	"Gliomas, Glioneuronal Tumors, and Neuronal Tumors, NOS"	
Release 47 liftover	Glial/glioneuronal tumor with a background of vascular lesion	Unknown	
Release 47 liftover	Glial/glioneuronal tumor with low-grade histologic features	"Gliomas, Glioneuronal Tumors, and Neuronal Tumors, NOS"	
Release 47 liftover	Glial/glioneuronal tumor with piloid features	"Gliomas, Glioneuronal Tumors, and Neuronal Tumors, NOS"	
Release 47 liftover	"Glial/glioneuronal tumor, favor Ganglioglioma, CNS WHO Grade 1"	"Gliomas, Glioneuronal Tumors, and Neuronal Tumors, NOS"	
Release 47 liftover	"Glial/glioneuronal tumor, favor low grade"	"Gliomas, Glioneuronal Tumors, and Neuronal Tumors, NOS"	
Release 47 liftover	Glial-neuronal neoplasm	"Gliomas, Glioneuronal Tumors, and Neuronal Tumors, NOS"	
Release 47 liftover	"Glineuronal neoplasm, favor Ganglioglioma"	"Gliomas, Glioneuronal Tumors, and Neuronal Tumors, NOS"	
Release 47 liftover	Glioblastoma	"Glioblastoma, NOS"	
Release 47 liftover	Gliolblastoma	"Glioblastoma, NOS"	
Release 47 liftover	Glioma	"Gliomas, Glioneuronal Tumors, and Neuronal Tumors, NOS"	
Release 47 liftover	"Glioma associated with prominent inflammatory infiltrate of lymphocytes, histiocytes, and plasma cells"	"Gliomas, Glioneuronal Tumors, and Neuronal Tumors, NOS"	
Release 47 liftover	Glioma favor subependymoma	"Gliomas, Glioneuronal Tumors, and Neuronal Tumors, NOS"	
Release 47 liftover	"Glioma of high grade with phenotypic characteristics compatible with glioblastoma NOS, with mixed giant cell morphology and areas of epithelioid appearance"	"High-grade glioma, NOS or NEC"	
Release 47 liftover	Glioma subependymal giant cell astrocytoma CNS WHO grade 1	Subependymal giant cell astrocytoma	
Release 47 liftover	Glioma with abundant myxoid changes	"Gliomas, Glioneuronal Tumors, and Neuronal Tumors, NOS"	
Release 47 liftover	Glioma with ependymal pseudorosettes	"Gliomas, Glioneuronal Tumors, and Neuronal Tumors, NOS"	
Release 47 liftover	Glioma with evidence of proliferation	"Gliomas, Glioneuronal Tumors, and Neuronal Tumors, NOS"	
Release 47 liftover	Glioma with features reminiscent of pilocytic astrocytoma	"Gliomas, Glioneuronal Tumors, and Neuronal Tumors, NOS"	
Release 47 liftover	Glioma with features suggestive of pilocytic astrocytoma	"Gliomas, Glioneuronal Tumors, and Neuronal Tumors, NOS"	
Release 47 liftover	"Glioma with high-grade features, IDH wild-type (By IHC), not further classified"	"High-grade glioma, NOS or NEC"	
Release 47 liftover	Glioma with low grade histologic features	"Low-grade glioma, NOS or NEC"	
Release 47 liftover	Glioma with low-grade histologic features	"Low-grade glioma, NOS or NEC"	
Release 47 liftover	Glioma with morphologic features of ependymoma	"Gliomas, Glioneuronal Tumors, and Neuronal Tumors, NOS"	
Release 47 liftover	Glioma with myxoid features	"Gliomas, Glioneuronal Tumors, and Neuronal Tumors, NOS"	
Release 47 liftover	Glioma with organized hemorrhage and exuberant granulation tissue formation	"Gliomas, Glioneuronal Tumors, and Neuronal Tumors, NOS"	
Release 47 liftover	Glioma with piloid features	"Gliomas, Glioneuronal Tumors, and Neuronal Tumors, NOS"	
Release 47 liftover	Glioma with piloid features and increased proliferation	"Gliomas, Glioneuronal Tumors, and Neuronal Tumors, NOS"	
Release 47 liftover	"Glioma with piloid features, consistent with pilocytic astrocytoma"	"Gliomas, Glioneuronal Tumors, and Neuronal Tumors, NOS"	
Release 47 liftover	"Glioma with piloid features, mitotic activity and numerous apoptotic bodies"	"Gliomas, Glioneuronal Tumors, and Neuronal Tumors, NOS"	
Release 47 liftover	Glioma with piloid features.	"Gliomas, Glioneuronal Tumors, and Neuronal Tumors, NOS"	
Release 47 liftover	"Glioma with piloid, suggestive of high grade astrocytoma"	"Gliomas, Glioneuronal Tumors, and Neuronal Tumors, NOS"	
Release 47 liftover	Glioma with some piloid features	"Gliomas, Glioneuronal Tumors, and Neuronal Tumors, NOS"	
Release 47 liftover	"Glioma, at least CNS-WHO Grade 1"	"Gliomas, Glioneuronal Tumors, and Neuronal Tumors, NOS"	
Release 47 liftover	"Glioma, Favor ependymoma"	"Gliomas, Glioneuronal Tumors, and Neuronal Tumors, NOS"	
Release 47 liftover	"Glioma, favor high grade"	"Gliomas, Glioneuronal Tumors, and Neuronal Tumors, NOS"	
Release 47 liftover	"Glioma, favor high-grade"	"Gliomas, Glioneuronal Tumors, and Neuronal Tumors, NOS"	
Release 47 liftover	"Glioma, favor pilocytic astrocytoma"	"Gliomas, Glioneuronal Tumors, and Neuronal Tumors, NOS"	
Release 47 liftover	"Glioma, histologically consistent with pilocytic astrocytoma, CNS WHO grade 1"	"Gliomas, Glioneuronal Tumors, and Neuronal Tumors, NOS"	
Release 47 liftover	"Glioma, histologically low grade"	"Low-grade glioma, NOS or NEC"	
Release 47 liftover	"Glioma, histologically low-grade"	"Low-grade glioma, NOS or NEC"	
Release 47 liftover	"Glioma, histology suggestive of Pilocytic astrocytoma"	"Gliomas, Glioneuronal Tumors, and Neuronal Tumors, NOS"	
Release 47 liftover	"Glioma, IDH1 (R132S) mutant"	"Gliomas, Glioneuronal Tumors, and Neuronal Tumors, NOS"	
Release 47 liftover	"Glioma, IDH1(R132H) negative"	"Gliomas, Glioneuronal Tumors, and Neuronal Tumors, NOS"	
Release 47 liftover	"Glioma, most consistent with astrocytoma with worrisome features in clinical context"	"Gliomas, Glioneuronal Tumors, and Neuronal Tumors, NOS"	
Release 47 liftover	"Glioma, no high-grade features seen, favor pleomorphic xanthoastrocytoma versus pilocytic astrocytoma"	"Gliomas, Glioneuronal Tumors, and Neuronal Tumors, NOS"	
Release 47 liftover	"Glioma, NOS"	"Gliomas, Glioneuronal Tumors, and Neuronal Tumors, NOS"	
Release 47 liftover	Glioma/glioneuronal tumor with some piloid features and rare mitoses	"Gliomas, Glioneuronal Tumors, and Neuronal Tumors, NOS"	
Release 47 liftover	"Glioma; low-grade glial versus glioneuronal tumor, favor pilocytic astrocytoma, CNS WHO Grade 1"	"Gliomas, Glioneuronal Tumors, and Neuronal Tumors, NOS"	
Release 47 liftover	Glioneuronal lesion	Unknown	
Release 47 liftover	"Glioneuronal lesion with gliosis, inflammation, fibrosis, hemorrhage, and other reactive changes"	Unknown	
Release 47 liftover	Glioneuronal Neoplasm	"Glioneuronal and Neuronal Tumors, NOS"	
Release 47 liftover	Glioneuronal neoplasm with low-grade features (NOS)	"Glioneuronal and Neuronal Tumors, NOS"	
Release 47 liftover	"Glioneuronal neoplasm, CNS WHO grade 1"	"Glioneuronal and Neuronal Tumors, NOS"	
Release 47 liftover	"Glioneuronal neoplasm, favor ganglioglioma"	"Glioneuronal and Neuronal Tumors, NOS"	
Release 47 liftover	Glioneuronal neoplasm/ Dysembryoplastic neuroephithelial tumor	"Glioneuronal and Neuronal Tumors, NOS"	
Release 47 liftover	Glioneuronal tumor	"Glioneuronal and Neuronal Tumors, NOS"	
Release 47 liftover	Glioneuronal tumor high grade	"Glioneuronal and Neuronal Tumors, NOS"	
Release 47 liftover	Glioneuronal tumor NOS with low grade histologic features	"Glioneuronal and Neuronal Tumors, NOS"	
Release 47 liftover	"Glioneuronal tumor NOS, with CUX1::RAF1 and TFG::ADGRG7 fusions"	"Glioneuronal and Neuronal Tumors, NOS"	
Release 47 liftover	Glioneuronal tumor with BRAF V600E mutation	"Glioneuronal and Neuronal Tumors, NOS"	
Release 47 liftover	Glioneuronal tumor with BRAF V600E mutation and low grade histologic features	"Glioneuronal and Neuronal Tumors, NOS"	
Release 47 liftover	"Glioneuronal tumor with BRAF V600E mutation by immunohistochemistry, favor ganglioglioma"	"Glioneuronal and Neuronal Tumors, NOS"	
Release 47 liftover	Glioneuronal tumor with focal increased atypia	"Glioneuronal and Neuronal Tumors, NOS"	
Release 47 liftover	"Glioneuronal tumor, favor low to intermediate grade"	"Glioneuronal and Neuronal Tumors, NOS"	
Release 47 liftover	Glioneuronal tumor. Favored to represent dysembryoplastic neuroepithelial tumor	"Gliomas, Glioneuronal Tumors, and Neuronal Tumors, NOS"	
Release 47 liftover	Grade glial/glioneuronal tumor	"Glioneuronal and Neuronal Tumors, NOS"	
Release 47 liftover	Grade II cellular ependymoma	"Ependymoma, NOS"	
Release 47 liftover	Granulosa cell tumor	"Granulosa cell tumor, juvenile"	
Release 47 liftover	"Granulosa cell tumor, juvenile type"	"Granulosa cell tumor, juvenile"	
Release 47 liftover	Hemangioblastoma CNS WHO grade 1	Hemangioblastoma	
Release 47 liftover	"Hemangioblastoma, CNS WHO grade 1"	Hemangioblastoma	
Release 47 liftover	"Hemangioblastoma, WHO Grade 1"	Hemangioblastoma	
Release 47 liftover	Hemangioma	"Hemangioma, NOS"	
Release 47 liftover	Hemangiomas and vascular malformations	"Hemangioma, NOS"	
Release 47 liftover	High grade astrocytoma	"Astrocytoma, NOS"	
Release 47 liftover	High grade brain primary tumor with primitive embryonal appearance	"Brain Tumor, NOS"	
Release 47 liftover	High grade brain tumor	"Brain Tumor, NOS"	
Release 47 liftover	High grade carcinoma of the parotid gland	"Carcinoma, NOS"	
Release 47 liftover	high grade carcinosarcoma	High Grade Sarcoma	
Release 47 liftover	"High grade cellular, malignant neoplasm with necrosis and cellular pleomorphism R/O Medulloblastoma"	"Neoplasm, malignant"	
Release 47 liftover	High grade central nervous system neoplasm favor embryonal	"Neoplasm, malignant"	
Release 47 liftover	High grade CNS embryonal neoplasm	"CNS embryonal tumor, NOS"	
Release 47 liftover	"high grade CNS embryonal neoplasm, favor Medulloblastoma"	"CNS embryonal tumor, NOS"	
Release 47 liftover	High grade CNS neoplasm	"Neoplasm, malignant"	
Release 47 liftover	High grade CNS tumor with embryonal features	"Neoplasm, malignant"	
Release 47 liftover	High grade diffuse astrocytic glioma	"Gliomas, Glioneuronal Tumors, and Neuronal Tumors, NOS"	
Release 47 liftover	"High grade diffuse astrocytic neoplasm, histologically at least CNS WHO grade 3"	"Neoplasm, malignant"	
Release 47 liftover	High grade diffuse glioma	"High-grade glioma, NOS or NEC"	
Release 47 liftover	High grade diffuse glioma with oligodendroglial-like features	"High-grade glioma, NOS or NEC"	
Release 47 liftover	High grade embryonal neoplasm	"Embryonal Tumors, NOS"	
Release 47 liftover	"High grade embryonal neoplasm, morphologically consistent with medulloblastoma"	"Embryonal Tumors, NOS"	
Release 47 liftover	High grade embryonal tumor	"Embryonal Tumors, NOS"	
Release 47 liftover	"High grade follicular carcinoma, encapsulated angioinvasive type"	"Follicular carcinoma, NOS"	
Release 47 liftover	High grade follicular derived thyroid carcinoma	"Follicular carcinoma, NOS"	
Release 47 liftover	High grade follicular thyroid carcinoma	"Follicular carcinoma, NOS"	
Release 47 liftover	High grade glial cell tumor	"Gliomas, Glioneuronal Tumors, and Neuronal Tumors, NOS"	
Release 47 liftover	High grade glial neoplasm	"Gliomas, Glioneuronal Tumors, and Neuronal Tumors, NOS"	
Release 47 liftover	High- Grade glial neoplasm	"Gliomas, Glioneuronal Tumors, and Neuronal Tumors, NOS"	
Release 47 liftover	"High grade glial or glioneuronal neoplasm, favor supratentorial ependymoma, CNS WHO grade 3"	"Gliomas, Glioneuronal Tumors, and Neuronal Tumors, NOS"	
Release 47 liftover	High grade glial tumor	"Gliomas, Glioneuronal Tumors, and Neuronal Tumors, NOS"	
Release 47 liftover	High grade glial tumor with features most compatible with anaplastic ependymoma	"Gliomas, Glioneuronal Tumors, and Neuronal Tumors, NOS"	
Release 47 liftover	High grade glial/ glioneuronal neoplasm	"Gliomas, Glioneuronal Tumors, and Neuronal Tumors, NOS"	
Release 47 liftover	High grade glial/Glioneuronal neoplasm	"Gliomas, Glioneuronal Tumors, and Neuronal Tumors, NOS"	
Release 47 liftover	high grade glioma	"High-grade glioma, NOS or NEC"	
Release 47 liftover	High grade glioma NOS	"High-grade glioma, NOS or NEC"	
Release 47 liftover	High Grade Glioma with H3 K27M and BRAF V600E mutations	"High-grade glioma, NOS or NEC"	
Release 47 liftover	High grade glioma with mismatch repair deficiency	"High-grade glioma, NOS or NEC"	
Release 47 liftover	"High grade glioma with necrosis, WHO Grade 4"	"High-grade glioma, NOS or NEC"	
Release 47 liftover	"High grade glioma, astrocytoma"	"Astrocytoma, NOS"	
Release 47 liftover	"High grade glioma, CNS WHO grade 4"	"High-grade glioma, NOS or NEC"	
Release 47 liftover	"High grade glioma, consistent with glioblastoma"	"High-grade glioma, NOS or NEC"	
Release 47 liftover	"High grade glioma, favor astrocytoma, IDH mutant (WHO grade 4)"	"High-grade glioma, NOS or NEC"	
Release 47 liftover	"High grade glioma, favor pleomorphic xanthoastrocytoma, CNS WHO Grade 3"	"High-grade glioma, NOS or NEC"	
Release 47 liftover	"High grade glioma, H3 K27- altered by immunohistochemistry"	"High-grade glioma, NOS or NEC"	
Release 47 liftover	"High grade glioma, IDH-mutant"	"High-grade glioma, NOS or NEC"	
Release 47 liftover	"High grade glioma, most compatible with pleomorphic xanthoastrocytoma"	"High-grade glioma, NOS or NEC"	
Release 47 liftover	"High grade glioma, NOS, WHO CNS histologic grade 4"	"High-grade glioma, NOS or NEC"	
Release 47 liftover	"High grade glioma, WHO Grade 4"	"High-grade glioma, NOS or NEC"	
Release 47 liftover	"High grade glioneuronal neoplasm, NOS"	"Gliomas, Glioneuronal Tumors, and Neuronal Tumors, NOS"	
Release 47 liftover	High grade glioneuronal tumor	"Gliomas, Glioneuronal Tumors, and Neuronal Tumors, NOS"	
Release 47 liftover	High grade glioneuronal tumour	"Gliomas, Glioneuronal Tumors, and Neuronal Tumors, NOS"	
Release 47 liftover	"High grade infiltrating astrocytoma, IDH1 (R132H) negative, concerning for diffuse midline glioma"	"Astrocytoma, NOS"	
Release 47 liftover	High grade leiomyosarcoma	"Leiomyosarcoma, NOS"	
Release 47 liftover	High grade malignancy	"Neoplasm, malignant"	
Release 47 liftover	High grade malignant epithelioid neoplasm	"Epithelioid Neoplasm, NOS"	
Release 47 liftover	High grade malignant neoplasm	"Neoplasm, malignant"	
Release 47 liftover	High grade malignant neoplasm most likely medulloblastoma	"Neoplasm, malignant"	
Release 47 liftover	High grade malignant neoplasm with anaplastic features	"Neoplasm, malignant"	
Release 47 liftover	High grade malignant neoplasm with immunophenotype compatible with desmoplastic small round blue cell tumor	"Neoplasm, malignant"	
Release 47 liftover	High grade malignant neoplasm with small blue round cell/embryonal features	"Neoplasm, malignant"	
Release 47 liftover	"High grade malignant neoplasm, DDX medulloblastoma vs other small round blue cell tumor"	"Neoplasm, malignant"	
Release 47 liftover	"High grade malignant neoplasm, favor high-grade glioma"	"Neoplasm, malignant"	
Release 47 liftover	High grade malignant peripheral nerve sheath tumor with heterologous rhabdomyoblastic differentiation (malignant Triton tumor)	Malignant peripheral nerve sheath tumor with rhabdomyoblastic differentiation	
Release 47 liftover	High grade malignant peripheral nerve sheath tumor with heterologous rhabdomyoblastic differentiation.	Malignant peripheral nerve sheath tumor with rhabdomyoblastic differentiation	
Release 47 liftover	High grade malignant tumor with melanocytic differentiation	"Neoplasm, malignant"	
Release 47 liftover	High grade mesenchymal neoplasm	"Mesenchymal Tumor, NOS"	
Release 47 liftover	High grade neoplasm	"Neoplasm, malignant"	
Release 47 liftover	High grade neoplasm with embryonal features	"Neoplasm, malignant"	
Release 47 liftover	High grade neoplasm with neuronal phenotype	"Neoplasm, malignant"	
Release 47 liftover	High grade neoplasm with primitive features	"Neoplasm, malignant"	
Release 47 liftover	High grade neoplasm with primitive/embryonal features	"Neoplasm, malignant"	
Release 47 liftover	"High grade neoplasm, CNS WHO grade 4"	"Neoplasm, malignant"	
Release 47 liftover	"High grade neoplasm, consistent with metastatic pleuropulmonary blastoma"	"Neoplasm, malignant"	
Release 47 liftover	"High grade neoplasm, favor anaplastic ependymoma"	"Neoplasm, malignant"	
Release 47 liftover	"High grade neoplasm, favor central nervous system embryonal tumor"	"Neoplasm, malignant"	
Release 47 liftover	"High grade neoplasm, possible medulloblastoma"	"Neoplasm, malignant"	
Release 47 liftover	"High grade neoplasm, round blue cell tumor, CNS WHO grade 4"	"Neoplasm, malignant"	
Release 47 liftover	High grade neuroectodermal tumor	"Neoplasm, malignant"	
Release 47 liftover	High grade neuroepithelial neoplasm	"Gliomas, Glioneuronal Tumors, and Neuronal Tumors, NOS"	
Release 47 liftover	"High grade neuroepithelial neoplasm, favor medulloblastoma"	"Gliomas, Glioneuronal Tumors, and Neuronal Tumors, NOS"	
Release 47 liftover	High grade neuroepithelial tumor	"Gliomas, Glioneuronal Tumors, and Neuronal Tumors, NOS"	
Release 47 liftover	High Grade neuroepithelial tumor (HGNET)	"Gliomas, Glioneuronal Tumors, and Neuronal Tumors, NOS"	
Release 47 liftover	"High grade neuroepithelial tumor (HGNET) morphologically most C/W or aligning best with CNS embryonal type tumor, possibly from a medulloblastoma"	"Gliomas, Glioneuronal Tumors, and Neuronal Tumors, NOS"	
Release 47 liftover	High grade neuroepithelial tumor with glial and neuronal differentiation and focal embryonal morphology.	"Gliomas, Glioneuronal Tumors, and Neuronal Tumors, NOS"	
Release 47 liftover	"High grade neuroepithelial tumor, favor embryonal tumor, cannot exclude medulloblastoma"	"Gliomas, Glioneuronal Tumors, and Neuronal Tumors, NOS"	
Release 47 liftover	"High grade neuroepithelial tumor, favor high grade glioma"	"Gliomas, Glioneuronal Tumors, and Neuronal Tumors, NOS"	
Release 47 liftover	"High grade neuroepithelial tumor, favor medulloblastoma"	"Gliomas, Glioneuronal Tumors, and Neuronal Tumors, NOS"	
Release 47 liftover	"High grade neuroepithelial tumor, with features aligning best with a CNS embryonal tumor, CNS WHO Grade 4"	"Gliomas, Glioneuronal Tumors, and Neuronal Tumors, NOS"	
Release 47 liftover	High grade neuro-epithelial tumour	"Gliomas, Glioneuronal Tumors, and Neuronal Tumors, NOS"	
Release 47 liftover	High grade ovarian mucinous carcinoma with extensive anaplastic carcinoma arising in a mucinous borderline tumor.	Mucinous Carcinoma	
Release 47 liftover	High grade papillary carcinoma	Papillary Thyroid Carcinoma	
Release 47 liftover	"High grade papillary thyroid carcinoma, classic subtype"	Papillary Thyroid Carcinoma	
Release 47 liftover	"High grade papillary thyroid carcinoma, with features of diffuse sclerosing subtype"	Papillary Thyroid Carcinoma	
Release 47 liftover	High grade pleomorphic sarcoma	High Grade Sarcoma	
Release 47 liftover	High grade primitive neoplasm	"Neoplasm, malignant"	
Release 47 liftover	High grade primitive neoplasm of the pineal region	"Neoplasm, malignant"	
Release 47 liftover	High grade primitive tumor	"Neoplasm, malignant"	
Release 47 liftover	High grade sarcoma with diffuse anaplasia and rhabdomyosarcomatous features	High Grade Sarcoma	
Release 47 liftover	High grade sarcoma with rhabdomyoblastic differentiation	High Grade Sarcoma	
Release 47 liftover	High grade sarcoma with rhabdomyosarcomatous differentiation	High Grade Sarcoma	
Release 47 liftover	"High grade sarcoma, consistent with rhabdomyosarcoma"	High Grade Sarcoma	
Release 47 liftover	High grade small round blue cell tumor	"Neoplasm, malignant"	
Release 47 liftover	High grade small round blue cell tumor with immunoprofile consistent with Alveolar rhabdomyosarcoma	"Neoplasm, malignant"	
Release 47 liftover	High grade spindle cell sarcoma	Spindle cell sarcoma	
Release 47 liftover	High grade spindle cell sarcoma (Clinical: Neurofibromatosis Type 1 (NF-1).	Spindle cell sarcoma	
Release 47 liftover	"High grade spindle cell sarcoma, most consistent with synovial sarcoma"	Spindle cell sarcoma	
Release 47 liftover	High grade supratentorial ependymoma	Supratentorial Ependymoma	
Release 47 liftover	High grade synovial sarcoma	Synovial Sarcoma	
Release 47 liftover	High grade tumor	"Neoplasm, malignant"	
Release 47 liftover	High grade tumor consistent with embryonal tumor	"Neoplasm, malignant"	
Release 47 liftover	High grade undifferentiated pleomorphic sarcoma with a prominent histocytic infiltrate	Undifferentiated Pleomorphic Sarcoma	
Release 47 liftover	High grade undifferentiated spindle cell sarcoma	Spindle cell sarcoma	
Release 47 liftover	Higher grade neuroepithelial tumor with ependymal features	"Gliomas, Glioneuronal Tumors, and Neuronal Tumors, NOS"	
Release 47 liftover	High-grade angiosarcoma	Angiosarcoma	
Release 47 liftover	High-grade astrocytic neoplasm	"Neoplasm, malignant"	
Release 47 liftover	High-grade astrocytoma	"Astrocytoma, NOS"	
Release 47 liftover	High-grade blue cell tumor	"Neoplasm, malignant"	
Release 47 liftover	High-grade carcinoma most suggestive of a high-grade acinic cell carcinoma involving tissue edges	"Carcinoma, NOS"	
Release 47 liftover	"High-grade carcinoma, consistent with clear cell endometrial carcinoma"	"Carcinoma, NOS"	
Release 47 liftover	High-grade cellular malignant neoplasm	"Neoplasm, malignant"	
Release 47 liftover	High-grade CNS embryonal tissue	"Neoplasm, malignant"	
Release 47 liftover	High-grade CNS Neoplasm	"Neoplasm, malignant"	
Release 47 liftover	High-grade CNS neoplasm with embryonal features	"Neoplasm, malignant"	
Release 47 liftover	High-grade diffuse glioma	"High-grade glioma, NOS or NEC"	
Release 47 liftover	"High-grade diffuse midline glioma, histone H3 K27M altered, WHO grade IV"	"Diffuse midline glioma, H3 K27M-mutant"	
Release 47 liftover	"High-grade embryonal neoplasm, favor medulloblastoma"	"Neoplasm, malignant"	
Release 47 liftover	"High-grade embryonal neoplasm, INI1-retained"	"Embryonal Tumors, NOS"	
Release 47 liftover	"High-grade embryonal or poorly differentiated tumor, in brain"	"Brain Tumor, NOS"	
Release 47 liftover	High-grade ependymal neoplasm	"Ependymal Tumors, NOS"	
Release 47 liftover	High-grade ependymal tumor	"Ependymal Tumors, NOS"	
Release 47 liftover	"High-grade extraskeletal osteosarcoma, rich in giant cells"	Osteosarcoma	
Release 47 liftover	High-grade favor choroid plexus carcinoma	"Neoplasm, malignant"	
Release 47 liftover	High-grade fibrosarcoma with myxoid features	"Fibrosarcoma, NOS"	
Release 47 liftover	"High-grade gioma, favored to be """"""""""""""""""""""""""""""""""""""""""""""""""""""""""""""""""""""""""""""""""""""""""""""""""""""""""""""""""""""""""""""""diffuse pediatric-type high-grade glioma, H3 wild type and IDH wild type"""""""""""""""""""""""""""""""""""""""""""""""""""""""""""""""""""""""""""""""""""""""""""""""""""""""""""""""""""""""""""""""" with possible hypermutation (pHGG, H3 wild type in IDH wild type)."	"High-grade glioma, NOS or NEC"	
Release 47 liftover	"High-grade gioma, favored to be diffuse pediatric-type high-grade glioma, H3 wild type and IDH wild type with possible hypermutation (pHGG, H3 wild type in IDH wild type)."	"High-grade glioma, NOS or NEC"	
Release 47 liftover	High-grade Glial Neoplasm	"Gliomas, Glioneuronal Tumors, and Neuronal Tumors, NOS"	
Release 47 liftover	"High-grade glial neoplasm, CNS WHO grade 4"	"Gliomas, Glioneuronal Tumors, and Neuronal Tumors, NOS"	
Release 47 liftover	High-grade glial or glioneuronal neoplasm	"Gliomas, Glioneuronal Tumors, and Neuronal Tumors, NOS"	
Release 47 liftover	High-grade glial tumor	"Gliomas, Glioneuronal Tumors, and Neuronal Tumors, NOS"	
Release 47 liftover	High-grade glial/neuroepithelial tumor	"Gliomas, Glioneuronal Tumors, and Neuronal Tumors, NOS"	
Release 47 liftover	High-grade Glioma	"High-grade glioma, NOS or NEC"	
Release 47 liftover	High-grade Glioma (WHO grade 4) morphologically resembling Glioblastoma	"High-grade glioma, NOS or NEC"	
Release 47 liftover	High-grade glioma demonstrating morphologic features suggestive of high-grade astrocytoma with piloid features	"High-grade glioma, NOS or NEC"	
Release 47 liftover	High-grade glioma with DICER1 and other mutations	"High-grade glioma, NOS or NEC"	
Release 47 liftover	High-grade glioma with ependymal differentiation	"High-grade glioma, NOS or NEC"	
Release 47 liftover	"High-grade glioma with loss of H3K27me3 immunoreactivitiy, suggesting diffuse midline glioma, H3K27-altered"	"High-grade glioma, NOS or NEC"	
Release 47 liftover	High-grade glioma with loss of MLH1 and PMS2	"High-grade glioma, NOS or NEC"	
Release 47 liftover	High-grade glioma with MNI-BEND2 fusion	"High-grade glioma, NOS or NEC"	
Release 47 liftover	High-grade glioma with pleomorphic and pseudopapillary features	"High-grade glioma, NOS or NEC"	
Release 47 liftover	"High-grade glioma, favor ependymoma, WHO GRADE III"	"High-grade glioma, NOS or NEC"	
Release 47 liftover	High-grade infiltrating astrocytoma	"Astrocytoma, NOS"	
Release 47 liftover	High-grade infiltrating glioma	"High-grade glioma, NOS or NEC"	
Release 47 liftover	High-grade infiltrative glioma	"High-grade glioma, NOS or NEC"	
Release 47 liftover	High-grade lesion	Unknown	
Release 47 liftover	High-grade malignancy consistent with high-grade glioma	"Neoplasm, malignant"	
Release 47 liftover	High-grade malignancy with rhabdomyoblastic differentiation	"Neoplasm, malignant"	
Release 47 liftover	High-grade malignant glioma	"High-grade glioma, NOS or NEC"	
Release 47 liftover	High-grade malignant neoplasm	"Neoplasm, malignant"	
Release 47 liftover	High-grade malignant neoplasm with desmin expression	"Neoplasm, malignant"	
Release 47 liftover	High-grade malignant neoplasm with mesenchymal phenotype	"Neoplasm, malignant"	
Release 47 liftover	"High-grade malignant neoplasm, IDH wild type"	"Neoplasm, malignant"	
Release 47 liftover	"High-grade malignant neoplasm, small round blue cell category."	"Neoplasm, malignant"	
Release 47 liftover	High-grade malignant tumor with divergent differentiation	"Neoplasm, malignant"	
Release 47 liftover	"High-grade malignant tumor, favor sarcoma. The differential diagnosis includes Ewings sarcoma and BCOR-rearranged sarcoma"	"Neoplasm, malignant"	
Release 47 liftover	High-grade neoplasm	"Neoplasm, malignant"	
Release 47 liftover	High-grade neoplasm consistent with metastatic pleuropulmonary blastoma	"Neoplasm, malignant"	
Release 47 liftover	High-grade neoplasm with neuroepithelial features	"Neoplasm, malignant"	
Release 47 liftover	High-grade neoplasm with primitive/embryonal features	"Neoplasm, malignant"	
Release 47 liftover	High-grade neoplasm with sarcoma feature	"Neoplasm, NOS"	
Release 47 liftover	"High-grade neoplasm, favor embryonal tumor"	"Neoplasm, malignant"	
Release 47 liftover	"High-grade neoplasm, favor glial"	"Neoplasm, malignant"	
Release 47 liftover	"High-grade neoplasm, favor high-grade glioma"	"Neoplasm, malignant"	
Release 47 liftover	High-grade neuroepithelial neoplasm	"Gliomas, Glioneuronal Tumors, and Neuronal Tumors, NOS"	
Release 47 liftover	"High-grade neuroepithelial neoplasm, ATRX expression lost"	"Gliomas, Glioneuronal Tumors, and Neuronal Tumors, NOS"	
Release 47 liftover	"High-grade neuroepithelial neoplasm, CNS WHO grade 4"	"Gliomas, Glioneuronal Tumors, and Neuronal Tumors, NOS"	
Release 47 liftover	High-grade Neuroepithelial tumor	"Gliomas, Glioneuronal Tumors, and Neuronal Tumors, NOS"	
Release 47 liftover	High-grade neuroepithelial tumor consistent with embryonal tumor	"Gliomas, Glioneuronal Tumors, and Neuronal Tumors, NOS"	
Release 47 liftover	High-grade neuroepithelial tumor favor glial	"Gliomas, Glioneuronal Tumors, and Neuronal Tumors, NOS"	
Release 47 liftover	"High-grade neuroepithelial tumor favor medulloblastoma, CNS WHO grade 4"	"Gliomas, Glioneuronal Tumors, and Neuronal Tumors, NOS"	
Release 47 liftover	High-grade neuroepithelial tumor most c/w ependymoma	"Gliomas, Glioneuronal Tumors, and Neuronal Tumors, NOS"	
Release 47 liftover	"High-grade neuroepithelial tumor, CNS WHO grade 4"	"Gliomas, Glioneuronal Tumors, and Neuronal Tumors, NOS"	
Release 47 liftover	"High-grade neuroepithelial tumor, consistent with supratentorial ependymoma"	"Gliomas, Glioneuronal Tumors, and Neuronal Tumors, NOS"	
Release 47 liftover	"High-grade neuroepithelial, neoplasm"	"Gliomas, Glioneuronal Tumors, and Neuronal Tumors, NOS"	
Release 47 liftover	High-grade pleomorphic sarcoma	High Grade Sarcoma	
Release 47 liftover	High-grade poorly differentiated sarcoma	Rhabdomyosarcoma	
Release 47 liftover	High-grade primary CNS neoplasia	"Neoplasm, NOS"	
Release 47 liftover	High-grade primary CNS neoplasm	"Neoplasm, NOS"	
Release 47 liftover	High-grade primitive appearing neoplasm	"Neoplasm, malignant"	
Release 47 liftover	High-grade rhabdomyosarcoma	Rhabdomyosarcoma	
Release 47 liftover	High-grade rhabdomyosarcoma with pleomorphic features	Pleomorphic Rhabdomyosarcoma	
Release 47 liftover	High-grade Sarcoma	High Grade Sarcoma	
Release 47 liftover	High-grade sarcoma with myxoid differentiation	High Grade Sarcoma	
Release 47 liftover	High-grade sarcoma with skeletal muscle differentiation involving fibrous connective tissue	High Grade Sarcoma	
Release 47 liftover	"High-grade sarcoma, favor primary intracranial sarcoma"	High Grade Sarcoma	
Release 47 liftover	"High-grade sarcoma, primitive cell pattern"	High Grade Sarcoma	
Release 47 liftover	High-grade spindle cell neoplasm	"Neoplasm, NOS"	
Release 47 liftover	High-grade spindle cell sarcoma	Spindle cell sarcoma	
Release 47 liftover	High-grade spindle cell sarcoma compatible with high grade malignant peripheral nerve sheath tumor	Spindle cell sarcoma	
Release 47 liftover	High-grade tumor	"Neoplasm, malignant"	
Release 47 liftover	"High-grade tumor, favor choroid plexus carcinoma"	"Neoplasm, malignant"	
Release 47 liftover	High-grade undifferentiated sarcoma	High Grade Sarcoma	
Release 47 liftover	"High-grade, poorly differentiated carcinoma"	"Carcinoma, NOS"	
Release 47 liftover	"High-grade, primitive neuroepithelial neoplasm"	"Gliomas, Glioneuronal Tumors, and Neuronal Tumors, NOS"	
Release 47 liftover	"High-grade, small round blue cell sarcoma"	Small cell sarcoma	
Release 47 liftover	Highly anaplastic malignant neoplasm	"Neoplasm, malignant"	
Release 47 liftover	Highly atypical spitzoid neoplasm	"Neoplasm, NOS"	
Release 47 liftover	Histiocytic malignancy	"Neoplasm, malignant"	
Release 47 liftover	Histologically consistent with pilocytic astrocytoma	Unknown	
Release 47 liftover	Histologically high grade neoplasm with ependymal differentiation	"Neoplasm, NOS"	
Release 47 liftover	Histologically high-grade tumor with features of embryonal tumor (atypical teratoid/rhabdoid tumor)	"Neoplasm, malignant"	
Release 47 liftover	Histologically low grade neuroepithelial tumor	"Gliomas, Glioneuronal Tumors, and Neuronal Tumors, NOS"	
Release 47 liftover	Histologically low-grade astrocytoma with piloid features	"Astrocytoma, NOS"	
Release 47 liftover	Histologically low-grade glioma	"Low-grade glioma, NOS or NEC"	
Release 47 liftover	Histologically low-grade glioma with features suggestive of pilocytic astrocytoma	"Low-grade glioma, NOS or NEC"	
Release 47 liftover	"Histologically low-grade glioma with pilocytic features, most suggestive of pilocytic astrocytoma"	"Low-grade glioma, NOS or NEC"	
Release 47 liftover	Histologically low-grade glioneuronal tumor	"Gliomas, Glioneuronal Tumors, and Neuronal Tumors, NOS"	
Release 47 liftover	Histologically low-grade neuroepithelial tumor	"Gliomas, Glioneuronal Tumors, and Neuronal Tumors, NOS"	
Release 47 liftover	Histologically pilocytic astrocytoma	Pilocytic astrocytoma	
Release 47 liftover	Histopathologically compatible with glioma	Unknown	
Release 47 liftover	Histopathologically compatible with low grade glioma	Unknown	
Release 47 liftover	Hypercellular brain parenchyma with infiltrating glial cells suspicious for a glial/glioneuronal neoplasm	Unknown	
Release 47 liftover	"Hypercellular cortical parenchyma, features suggestive of diffuse glioma"	Unknown	
Release 47 liftover	Hypercellular glial neoplasm	"Gliomas, Glioneuronal Tumors, and Neuronal Tumors, NOS"	
Release 47 liftover	Hypercellular glial tissue	Unknown	
Release 47 liftover	"Hypercellular glial tissue with atypia, suggestive of neoplastic process"	Unknown	
Release 47 liftover	"Hypercellular glial tissue, concerning for a glial neoplasm"	Unknown	
Release 47 liftover	"Hypercellular glial tissue, favor glial neoplasm"	Unknown	
Release 47 liftover	Hypercellular lesion with atypia	Unknown	
Release 47 liftover	Hypercellular lesion with marked atypia	Unknown	
Release 47 liftover	"hypercellular marrow with metastatic neuroblastoma, extensive marrow involvement (>70%)"	Neuroblastoma	
Release 47 liftover	Hypercellular neuroepithelial tumor with occasional mitotic figures	"Gliomas, Glioneuronal Tumors, and Neuronal Tumors, NOS"	
Release 47 liftover	"Hypercellular neuroepithelial tumor with some features of glioma, possibly high grade"	"Gliomas, Glioneuronal Tumors, and Neuronal Tumors, NOS"	
Release 47 liftover	Hypercellular tissue consistent with glioma	Unknown	
Release 47 liftover	Hypocellular low grade lesion	Unknown	
Release 47 liftover	"Hypocellular sclerotic collagen with rare nerve bundles, see comment, a benign fibroblastic tumor (such as fibroma)"	"Neoplasm, NOS"	
Release 47 liftover	IDH mutant glioma	"Gliomas, Glioneuronal Tumors, and Neuronal Tumors, NOS"	
Release 47 liftover	IDH mutant glioma; favor IDH mutant astrocytoma	"Gliomas, Glioneuronal Tumors, and Neuronal Tumors, NOS"	
Release 47 liftover	IDH1 mutated diffuse astrocytoma	"Astrocytoma, NOS"	
Release 47 liftover	IDH-mutated astrocytoma	"Astrocytoma, IDH-mutant"	
Release 47 liftover	Immature teratoma	"Teratoma, NOS"	
Release 47 liftover	Immature Teratoma with features suspicious for yolk sac tumor	"Teratoma, NOS"	
Release 47 liftover	Infant hemispheric glioma	Infant-type hemispheric glioma	
Release 47 liftover	"Infantile rhabdomyosarcoma, spindle cell type, high grade"	Spindle cell rhabdomyosarcoma	
Release 47 liftover	Infiltrating glial neoplasm	"Gliomas, Glioneuronal Tumors, and Neuronal Tumors, NOS"	
Release 47 liftover	Infiltrating glioma	"Gliomas, Glioneuronal Tumors, and Neuronal Tumors, NOS"	
Release 47 liftover	Infiltrating glioma with focal high grade features	"Gliomas, Glioneuronal Tumors, and Neuronal Tumors, NOS"	
Release 47 liftover	"Infiltrating glioma, high-grade"	"High-grade glioma, NOS or NEC"	
Release 47 liftover	"Infiltrating glioma, IDH-mutant with rare mitoses"	"Gliomas, Glioneuronal Tumors, and Neuronal Tumors, NOS"	
Release 47 liftover	"Infiltrating glioma, morphologically high grade"	"High-grade glioma, NOS or NEC"	
Release 47 liftover	Infiltrating high grade astrocytoma	"Astrocytoma, NOS"	
Release 47 liftover	"Infiltrating high grade diffuse glioma, with scattered mitosis pending molecular for further grading and characterization"	"High-grade glioma, NOS or NEC"	
Release 47 liftover	Infiltrating high grade glioma	"High-grade glioma, NOS or NEC"	
Release 47 liftover	Infiltrating high grade glioma NOS	"High-grade glioma, NOS or NEC"	
Release 47 liftover	"Infiltrating high grade neoplasm, favor infiltrating high grade glioma"	"Neoplasm, malignant"	
Release 47 liftover	Infiltrating low grade glioma with BRAF-KIAA fusion	"Low-grade glioma, NOS or NEC"	
Release 47 liftover	Infiltrating neuroepithelial neoplasm	"Gliomas, Glioneuronal Tumors, and Neuronal Tumors, NOS"	
Release 47 liftover	Infiltrative fibromatosis	Unknown	
Release 47 liftover	Infiltrative glioma	"Gliomas, Glioneuronal Tumors, and Neuronal Tumors, NOS"	
Release 47 liftover	"Infiltrative glioma, WHO grade 2"	"Gliomas, Glioneuronal Tumors, and Neuronal Tumors, NOS"	
Release 47 liftover	Infiltrative high grade glioma with areas of incipient necrosis	"High-grade glioma, NOS or NEC"	
Release 47 liftover	Infiltrative low grade glioma	"Low-grade glioma, NOS or NEC"	
Release 47 liftover	"Infiltrative low-grade glioneuronal tumor, favor ganglioglioma"	"Gliomas, Glioneuronal Tumors, and Neuronal Tumors, NOS"	
Release 47 liftover	Infiltrative spindle cell proliferation	Unknown	
Release 47 liftover	Inflammatory myofibroblastic neoplasm	"Myofibroblastic tumor, NOS"	
Release 47 liftover	Inflammatory myofibroblastic tumor with an associated odontogenic keratocyst	"Myofibroblastic tumor, NOS"	
Release 47 liftover	"Inflammatory myofibroblastic tumor, ALK positive by IHC"	"Myofibroblastic tumor, NOS"	
Release 47 liftover	"Inflammatory myofibroblastic tumor, ALK-1 negative"	"Myofibroblastic tumor, NOS"	
Release 47 liftover	INI-1 deficient malignant neoplasm	"Neoplasm, malignant"	
Release 47 liftover	"INI-1 deficient round to epithelioid cell tumor, malignant, most consistent with INI-1 deficient sarcoma"	"Epithelioid Neoplasm, NOS"	
Release 47 liftover	INI1-Deficient hematological malignancy	"Neoplasm, malignant"	
Release 47 liftover	INI1-deficient sarcoma	"Sarcoma, NOS"	
Release 47 liftover	INI-Deficient High-grade Malignant Neoplasm	"Neoplasm, malignant"	
Release 47 liftover	Intermediate grade glioma most consistent with Ependymoma	"Gliomas, Glioneuronal Tumors, and Neuronal Tumors, NOS"	
Release 47 liftover	Intra-abdominal fibromatosis	Unknown	
Release 47 liftover	Intracerebral schwannoma	Schwannoma	
Release 47 liftover	Intracranial mesenchymal tumor	"Mesenchymal Tumor, NOS"	
Release 47 liftover	Intracranial mesenchymal tumor with FET:CREB fusion	"Intracranial mesenchymal tumor, FET-CREB fusion-positive"	
Release 47 liftover	"Intracranial mesenchymal tumor, FET: CREB-positive"	"Intracranial mesenchymal tumor, FET-CREB fusion-positive"	
Release 47 liftover	Intradural extra medullary tumor Suggestive of ependymoma	"Neoplasm, NOS"	
Release 47 liftover	Intradural extramedullary tumor	"Neoplasm, NOS"	
Release 47 liftover	Intradural tumor with marked atypia c/w malignant lesion	"Neoplasm, NOS"	
Release 47 liftover	Intramucosal adenocarcinoma	"Adenocarcinoma, NOS"	
Release 47 liftover	Intraoperative consultation: Calcified glial lesion Dx: Markedly calcified lesion	Unknown	
Release 47 liftover	"Intraventricular mass, excision"	Unknown	
Release 47 liftover	"Intraventricular thalamopeduncular resection :Diffuse Midline Glioma, H3 K27M altered WHO grade 4"	"Diffuse Midline Glioma, H3 K27-altered"	
Release 47 liftover	Intraventricular tumor	"Neoplasm, NOS"	
Release 47 liftover	Invasive high-grade differentiated thyroid carcinoma	"Carcinoma, NOS"	
Release 47 liftover	Invasive melanoma	Melanoma	
Release 47 liftover	Invasive mucinous adenocarcinoma	Mucinous adenocarcinoma	
Release 47 liftover	"Invasive mucinous adenocarcinoma, pT2, moderately differentiated"	Mucinous adenocarcinoma	
Release 47 liftover	Invasive signet ring cell adenocarcinoma	Signet ring cell carcinoma	
Release 47 liftover	"Involved by metastatic neuroblastoma, poorly differentiated subtype, 70% of marrow."	Neuroblastoma	
Release 47 liftover	Involved by neuroblastoma (greater than 90 percent). Hypocellular marrow with minimal residual hematopoiesis.	Neuroblastoma	
Release 47 liftover	Involved by small round blue cell tumor	Unknown	
Release 47 liftover	Involvement by desmoplastic small round cell tumor	"Neoplasm, NOS"	
Release 47 liftover	Involvement by neuroblastoma	Neuroblastoma	
Release 47 liftover	Involvement by NUT carcinoma	NUT Carcinoma	
Release 47 liftover	Juvenile granulosa cell tumor involving ovary	Juvenile Granulosa Cell Tumor	
Release 47 liftover	Juvenile xanthogranuloma-family neoplasm	Juvenile xanthogranuloma	
Release 47 liftover	Juvenile xanthogranuloma-family neoplasm with high grade features	Juvenile xanthogranuloma	
Release 47 liftover	Juvenile-type granulosa cell tumor	Juvenile Granulosa Cell Tumor	
Release 47 liftover	Lactotroph pituitary neuroendocrine tumor/Pituitary adenoma	Pituitary Adenoma / Pituitary Neuroendocrine Tumour	
Release 47 liftover	Large cell calcifying sertoli cell tumor	"Sertoli cell tumor, NOS"	
Release 47 liftover	Large cell non-keratinizing squamous cell carcinoma	"Squamous cell carcinoma, large cell, nonkeratinizing, NOS"	
Release 47 liftover	"Large cell/anaplastic (LC/A) medulloblastoma, CNS WHO grade 4"	Large cell medulloblastoma	
Release 47 liftover	Large cell/anaplastic medulloblastoma	Large cell medulloblastoma	
Release 47 liftover	Large cell/anaplastic medulloblastoma (CNS WHO grade 4)	Large cell medulloblastoma	
Release 47 liftover	"Large cell/anaplastic medulloblastoma, non-WNT/non-SHH, WHO grade IV"	Large cell medulloblastoma	
Release 47 liftover	Laryngeal papilloma	Unknown	
Release 47 liftover	Left biopsy chest lesion	Unknown	
Release 47 liftover	Left CP Angle Mass	Unknown	
Release 47 liftover	Left CP Angle Mass; Schwannoma	Schwannoma	
Release 47 liftover	Left middle cranial fossa	Unknown	
Release 47 liftover	Left middle cranial fossa; Schwannoma	Schwannoma	
Release 47 liftover	Left supratentorial parietal brain tumor	"Brain Tumor, NOS"	
Release 47 liftover	Left Temporal Tumor	"Brain Tumor, NOS"	
Release 47 liftover	Left thoracic tumor	"Neoplasm, NOS"	
Release 47 liftover	Leiomyosarcoma FNCLCC grade 2	"Leiomyosarcoma, NOS"	
Release 47 liftover	"Leiomyosarcoma, low grade"	"Leiomyosarcoma, NOS"	
Release 47 liftover	leomorphic xanthoastrocytoma	Pleomorphic Xanthoastrocytoma	
Release 47 liftover	Lesional tissue obtained consistent with glioma	Unknown	
Release 47 liftover	Lesional tissue present consistent with small round blue cell tumor	Unknown	
Release 47 liftover	Lesional tissue present with some features of ganglioneuroblastoma	Unknown	
Release 47 liftover	"Lesional tissue present, favor low grade glioneuronal neoplasm"	Unknown	
Release 47 liftover	"Lesional tissue present, hypercellular round blue cell tumor"	Unknown	
Release 47 liftover	Lesional tissue present. Cannot rule out high grade neoplasm	Unknown	
Release 47 liftover	"Lesional tissue, atypical, favor low grade glial neoplasm."	Unknown	
Release 47 liftover	"Lesional tissue, differential includes ependymoma"	Unknown	
Release 47 liftover	"Lesional tissue, favor ependymoma"	Unknown	
Release 47 liftover	Leydig cell tumor	"Leydig cell tumor, NOS"	
Release 47 liftover	Leydig cell tumor and background seminiferous tubules with spermatogenesis	"Leydig cell tumor, NOS"	
Release 47 liftover	Likely metastatic alveolar rhabdomyosarcoma	Unknown	
Release 47 liftover	"Lipomatous tumor with extensive myxoid change, most consistent with lipoblastoma-like tumor"	"Neoplasm, NOS"	
Release 47 liftover	"Lobular and ossifying round cell neoplasm with brisk mitotic activity and necrosis, with morphologic features of malignant ossifying fibromyxoid tumor"	"Neoplasm, NOS"	
Release 47 liftover	Low cellularity glioma	"Gliomas, Glioneuronal Tumors, and Neuronal Tumors, NOS"	
Release 47 liftover	"Low cellularity glioma, favor low grade"	"Gliomas, Glioneuronal Tumors, and Neuronal Tumors, NOS"	
Release 47 liftover	Low grade appearing glial neoplasm	"Gliomas, Glioneuronal Tumors, and Neuronal Tumors, NOS"	
Release 47 liftover	Low grade astrocytic glioma	"Low-grade glioma, NOS or NEC"	
Release 47 liftover	Low grade astrocytoma	"Astrocytoma, NOS"	
Release 47 liftover	"Low grade astrocytoma with histologic features of pilocytic astrocytoma, CNS WHO Grade 1"	"Astrocytoma, NOS"	
Release 47 liftover	Low grade astrocytoma with histological features of pilocytic astrocytoma	"Astrocytoma, NOS"	
Release 47 liftover	Low grade astrocytoma with pilocytic features	"Astrocytoma, NOS"	
Release 47 liftover	Low grade astrocytoma with piloid features	"Astrocytoma, NOS"	
Release 47 liftover	"Low grade astrocytoma, favor pilocytic astrocytoma"	"Astrocytoma, NOS"	
Release 47 liftover	Low grade carcinoma with clear cell features	"Carcinoma, NOS"	
Release 47 liftover	Low grade diffuse glioma	"Low-grade glioma, NOS or NEC"	
Release 47 liftover	"Low grade diffuse glioma or glioneuronal tumor, BRAF-V600E mutant on Immunohistochemistry"	"Gliomas, Glioneuronal Tumors, and Neuronal Tumors, NOS"	
Release 47 liftover	Low grade diffuse type glioma	"Low-grade glioma, NOS or NEC"	
Release 47 liftover	Low grade fibromyxoid sarcoma	Low-grade Fibromyxoid Sarcoma	
Release 47 liftover	Low grade glial cell neoplasm	"Gliomas, Glioneuronal Tumors, and Neuronal Tumors, NOS"	
Release 47 liftover	Low grade glial lesion	Unknown	
Release 47 liftover	Low grade glial neoplasm	"Gliomas, Glioneuronal Tumors, and Neuronal Tumors, NOS"	
Release 47 liftover	Low grade glial neoplasm consistent with pilocytic astrocytoma	"Gliomas, Glioneuronal Tumors, and Neuronal Tumors, NOS"	
Release 47 liftover	Low grade glial neoplasm favor astrocytoma	"Gliomas, Glioneuronal Tumors, and Neuronal Tumors, NOS"	
Release 47 liftover	Low grade glial neoplasm favor pilocytic astrocytoma	"Gliomas, Glioneuronal Tumors, and Neuronal Tumors, NOS"	
Release 47 liftover	"Low grade glial neoplasm most consistent with pilocytic astrocytoma, WHO Grade 1"	"Gliomas, Glioneuronal Tumors, and Neuronal Tumors, NOS"	
Release 47 liftover	"Low grade glial neoplasm, consistent with pilocytic astrocytoma"	"Gliomas, Glioneuronal Tumors, and Neuronal Tumors, NOS"	
Release 47 liftover	"Low grade glial neoplasm, favor pilocytic astrocytoma"	"Gliomas, Glioneuronal Tumors, and Neuronal Tumors, NOS"	
Release 47 liftover	"Low grade Glial neoplasm, Favor pylocytic astrocytoma"	"Gliomas, Glioneuronal Tumors, and Neuronal Tumors, NOS"	
Release 47 liftover	"Low grade glial neoplasm, histologically most consistent with pilocytic astrosytoma, CNS WHO grade 1"	"Gliomas, Glioneuronal Tumors, and Neuronal Tumors, NOS"	
Release 47 liftover	"Low grade glial neoplasm, WHO Grade 1, favor pilocytic astrocytoma"	"Gliomas, Glioneuronal Tumors, and Neuronal Tumors, NOS"	
Release 47 liftover	Low grade glial neuronal tumor	"Gliomas, Glioneuronal Tumors, and Neuronal Tumors, NOS"	
Release 47 liftover	Low grade glial or glioneuronal neoplasm	"Gliomas, Glioneuronal Tumors, and Neuronal Tumors, NOS"	
Release 47 liftover	Low grade glial or glioneuronal tumor	"Gliomas, Glioneuronal Tumors, and Neuronal Tumors, NOS"	
Release 47 liftover	Low grade glial tumor	"Gliomas, Glioneuronal Tumors, and Neuronal Tumors, NOS"	
Release 47 liftover	Low grade glial tumor favor pilocytic astrocytoma	"Gliomas, Glioneuronal Tumors, and Neuronal Tumors, NOS"	
Release 47 liftover	Low grade glial tumor with solid growth and infiltrative margins	"Gliomas, Glioneuronal Tumors, and Neuronal Tumors, NOS"	
Release 47 liftover	"Low grade glial tumor, hypervascular"	"Gliomas, Glioneuronal Tumors, and Neuronal Tumors, NOS"	
Release 47 liftover	Low grade glial/ glioneuronal neoplasm	"Gliomas, Glioneuronal Tumors, and Neuronal Tumors, NOS"	
Release 47 liftover	Low grade glial/ glioneuronal tumor	"Gliomas, Glioneuronal Tumors, and Neuronal Tumors, NOS"	
Release 47 liftover	Low grade glial/glioneuroal neoplasm	"Gliomas, Glioneuronal Tumors, and Neuronal Tumors, NOS"	
Release 47 liftover	Low grade glial/glioneuronal neoplasm	"Gliomas, Glioneuronal Tumors, and Neuronal Tumors, NOS"	
Release 47 liftover	"Low grade glial/glioneuronal tumo, favor pilocytic astrocytoma"	"Gliomas, Glioneuronal Tumors, and Neuronal Tumors, NOS"	
Release 47 liftover	Low grade glial/glioneuronal tumor	"Gliomas, Glioneuronal Tumors, and Neuronal Tumors, NOS"	
Release 47 liftover	Low grade glial/glioneuronal tumor morphologically consistent with dysembryoplastic neuroepithelial tumor CNS WHO grade 1	"Gliomas, Glioneuronal Tumors, and Neuronal Tumors, NOS"	
Release 47 liftover	"Low grade glial/glioneuronal tumor predominantly showing features of a pilocytic astrocytoma, but with fragment showing features of ganglioglioma"	"Gliomas, Glioneuronal Tumors, and Neuronal Tumors, NOS"	
Release 47 liftover	"Low grade glial/glioneuronal tumor, favor CNS WHO grade 1"	"Gliomas, Glioneuronal Tumors, and Neuronal Tumors, NOS"	
Release 47 liftover	Low grade glial/glioneuronal tumor.	"Gliomas, Glioneuronal Tumors, and Neuronal Tumors, NOS"	
Release 47 liftover	Low grade glioma	"Low-grade glioma, NOS or NEC"	
Release 47 liftover	Low grade glioma and pilocytic astrocytoma is favored	"Low-grade glioma, NOS or NEC"	
Release 47 liftover	low grade glioma consistent with pilocytic astrocytoma	"Low-grade glioma, NOS or NEC"	
Release 47 liftover	Low Grade glioma histologically consistent with Pilocytic Astrocytoma	"Low-grade glioma, NOS or NEC"	
Release 47 liftover	"Low grade glioma most compatible with pilocytic astrocytoma, CNS WHO grade 1"	"Low-grade glioma, NOS or NEC"	
Release 47 liftover	low grade glioma most consistent with pilocytic/pilomyxoid astrocytoma. WHO grade 1	"Low-grade glioma, NOS or NEC"	
Release 47 liftover	"Low grade glioma which morphologically aligns best with pilocytic astrocytoma, CNS WHO Grade 1"	"Low-grade glioma, NOS or NEC"	
Release 47 liftover	Low grade glioma with apparent BRAF V600E expression	"Low-grade glioma, NOS or NEC"	
Release 47 liftover	Low grade glioma with astrocytic features	"Low-grade glioma, NOS or NEC"	
Release 47 liftover	"Low grade glioma with features of a pilocytic astrocytoma, WHO grade 1"	"Low-grade glioma, NOS or NEC"	
Release 47 liftover	Low grade glioma with features of pilocytic astrocytoma	"Low-grade glioma, NOS or NEC"	
Release 47 liftover	Low grade glioma with histologic features of myxopapillary ependymoma	"Low-grade glioma, NOS or NEC"	
Release 47 liftover	Low grade glioma with piloid features	"Low-grade glioma, NOS or NEC"	
Release 47 liftover	"Low grade glioma with piloid features, histologically consistent with Pilocytic astrocytoma, CNS WHO grade 1"	"Low-grade glioma, NOS or NEC"	
Release 47 liftover	"Low grade glioma with piloid features, morphologically compatible with pilomyxoid astrocytoma, at least WHO grade 1"	"Low-grade glioma, NOS or NEC"	
Release 47 liftover	"Low grade glioma, Align well with subependymal giant cell astrocytoma"	"Low-grade glioma, NOS or NEC"	
Release 47 liftover	"Low grade glioma, cannot rule out additional neuronal component"	"Low-grade glioma, NOS or NEC"	
Release 47 liftover	"Low grade glioma, consistent with pilocytic astrocytoma"	"Low-grade glioma, NOS or NEC"	
Release 47 liftover	"Low grade glioma, consistent with Pilocytic astrocytoma, WHO Grade 1"	"Low-grade glioma, NOS or NEC"	
Release 47 liftover	"Low grade glioma, favor pilocytic astrocytoma"	"Low-grade glioma, NOS or NEC"	
Release 47 liftover	"Low grade glioma, favor pilocytic astrocytoma, CNS WHO Grade 1"	"Low-grade glioma, NOS or NEC"	
Release 47 liftover	"Low grade glioma, favor pilocytic astrocytoma, preliminary WHO Grade 1"	"Low-grade glioma, NOS or NEC"	
Release 47 liftover	"Low grade glioma, morphologically aligning best with pilocytic astrocytoma"	"Low-grade glioma, NOS or NEC"	
Release 47 liftover	"Low grade glioma, morphologically aligning well with classic biphasic pilocytic astrocytoma"	"Low-grade glioma, NOS or NEC"	
Release 47 liftover	"Low grade glioma, morphologically aligning well with classic pilocytic astrocytoma"	"Low-grade glioma, NOS or NEC"	
Release 47 liftover	Low grade glioma. Favors dysembryoplastic neuroepithelial tumor	"Low-grade glioma, NOS or NEC"	
Release 47 liftover	Low grade glioma/glioneuronal tumor	"Gliomas, Glioneuronal Tumors, and Neuronal Tumors, NOS"	
Release 47 liftover	"Low grade glioma/glioneuronal tumor most suggestive of pilocytic astrocytoma, WHO grade 1"	"Gliomas, Glioneuronal Tumors, and Neuronal Tumors, NOS"	
Release 47 liftover	low grade glioneuronal neoplasm	"Glioneuronal and Neuronal Tumors, NOS"	
Release 47 liftover	Low grade glio-neuronal neoplasm	"Gliomas, Glioneuronal Tumors, and Neuronal Tumors, NOS"	
Release 47 liftover	"Low grade glioneuronal neoplasm consistent with ganglioglioma, CNS WHO Grade 1"	"Glioneuronal and Neuronal Tumors, NOS"	
Release 47 liftover	Low grade glioneuronal neoplasm most consistent with ganglioglioma	"Glioneuronal and Neuronal Tumors, NOS"	
Release 47 liftover	"Low grade glioneuronal neoplasm, including ganglioglioma"	"Glioneuronal and Neuronal Tumors, NOS"	
Release 47 liftover	Low grade glioneuronal proliferation	Unknown	
Release 47 liftover	Low grade glioneuronal tumor	"Glioneuronal and Neuronal Tumors, NOS"	
Release 47 liftover	Low grade glioneuronal tumor (favor Grade 1 ganglioglioma)	"Glioneuronal and Neuronal Tumors, NOS"	
Release 47 liftover	"Low grade glioneuronal tumor most consistent with dysembryoplastic neuroepithelial tumor, CNS WHO Grade 1"	"Glioneuronal and Neuronal Tumors, NOS"	
Release 47 liftover	"Low grade glioneuronal tumor, favor a papillary glioneuronal tumor"	"Glioneuronal and Neuronal Tumors, NOS"	
Release 47 liftover	"Low grade glioneuronal tumor, favor dysembryoplastic neuroepithelial tumor"	"Glioneuronal and Neuronal Tumors, NOS"	
Release 47 liftover	"Low grade glioneuronal tumor, favor ganglioglioma"	"Glioneuronal and Neuronal Tumors, NOS"	
Release 47 liftover	"Low grade glioneuronal tumor, favored ganglioglioma, CNS WHO Grade 1"	"Glioneuronal and Neuronal Tumors, NOS"	
Release 47 liftover	Low grade glioneuronal versus glial neoplasm	"Glioneuronal and Neuronal Tumors, NOS"	
Release 47 liftover	low grade glioneuronal/glial tumor	"Gliomas, Glioneuronal Tumors, and Neuronal Tumors, NOS"	
Release 47 liftover	Low grade infiltrating astrocytic tumor	"Neoplasm, NOS"	
Release 47 liftover	"Low grade mixed glial-neuronal tumor, morphology is consistent with/ aligns with/ favors ganglioglioma"	"Gliomas, Glioneuronal Tumors, and Neuronal Tumors, NOS"	
Release 47 liftover	Low grade myofibroblastic sarcoma	Myofibroblastic sarcoma	
Release 47 liftover	Low grade neoplasm with multinucleated giant cells	"Neoplasm, NOS"	
Release 47 liftover	"Low grade neoplasm, favor pilocytic astrocytoma"	"Neoplasm, NOS"	
Release 47 liftover	Low grade neoplasm. Features suggestive of pilocytic astrocytoma.	"Neoplasm, NOS"	
Release 47 liftover	Low grade neuroendocrine tumor	"Neuroendocrine tumor, NOS"	
Release 47 liftover	Low grade neuroepithelial neoplasm (WHO grade 1)	"Gliomas, Glioneuronal Tumors, and Neuronal Tumors, NOS"	
Release 47 liftover	Low grade neuroepithelial neoplasm with QKI::NTRK2 gene fusion	"Gliomas, Glioneuronal Tumors, and Neuronal Tumors, NOS"	
Release 47 liftover	Low grade neuroepithelial tumor	"Gliomas, Glioneuronal Tumors, and Neuronal Tumors, NOS"	
Release 47 liftover	Low grade neuroepithelial tumor (preliminary path report)	"Gliomas, Glioneuronal Tumors, and Neuronal Tumors, NOS"	
Release 47 liftover	Low grade neuroepithelial tumor consistent with polymorphous low grade neuro-epithelial tumor of the young	"Gliomas, Glioneuronal Tumors, and Neuronal Tumors, NOS"	
Release 47 liftover	Low grade neuro-epithelial tumor favor low grade glioma	"Gliomas, Glioneuronal Tumors, and Neuronal Tumors, NOS"	
Release 47 liftover	Low grade neuroepithelial tumor with diffuse growth pattern	"Gliomas, Glioneuronal Tumors, and Neuronal Tumors, NOS"	
Release 47 liftover	"Low grade neuroepithelial tumor with MYB::QKI fusion, most compatible with WHO grade 1 designation"	"Gliomas, Glioneuronal Tumors, and Neuronal Tumors, NOS"	
Release 47 liftover	Low grade neuroglial neoplasm with features of a dysembryoplastic neuroepithelial tumor	"Gliomas, Glioneuronal Tumors, and Neuronal Tumors, NOS"	
Release 47 liftover	low grade neuroglial tumor	"Gliomas, Glioneuronal Tumors, and Neuronal Tumors, NOS"	
Release 47 liftover	Low grade neuronal glial neoplasm	"Gliomas, Glioneuronal Tumors, and Neuronal Tumors, NOS"	
Release 47 liftover	Low grade pediatric tumor consistent with Dysembryoplastic neuroepithelial tumor (DNET)	"Neoplasm, NOS"	
Release 47 liftover	Low grade primary CNS neoplasm	"Neoplasm, NOS"	
Release 47 liftover	Low grade spindle call neoplasm with areas demonstrating basaloid morphology	"Neoplasm, NOS"	
Release 47 liftover	Low grade spindle cell	Unknown	
Release 47 liftover	Low grade spindle cell lesion	Unknown	
Release 47 liftover	Low grade spindle cell neoplasm	"Neoplasm, NOS"	
Release 47 liftover	"Low grade spindle cell tumor, favor mesenchymal. DIfferential chiefly include STF, meningiom, schwannoma and other rare mesenchymal tumor"	"Neoplasm, NOS"	
Release 47 liftover	"Low grade-appearing glioma, morphologically aligns best with pilocytic astrocytoma"	"Gliomas, Glioneuronal Tumors, and Neuronal Tumors, NOS"	
Release 47 liftover	Low-cellularity glioma	"Gliomas, Glioneuronal Tumors, and Neuronal Tumors, NOS"	
Release 47 liftover	"Lower grade glioma, morphologically aligns with a piloid/pilocytic astrocytoma"	"Gliomas, Glioneuronal Tumors, and Neuronal Tumors, NOS"	
Release 47 liftover	low-grade	Unknown	
Release 47 liftover	Low-grade appendiceal mucinous neoplasm	"Neoplasm, NOS"	
Release 47 liftover	Low-grade astrocytic glioma	"Low-grade glioma, NOS or NEC"	
Release 47 liftover	"Low-grade astrocytic glioma, favor pilocytic astrocytoma"	"Low-grade glioma, NOS or NEC"	
Release 47 liftover	Low-grade astrocytoma	"Astrocytoma, NOS"	
Release 47 liftover	"Low-grade astrocytoma, morphologically consistent with pilocytic astrocytoma"	"Astrocytoma, NOS"	
Release 47 liftover	"Low-grade circumscribed astrocytic glioma, BRAF-V600E mutant"	"Low-grade glioma, NOS or NEC"	
Release 47 liftover	Low-grade circumscribed glial/glioneuronal tumor	"Gliomas, Glioneuronal Tumors, and Neuronal Tumors, NOS"	
Release 47 liftover	Low-grade compact glioma	"Low-grade glioma, NOS or NEC"	
Release 47 liftover	Low-grade fibroblastic/myofibroblastic neoplasm consistent with desmoid fibromatosis	"Myofibroblastic tumor, NOS"	
Release 47 liftover	Low-grade glial glioneuronal tumor focally-positive for BRAF-V600E immunostain	"Gliomas, Glioneuronal Tumors, and Neuronal Tumors, NOS"	
Release 47 liftover	Low-grade glial neoplasm	"Gliomas, Glioneuronal Tumors, and Neuronal Tumors, NOS"	
Release 47 liftover	Low-grade glial neoplasm with BRAF V600E mutation	"Gliomas, Glioneuronal Tumors, and Neuronal Tumors, NOS"	
Release 47 liftover	"Low-grade glial neoplasm, consistent with pilocytic astrocytoma"	"Gliomas, Glioneuronal Tumors, and Neuronal Tumors, NOS"	
Release 47 liftover	"low-grade glial neoplasm, differential diagnosis includes pilocytic astrocytoma"	"Gliomas, Glioneuronal Tumors, and Neuronal Tumors, NOS"	
Release 47 liftover	"Low-grade glial neoplasm, favor pilocytic astrocytoma"	"Gliomas, Glioneuronal Tumors, and Neuronal Tumors, NOS"	
Release 47 liftover	"Low-grade glial neoplasm, favor pilomyxoid/pilocytic actrocytoma"	"Gliomas, Glioneuronal Tumors, and Neuronal Tumors, NOS"	
Release 47 liftover	"Low-grade glial neoplasm, with features most consistent with a pilocytic astrocytoma."	"Gliomas, Glioneuronal Tumors, and Neuronal Tumors, NOS"	
Release 47 liftover	Low-grade glial neoplasm; favor pilocytic astrocytoma	"Gliomas, Glioneuronal Tumors, and Neuronal Tumors, NOS"	
Release 47 liftover	Low-grade glial neuronal tumor such as a DNET	"Gliomas, Glioneuronal Tumors, and Neuronal Tumors, NOS"	
Release 47 liftover	"Low-grade glial -neuronal tumor, favor ganglioglioma"	"Gliomas, Glioneuronal Tumors, and Neuronal Tumors, NOS"	
Release 47 liftover	Low-grade glial or glioneural neoplasm	"Gliomas, Glioneuronal Tumors, and Neuronal Tumors, NOS"	
Release 47 liftover	Low-grade glial or glioneuronal neoplasm	"Gliomas, Glioneuronal Tumors, and Neuronal Tumors, NOS"	
Release 47 liftover	Low-grade glial or glioneuronal neoplasm with FAM131B BRAF fusion	"Gliomas, Glioneuronal Tumors, and Neuronal Tumors, NOS"	
Release 47 liftover	"Low-grade glial or glioneuronal tumor, CNS WHO grade 1"	"Gliomas, Glioneuronal Tumors, and Neuronal Tumors, NOS"	
Release 47 liftover	Low-grade glial tumor	"Gliomas, Glioneuronal Tumors, and Neuronal Tumors, NOS"	
Release 47 liftover	Low-grade glial versus glioneuronal tumor	"Gliomas, Glioneuronal Tumors, and Neuronal Tumors, NOS"	
Release 47 liftover	"low-grade glial versus glioneuronal tumor, favor pilocytic astrocytoma, CNS WHO Grade 1"	"Gliomas, Glioneuronal Tumors, and Neuronal Tumors, NOS"	
Release 47 liftover	"Low-grade glial versus glioneuronal tumor; favor ganglioglioma, CNS WHO grade 1"	"Gliomas, Glioneuronal Tumors, and Neuronal Tumors, NOS"	
Release 47 liftover	Low-grade glial vs. glioneuronal tumor	"Gliomas, Glioneuronal Tumors, and Neuronal Tumors, NOS"	
Release 47 liftover	Low-grade glial vs. glioneuronal tumor; favor pilocytic astrocytoma	"Gliomas, Glioneuronal Tumors, and Neuronal Tumors, NOS"	
Release 47 liftover	"Low-grade glial/ glial neuronal tumor, histologic CNS WHO grade 1"	"Gliomas, Glioneuronal Tumors, and Neuronal Tumors, NOS"	
Release 47 liftover	Low-grade glial/ glioneuronal tumor	"Gliomas, Glioneuronal Tumors, and Neuronal Tumors, NOS"	
Release 47 liftover	Low-grade glial/glioneuronal neoplasm	"Gliomas, Glioneuronal Tumors, and Neuronal Tumors, NOS"	
Release 47 liftover	"Low-grade glial/glioneuronal neoplasm with molecular features of rosette-forming glioneuronal tumor, CNS WHO grade 1"	"Gliomas, Glioneuronal Tumors, and Neuronal Tumors, NOS"	
Release 47 liftover	"Low-grade glial/glioneuronal neoplasm, oligodendroglioma-like morphology"	"Gliomas, Glioneuronal Tumors, and Neuronal Tumors, NOS"	
Release 47 liftover	Low-grade glial/glioneuronal tumor	"Gliomas, Glioneuronal Tumors, and Neuronal Tumors, NOS"	
Release 47 liftover	Low-grade glial/glioneuronal tumor with adjacent cortical dysplastic changes.	"Gliomas, Glioneuronal Tumors, and Neuronal Tumors, NOS"	
Release 47 liftover	Low-grade glial-glioneuronal tumor	"Gliomas, Glioneuronal Tumors, and Neuronal Tumors, NOS"	
Release 47 liftover	Low-grade glial-neuronal tumor	"Gliomas, Glioneuronal Tumors, and Neuronal Tumors, NOS"	
Release 47 liftover	Low-grade glial-neuronal tumor consistent with dysembryoplastic neuroepithelial tumor WHO grade 1	"Glioneuronal and Neuronal Tumors, NOS"	
Release 47 liftover	Low-grade glial-neuronal tumor morphologically consistent with dysembryoplastic neuroepithelial tumor	"Glioneuronal and Neuronal Tumors, NOS"	
Release 47 liftover	Low-grade Glioma	"Low-grade glioma, NOS or NEC"	
Release 47 liftover	Low-grade glioma consistent with pilocytic astrocytoma	"Low-grade glioma, NOS or NEC"	
Release 47 liftover	"Low-grade glioma histologically, favor pilocytic astrocytoma"	"Low-grade glioma, NOS or NEC"	
Release 47 liftover	"Low-grade glioma most consistent with pilocytic astrocytoma, WHO grade 1"	"Low-grade glioma, NOS or NEC"	
Release 47 liftover	"Low-grade glioma or glioneuronal tumor, favour PFB ependymoma"	"Gliomas, Glioneuronal Tumors, and Neuronal Tumors, NOS"	
Release 47 liftover	Low-grade glioma with features consistent with pilocytic astrocytoma (WHO GRADE I)	"Low-grade glioma, NOS or NEC"	
Release 47 liftover	Low-grade glioma with KIAA1549 BRAF fusion	"Low-grade glioma, NOS or NEC"	
Release 47 liftover	Low-grade glioma with piloid features.	"Low-grade glioma, NOS or NEC"	
Release 47 liftover	"Low-grade glioma, a pilocytic astrocytoma is favored"	"Low-grade glioma, NOS or NEC"	
Release 47 liftover	"Low-grade glioma, BRAF V600E expressing"	"Low-grade glioma, NOS or NEC"	
Release 47 liftover	"Low-grade glioma, compatible with pilocytic astrocytoma"	"Low-grade glioma, NOS or NEC"	
Release 47 liftover	"Low-grade glioma, consistent with pilocytic astrocytoma (CNS WHO grade 1)"	"Low-grade glioma, NOS or NEC"	
Release 47 liftover	"Low-grade glioma, favor pilocytic astrocytoma"	"Low-grade glioma, NOS or NEC"	
Release 47 liftover	"Low-grade glioma, favor Pilocytic astrocytoma, CNS WHO grade 1"	"Low-grade glioma, NOS or NEC"	
Release 47 liftover	"Low-grade glioma, favor pilocytic astrocytoma, CNS WHO grade I"	"Low-grade glioma, NOS or NEC"	
Release 47 liftover	"Low-grade glioma, favor pilomyxoid astrocytoma"	"Low-grade glioma, NOS or NEC"	
Release 47 liftover	"Low-grade glioma, favored to represent a pilocytic astrocytoma"	"Low-grade glioma, NOS or NEC"	
Release 47 liftover	"Low-grade glioma, most consistent with pilocytic astrocytoma"	"Low-grade glioma, NOS or NEC"	
Release 47 liftover	"Low-grade glioma, with histologic features of pilocytic astrocytoma, WHO grade 1"	"Low-grade glioma, NOS or NEC"	
Release 47 liftover	Low-grade glioma. Probably pilocytic.	"Low-grade glioma, NOS or NEC"	
Release 47 liftover	Low-grade glioma/glioneuronal tumor	"Gliomas, Glioneuronal Tumors, and Neuronal Tumors, NOS"	
Release 47 liftover	Low-grade glioma; favor pilocytic astrocytoma	"Low-grade glioma, NOS or NEC"	
Release 47 liftover	Low-grade glioma-pilocytic astrocytoma	Pilocytic astrocytoma	
Release 47 liftover	Low-grade glioneuronal neoplasm	"Gliomas, Glioneuronal Tumors, and Neuronal Tumors, NOS"	
Release 47 liftover	Low-grade glioneuronal process	"Gliomas, Glioneuronal Tumors, and Neuronal Tumors, NOS"	
Release 47 liftover	Low-grade glioneuronal tumor	"Gliomas, Glioneuronal Tumors, and Neuronal Tumors, NOS"	
Release 47 liftover	Low-grade glioneuronal tumor with BRAF V600 mutation	"Gliomas, Glioneuronal Tumors, and Neuronal Tumors, NOS"	
Release 47 liftover	"Low-grade glioneuronal tumor, favor Dysembryoplastic neuroepithelial tumor"	"Gliomas, Glioneuronal Tumors, and Neuronal Tumors, NOS"	
Release 47 liftover	"Low-grade glioneuronal tumor, morphologically consistent with ganglioglioma"	"Gliomas, Glioneuronal Tumors, and Neuronal Tumors, NOS"	
Release 47 liftover	"Low-grade Glioneuronal tumor, NOS"	"Glioneuronal and Neuronal Tumors, NOS"	
Release 47 liftover	"Low-grade Glioneuronal tumor, WHO Grade 1"	"Glioneuronal and Neuronal Tumors, NOS"	
Release 47 liftover	"Low-grade glioneuronal, neuronal tumor"	"Glioneuronal and Neuronal Tumors, NOS"	
Release 47 liftover	Low-grade glioneuronal. Favor DNET or ganglioglioma.	"Gliomas, Glioneuronal Tumors, and Neuronal Tumors, NOS"	
Release 47 liftover	Low-grade IDH-mutant glioma	"Low-grade glioma, NOS or NEC"	
Release 47 liftover	Low-grade infiltrating glial neoplasm	"Gliomas, Glioneuronal Tumors, and Neuronal Tumors, NOS"	
Release 47 liftover	"Low-grade mesenchymal neoplasm, favor inflammatory myofibroblastic tumor"	"Mesenchymal Tumor, NOS"	
Release 47 liftover	"Low-grade neoplasm, favor pilocytic astrocytoma"	"Neoplasm, NOS"	
Release 47 liftover	Low-grade neuroepithelial neoplasm	"Gliomas, Glioneuronal Tumors, and Neuronal Tumors, NOS"	
Release 47 liftover	Low-grade neuroepithelial tumor	"Gliomas, Glioneuronal Tumors, and Neuronal Tumors, NOS"	
Release 47 liftover	Low-grade neuroepithelial tumor (WHO Grade 1)	"Gliomas, Glioneuronal Tumors, and Neuronal Tumors, NOS"	
Release 47 liftover	Low-grade neuroepithelial tumor favor ganglioglioma	"Gliomas, Glioneuronal Tumors, and Neuronal Tumors, NOS"	
Release 47 liftover	Low-grade neuroepithelial tumor with FGFR1 pV559M and FGFR1 p.N554K mutations	"Gliomas, Glioneuronal Tumors, and Neuronal Tumors, NOS"	
Release 47 liftover	Low-grade non-intestinal-type sinonasal adenocarinoma	Adenocarcinoma	
Release 47 liftover	Low-grade papillary glial neoplasm	"Gliomas, Glioneuronal Tumors, and Neuronal Tumors, NOS"	
Release 47 liftover	Low-grade papillary urothelial carcinoma	"Papillary carcinoma, NOS"	
Release 47 liftover	Low-grade piloid glioma	"Low-grade glioma, NOS or NEC"	
Release 47 liftover	Low-grade sarcoma	"Sarcoma, NOS"	
Release 47 liftover	"Low-grade spindle cell mesenchymal neoplasm, likely representing a cellular myofibroma"	"Mesenchymal Tumor, NOS"	
Release 47 liftover	Low-grade spindle cell neoplasm	"Neoplasm, NOS"	
Release 47 liftover	Low-grade tumor	"Neoplasm, NOS"	
Release 47 liftover	"Low-grade, infiltrating glioma (NOS), IDH-1 (R132H) wild type"	"Low-grade glioma, NOS or NEC"	
Release 47 liftover	Lymph node with metastatic melanoma	Melanoma	
Release 47 liftover	Malignancy with rhabdomyosarcomatous features	"Neoplasm, malignant"	
Release 47 liftover	Malignant blue cell tumor	"Neoplasm, malignant"	
Release 47 liftover	Malignant Brain Neoplasm	"Brain Tumor, NOS"	
Release 47 liftover	"Malignant cells showing neural features, consistent with metastatic malignant melanoma"	"Neoplasm, malignant"	
Release 47 liftover	Malignant diffuse glioma	"Glioma, malignant"	
Release 47 liftover	Malignant embryonal neoplasm	"Embryonal Tumors, NOS"	
Release 47 liftover	Malignant embryonal tumor	"Embryonal Tumors, NOS"	
Release 47 liftover	Malignant embryonal tumor most consistent with medulloblastoma	"Embryonal Tumors, NOS"	
Release 47 liftover	"Malignant embryonal tumor, favor medulloblastoma"	"Embryonal Tumors, NOS"	
Release 47 liftover	Malignant epitheliod neoplasm with pancreatic acinar differentiation	"Epithelioid Neoplasm, NOS"	
Release 47 liftover	Malignant epithelioid and myxoid neoplasm	"Epithelioid Neoplasm, NOS"	
Release 47 liftover	Malignant epithelioid neoplasm with EWSR1::KLF5 fusion	"Epithelioid Neoplasm, NOS"	
Release 47 liftover	Malignant epithelioid tumor with features suggestive of myoepithelial carcinoma	"Epithelioid Neoplasm, NOS"	
Release 47 liftover	Malignant gastrointestinal neuroectodermal tumor	"Neoplasm, NOS"	
Release 47 liftover	Malignant glial neoplasm	"Gliomas, Glioneuronal Tumors, and Neuronal Tumors, NOS"	
Release 47 liftover	Malignant glioma	"Glioma, malignant"	
Release 47 liftover	Malignant high grade spindle cell sarcoma	"Malignant tumor, spindle cell type"	
Release 47 liftover	Malignant histiocytoid tumor	"Neoplasm, malignant"	
Release 47 liftover	Malignant melanoma	Melanoma	
Release 47 liftover	"Malignant melanoma, nodular variant, Spitz-like, polypoid"	Melanoma	
Release 47 liftover	"Malignant melanoma, spitzoid type"	Melanoma	
Release 47 liftover	Malignant mixed germ cell tumor consisting of germinoma (approximately 5%) and immature teratoma (95%)	Mixed germ cell tumor	
Release 47 liftover	"Malignant mural nodule comprised of anaplastic carcinoma, arising in mucinous cystadenoma"	"Carcinoma, anaplastic, NOS"	
Release 47 liftover	Malignant myoepithelial of pediatric type	"Myoepithelioma, NOS"	
Release 47 liftover	Malignant neoplasia	"Neoplasm, malignant"	
Release 47 liftover	Malignant neoplasm	"Neoplasm, malignant"	
Release 47 liftover	"Malignant neoplasm consistent with rhabdomyosarcoma, embryonal subtype"	"Neoplasm, malignant"	
Release 47 liftover	Malignant neoplasm consistent with spindle cell/sclerosing Rhabdomyosarcoma	"Neoplasm, malignant"	
Release 47 liftover	Malignant neoplasm most consistent with embryonal tumor	"Neoplasm, malignant"	
Release 47 liftover	Malignant neoplasm with features most consistent with immature teratoma	"Neoplasm, malignant"	
Release 47 liftover	"Malignant neoplasm with features of embryonal tumor with multilayered rosettes, CNS WHO Grade 4"	"Neoplasm, malignant"	
Release 47 liftover	"Malignant neoplasm with features suggestive of primary intracranial sarcoma, DICER1-mutant"	"Neoplasm, malignant"	
Release 47 liftover	Malignant neoplasm with loss of INI-1 expression. Most consistent with malignant rhabdoid tumor.	"Neoplasm, malignant"	
Release 47 liftover	"Malignant neoplasm with myxoid and rhabdoid features and loss of INI-1 by immunohistochemistry, pending further studies"	"Neoplasm, malignant"	
Release 47 liftover	Malignant neoplasm with necrosis	"Neoplasm, malignant"	
Release 47 liftover	Malignant neoplasm with primitive features	"Neoplasm, malignant"	
Release 47 liftover	"Malignant neoplasm with primitive morphology, favor medulloblastoma"	"Neoplasm, malignant"	
Release 47 liftover	"Malignant neoplasm with rhabdomyoblastic differentiation, high grade"	"Neoplasm, malignant"	
Release 47 liftover	Malignant neoplasm with rhabdomyosarcomatous component	"Neoplasm, malignant"	
Release 47 liftover	Malignant neoplasm with rhabdomyosarcomatous differentiation	"Neoplasm, malignant"	
Release 47 liftover	Malignant neoplasm with sarcomatous features	"Neoplasm, malignant"	
Release 47 liftover	"Malignant neoplasm, favor ewing sarcoma"	"Neoplasm, malignant"	
Release 47 liftover	"Malignant neoplasm, favor medulloblastoma"	"Neoplasm, malignant"	
Release 47 liftover	"Malignant neoplasm, likely embryonal"	"Neoplasm, malignant"	
Release 47 liftover	"Malignant neoplasm, most compatible with melanoma"	"Neoplasm, malignant"	
Release 47 liftover	"Malignant neoplasm, most consistent with atypical teratoid/rhabdoid tumor, WHO grade IV"	"Neoplasm, malignant"	
Release 47 liftover	"Malignant neoplasm, most consistent with high-grade glioma"	"Neoplasm, malignant"	
Release 47 liftover	"Malignant neoplasm, with rhabdomyoblastic and neuroectodermal differentiation features of malignant ectomesenchymoma"	"Neoplasm, malignant"	
Release 47 liftover	"Malignant neoplasm, worrisome for high grade"	"Neoplasm, malignant"	
Release 47 liftover	"Malignant neural tumor, favor high grade glioma"	"Gliomas, Glioneuronal Tumors, and Neuronal Tumors, NOS"	
Release 47 liftover	Malignant neuroectodermal neoplasm	"Neoplasm, malignant"	
Release 47 liftover	Malignant neuroepithelial neoplasm most suggestive of high grade astrocytoma	"Gliomas, Glioneuronal Tumors, and Neuronal Tumors, NOS"	
Release 47 liftover	Malignant neuroepithelial tumor	"Gliomas, Glioneuronal Tumors, and Neuronal Tumors, NOS"	
Release 47 liftover	"Malignant neuroepithelial tumor, with morphology aligning with/ favoring a high grade glioma/ glioblastoma, CNS WHO Grade 4"	"Gliomas, Glioneuronal Tumors, and Neuronal Tumors, NOS"	
Release 47 liftover	"Malignant neuronal tumor, favor medulloblastoma with extensive maturation"	"Gliomas, Glioneuronal Tumors, and Neuronal Tumors, NOS"	
Release 47 liftover	Malignant Pecoma	"Perivascular epithelioid tumor, malignant"	
Release 47 liftover	Malignant peripheral nerve sheath tumor with cellular schwannoma	"Nerve Sheath Tumor, NOS"	
Release 47 liftover	Malignant peripheral nerve sheath tumor with rhabdomyoblastic differentiation (malignant Triton tumor)	Malignant peripheral nerve sheath tumor with rhabdomyoblastic differentiation	
Release 47 liftover	"Malignant peripheral nerve sheath tumor, FNCLCC Grade 2"	Malignant Peripheral Nerve Sheath Tumor	
Release 47 liftover	"Malignant peripheral nerve sheath tumor, high grade"	Malignant Peripheral Nerve Sheath Tumor	
Release 47 liftover	Malignant phyllodes tumor	"Phyllodes tumor, malignant"	
Release 47 liftover	Malignant phyllodes tumor with malignant heterologous elements	"Phyllodes tumor, malignant"	
Release 47 liftover	"Malignant pigmented neoplasm, favor melanoma"	"Neoplasm, malignant"	
Release 47 liftover	Malignant primary brain tumor	"Brain Tumor, NOS"	
Release 47 liftover	"Malignant Primary CNS Embyronal Tumor. favor Medulloblastoma, Histologicaly Defined, CNS WHO grade 4"	"CNS embryonal tumor, NOS"	
Release 47 liftover	Malignant primitive small blue cell tumor with neuroectodermal features	"Neoplasm, malignant"	
Release 47 liftover	Malignant primitive/undifferentiated sarcoma	"Sarcoma, NOS"	
Release 47 liftover	Malignant renal rhabdoid tumor	Malignant rhabdoid tumor	
Release 47 liftover	Malignant rhabdoid	Malignant rhabdoid tumor	
Release 47 liftover	Malignant round cell sarcoma	"Sarcoma, NOS"	
Release 47 liftover	Malignant round cell tumor	"Neoplasm, malignant"	
Release 47 liftover	Malignant round cell tumor with vascular invasion	"Neoplasm, malignant"	
Release 47 liftover	"Malignant round cell tumor, favor rhabdomyosarcoma"	"Neoplasm, malignant"	
Release 47 liftover	Malignant round cell tumor; differential diagnosis includes medulloblastoma	"Neoplasm, malignant"	
Release 47 liftover	"Malignant sarcoma with DICER1 mutation, favor primary intracranial sarcoma, DICER1 mutant"	"Sarcoma, NOS"	
Release 47 liftover	Malignant sex cord stromal tumor	"Sex Cord-stromal Tumor, NOS"	
Release 47 liftover	"Malignant sex cord stromal tumor, most consistent with Sertoli-Leydig cell tumor, moderately differentiated"	"Sex Cord-stromal Tumor, NOS"	
Release 47 liftover	Malignant small blue cell neoplasm	"Neoplasm, malignant"	
Release 47 liftover	"Malignant small blue cell neoplasm, consistent with rhabdomyosarcoma"	"Neoplasm, malignant"	
Release 47 liftover	Malignant small blue cell tumor	"Neoplasm, malignant"	
Release 47 liftover	Malignant small blue cell tumor consistent with medulloblastoma	"Neoplasm, malignant"	
Release 47 liftover	Malignant small blue cell tumor with necrosis	"Neoplasm, malignant"	
Release 47 liftover	"Malignant small blue cell tumor, most consistent with embryonal tumor"	"Neoplasm, malignant"	
Release 47 liftover	"Malignant small cell neoplasm, favor neuroblastoma"	"Neoplasm, NOS"	
Release 47 liftover	Malignant small neoplasm consistent with CIC-DUX4 sarcoma	"Neoplasm, malignant"	
Release 47 liftover	"Malignant small round blue cell neoplasm, favor rhabdomyosarcoma"	"Neoplasm, malignant"	
Release 47 liftover	Malignant small round blue cell tumor	"Neoplasm, malignant"	
Release 47 liftover	"Malignant small round blue cell tumor, consistent with alveolar rhabdomyosarcoma"	"Neoplasm, malignant"	
Release 47 liftover	"Malignant small round blue cell tumor, most consistent with desmoplastic small round cell tumor"	"Neoplasm, malignant"	
Release 47 liftover	malignant small round blue tumor consistent with rhabdomyosarcoma	"Neoplasm, malignant"	
Release 47 liftover	Malignant small round cell tumor	"Neoplasm, malignant"	
Release 47 liftover	Malignant small round cell tumor with prominent desmoplasia	"Neoplasm, malignant"	
Release 47 liftover	"Malignant small round cell tumor, consistent with rhabdomyosarcoma"	"Neoplasm, malignant"	
Release 47 liftover	"Malignant small round cell tumor, findings suggestive of an extraskeletal Ewing sarcoma"	"Neoplasm, malignant"	
Release 47 liftover	Malignant SMARCB1-deficient tumor	"Neoplasm, malignant"	
Release 47 liftover	Malignant somatic neoplasm with multiphase sarcomatous components consistent with embryonal-type sarcoma	"Neoplasm, malignant"	
Release 47 liftover	Malignant spindle and round cell sarcoma	"Neoplasm, malignant"	
Release 47 liftover	Malignant spindle cell neoplasm	"Neoplasm, malignant"	
Release 47 liftover	Malignant spindle cell neoplasm with rhabdomyosarcomatous features	"Malignant tumor, spindle cell type"	
Release 47 liftover	"Malignant spindle cell neoplasm, consistent with low grade sarcoma"	"Neoplasm, malignant"	
Release 47 liftover	"Malignant spindle cell neoplasm, most compatible with Pleuropulmonary blastoma type 2 or 3"	"Neoplasm, malignant"	
Release 47 liftover	Malignant spindle cell tumor	"Malignant tumor, spindle cell type"	
Release 47 liftover	Malignant spindle cell tumor expressing muscle differentiation. Tumor appears most consistent with an embryonal rhabdomyosarcoma	"Malignant tumor, spindle cell type"	
Release 47 liftover	Malignant spindle cell tumor with smooth muscle differentiation	"Malignant tumor, spindle cell type"	
Release 47 liftover	"Malignant spindle cell tumor, infantile fibrosarcoma"	Infantile fibrosarcoma	
Release 47 liftover	Malignant tumor with epithelial differentiation	"Neoplasm, malignant"	
Release 47 liftover	Malignant tumor with melanocytic differentiation arising from mature teratoma of the ovary	"Neoplasm, malignant"	
Release 47 liftover	Malignant tumor with primitive features	"Neoplasm, malignant"	
Release 47 liftover	Markedly atypical spindle cell proliferation	Unknown	
Release 47 liftover	"Mass, Sinonasal Tumor"	"Neoplasm, NOS"	
Release 47 liftover	"Mass, Sinonasal Tumor; Rhabdomyosarcoma"	Rhabdomyosarcoma	
Release 47 liftover	Medullary carcinoma	"Medullary carcinoma, NOS"	
Release 47 liftover	Medulloblastoma (CNS WHO grade 4)	Medulloblastoma	
Release 47 liftover	Medulloblastoma (WHO grade 4)	Medulloblastoma	
Release 47 liftover	"Medulloblastoma by morphology, NON-WNT by immunohistochemistry"	Medulloblastoma	
Release 47 liftover	Medulloblastoma classic histology CNS WHO 4	Medulloblastoma	
Release 47 liftover	Medulloblastoma classic type CNS who grade 4	Medulloblastoma	
Release 47 liftover	"Medulloblastoma classic type, histologically defined, CNS WHO Grade 4"	Medulloblastoma	
Release 47 liftover	Medulloblastoma classic WHO Grade 4	Medulloblastoma	
Release 47 liftover	Medulloblastoma CNS WHO grade 4	Medulloblastoma	
Release 47 liftover	Medulloblastoma NON-WNT NON-SHH CNS WHO grade 4	"Medulloblastoma, non-WNT/non-SHH"	
Release 47 liftover	Medulloblastoma non-WNT/non-SHH	"Medulloblastoma, non-WNT/non-SHH"	
Release 47 liftover	Medulloblastoma SHH activated favor TP53 wild type WHO grade 4	"Medulloblastoma, SHH activated, NOS"	
Release 47 liftover	Medulloblastoma WHO grade 4	Medulloblastoma	
Release 47 liftover	"Medulloblastoma WHO grade 4, classic type by morphology"	Medulloblastoma	
Release 47 liftover	Medulloblastoma WHO grade IV	Medulloblastoma	
Release 47 liftover	"Medulloblastoma with anaplasia, WHO grade IV"	Medulloblastoma	
Release 47 liftover	Medulloblastoma with extensive nodularity	Medulloblastoma	
Release 47 liftover	Medulloblastoma with features suggestive of anaplasia	Medulloblastoma	
Release 47 liftover	"Medulloblastoma with large cell/anaplastic histology, CNS WHO grade 4"	Large cell medulloblastoma	
Release 47 liftover	Medulloblastoma with myogenic differentiation	Medulloblastoma	
Release 47 liftover	Medulloblastoma with scattered rhabdomyoblastic cells(medullomyoblastoma)	Medulloblastoma	
Release 47 liftover	Medulloblastoma WNT-Activated(IHC) CNS WHO grade 4	"Medulloblastoma, WNT-activated"	
Release 47 liftover	"Medulloblastoma, ""classic"" histopathological subtype (NOS)"	Medulloblastoma	
Release 47 liftover	"Medulloblastoma, anaplastic histology, WHO grade 4"	Medulloblastoma	
Release 47 liftover	"Medulloblastoma, anaplastic/large cell histology, group 4 (WHO grade 4)"	Large cell medulloblastoma	
Release 47 liftover	"Medulloblastoma, anaplastic/large cell histology, Non-WNT NON-SHH (By IHC), WHO grade 4"	Large cell medulloblastoma	
Release 47 liftover	"Medulloblastoma, anaplastic/large-cell, non-WNT"	Large cell medulloblastoma	
Release 47 liftover	"Medulloblastoma, classic"	Medulloblastoma	
Release 47 liftover	"Medulloblastoma, classic (Biphasic) histologic type, Non-SHH/Non-WNT molecular group, CNS WHO Grade 4"	"Medulloblastoma, non-WNT/non-SHH"	
Release 47 liftover	"Medulloblastoma, classic histologic type (CNS WHO grade 4)"	Medulloblastoma	
Release 47 liftover	"Medulloblastoma, classic histologic type, CNS WHO grade 4"	Medulloblastoma	
Release 47 liftover	"Medulloblastoma, classic histologic type, molecular group 4, CNS WHO grade 4"	Medulloblastoma	
Release 47 liftover	"Medulloblastoma, classic histologic type, non-WNT/non-SHH molecular group, CNS WHO grade 4"	"Medulloblastoma, non-WNT/non-SHH"	
Release 47 liftover	"Medulloblastoma, classic histologic type, non-WNT/non-SHH molecular subtype, WHO grade 4"	"Medulloblastoma, non-WNT/non-SHH"	
Release 47 liftover	"Medulloblastoma, classic histologic type, WNT-activated molecular type, WHO grade 4"	"Medulloblastoma, WNT-activated"	
Release 47 liftover	"Medulloblastoma, classic histologic type. non-WNT/non-SHH. CNS WHO grade 4"	"Medulloblastoma, non-WNT/non-SHH"	
Release 47 liftover	"Medulloblastoma, classic histologic variant, WHO grade 4"	Medulloblastoma	
Release 47 liftover	"Medulloblastoma, classic histological type, nonWNT/ nonSHH molecular group WHO grade 4"	"Medulloblastoma, non-WNT/non-SHH"	
Release 47 liftover	"Medulloblastoma, classic histology"	Medulloblastoma	
Release 47 liftover	"Medulloblastoma, classic histology type, non-WNT/non-SHH molecular group"	"Medulloblastoma, non-WNT/non-SHH"	
Release 47 liftover	"Medulloblastoma, classic histology type, WNT-activated molecular group, CNS WHO grade 4"	"Medulloblastoma, WNT-activated"	
Release 47 liftover	"Medulloblastoma, classic histology, CNS WHO grade 4"	Medulloblastoma	
Release 47 liftover	"Medulloblastoma, classic histology, group 4 (WHO grade 4)"	Medulloblastoma	
Release 47 liftover	"Medulloblastoma, classic histology, non-WNT and favor non-SHH, WHO Grade 4"	Medulloblastoma	
Release 47 liftover	"Medulloblastoma, classic histology, non-WNT/non-SSH, WHO grade 4"	"Medulloblastoma, non-WNT/non-SHH"	
Release 47 liftover	"Medulloblastoma, classic histology, SHH activated and TP53 wild-type, CNS WHO grade 4"	"Medulloblastoma, SHH-activated and TP53-wildtype"	
Release 47 liftover	"Medulloblastoma, classic histology, WHO grade 4"	Medulloblastoma	
Release 47 liftover	"Medulloblastoma, classic histology, WNT-activated"	"Medulloblastoma, WNT-activated"	
Release 47 liftover	"Medulloblastoma, classic histology, WNT-driven (WHO Grade 4)"	"Medulloblastoma, WNT-activated"	
Release 47 liftover	"Medulloblastoma, classic histopathological subtype (NOS)"	Medulloblastoma	
Release 47 liftover	"Medulloblastoma, classic morphology"	Medulloblastoma	
Release 47 liftover	"Medulloblastoma, classic morphology, CNS WHO grade 4, NON-WNT/NON-SHH, Group 4 subtype by methylation"	"Medulloblastoma, non-WNT/non-SHH"	
Release 47 liftover	"Medulloblastoma, classic morphology, non-WNT by immunohistochemistry"	Medulloblastoma	
Release 47 liftover	"Medulloblastoma, classic pattern"	Medulloblastoma	
Release 47 liftover	"Medulloblastoma, classic pattern, WHO grade IV"	Medulloblastoma	
Release 47 liftover	"Medulloblastoma, classic subtype"	Medulloblastoma	
Release 47 liftover	"Medulloblastoma, classic type"	Medulloblastoma	
Release 47 liftover	"Medulloblastoma, Classic type (CNS WHO grade 4)"	Medulloblastoma	
Release 47 liftover	"Medulloblastoma, classic type, CNS WHO grade 4"	Medulloblastoma	
Release 47 liftover	"Medulloblastoma, classic type, histologically defined, WHO grade 4"	Medulloblastoma	
Release 47 liftover	"Medulloblastoma, classic type, WHO CNS grade 4"	Medulloblastoma	
Release 47 liftover	"Medulloblastoma, classic type, WHO grade 4"	Medulloblastoma	
Release 47 liftover	"Medulloblastoma, classic type. CNS WHO grade 4, WNT-activated"	Medulloblastoma	
Release 47 liftover	"Medulloblastoma, classic variant"	Medulloblastoma	
Release 47 liftover	"Medulloblastoma, classic variant, WHO Grade 4"	Medulloblastoma	
Release 47 liftover	"Medulloblastoma, classic, CNS WHO grade 4"	Medulloblastoma	
Release 47 liftover	"Medulloblastoma, classic, non-WNT, WHO Grade 4"	Medulloblastoma	
Release 47 liftover	"Medulloblastoma, classical histology"	Medulloblastoma	
Release 47 liftover	"Medulloblastoma, classical type, NOS, histologically defined, WHO grade 4"	Medulloblastoma	
Release 47 liftover	"Medulloblastoma, CNS WHO GRADE 4"	Medulloblastoma	
Release 47 liftover	"Medulloblastoma, CNS WHO Grade 4, classic type"	Medulloblastoma	
Release 47 liftover	"Medulloblastoma, CNS WHO Grade 4, residual/recurrent, histologically large cell/anaplastic, molecularly consistent with SHH-activated, TP53-mutant"	Large cell medulloblastoma	
Release 47 liftover	"Medulloblastoma, CNS WHO grade 4. Large cell anaplastic histology."	Large cell medulloblastoma	
Release 47 liftover	"Medulloblastoma, CNS-WHO grade 4"	Medulloblastoma	
Release 47 liftover	"Medulloblastoma, desmoplastic / nodular, CNS WHO 4"	Desmoplastic nodular medulloblastoma	
Release 47 liftover	"Medulloblastoma, desmoplastic nodular histologic variant, CNS WHO Grade 4"	Desmoplastic nodular medulloblastoma	
Release 47 liftover	"Medulloblastoma, Desmoplastic nodular morphology, Non-WNT by Immunohistochemistry"	Desmoplastic nodular medulloblastoma	
Release 47 liftover	"Medulloblastoma, desmoplastic pattern, WHO Grade IV"	Medulloblastoma	
Release 47 liftover	"Medulloblastoma, desmoplastic/nodular histologic subtype, with immunoprofile supporting SHH-activated, TP-53 mutant molecular subclass"	Desmoplastic nodular medulloblastoma	
Release 47 liftover	"Medulloblastoma, Desmoplastic/nodular histologic type"	Desmoplastic nodular medulloblastoma	
Release 47 liftover	"Medulloblastoma, desmoplastic/nodular histology"	Desmoplastic nodular medulloblastoma	
Release 47 liftover	"Medulloblastoma, desmoplastic/nodular type, CNS WHO Grade 4"	Desmoplastic nodular medulloblastoma	
Release 47 liftover	"Medulloblastoma, desmoplastic/nodular variant (WHO grade 4)."	Desmoplastic nodular medulloblastoma	
Release 47 liftover	"Medulloblastoma, desmoplastic/nodular, SHH activated, CNS WHO Grade 4"	Desmoplastic nodular medulloblastoma	
Release 47 liftover	"Medulloblastoma, desmoplastic/nodular, WHO grade 4"	Desmoplastic nodular medulloblastoma	
Release 47 liftover	"Medulloblastoma, favor classic subtype"	Medulloblastoma	
Release 47 liftover	"Medulloblastoma, favor classical histology (WHO Grade IV)"	Medulloblastoma	
Release 47 liftover	"Medulloblastoma, favored"	Unknown	
Release 47 liftover	"Medulloblastoma, Group 3 subtype (WHO grade 4)"	"Medulloblastoma, Group 3"	
Release 47 liftover	"Medulloblastoma, histologically classical type, CNS WHO grade 4"	Medulloblastoma	
Release 47 liftover	"Medulloblastoma, large cell anaplasstic (LC/A), WHO grade IV"	Large cell medulloblastoma	
Release 47 liftover	"Medulloblastoma, large cell anaplastic variant, WHO grade 4."	Large cell medulloblastoma	
Release 47 liftover	"Medulloblastoma, Large cell/anaplastic"	Large cell medulloblastoma	
Release 47 liftover	"Medulloblastoma, large cell/anaplastic histologic type"	Large cell medulloblastoma	
Release 47 liftover	"Medulloblastoma, nodular desmoplastic WHO grade 4"	Desmoplastic nodular medulloblastoma	
Release 47 liftover	"Medulloblastoma, nodular/desmoplastic pattern, WHO Grade IV"	Desmoplastic nodular medulloblastoma	
Release 47 liftover	"Medulloblastoma, non-SHH/non-WNT, WHO grade 4"	"Medulloblastoma, non-WNT/non-SHH"	
Release 47 liftover	"Medulloblastoma, non-WNT / non-SHH (CNS WHO grade 4)"	"Medulloblastoma, non-WNT/non-SHH"	
Release 47 liftover	"Medulloblastoma, non-WNT, non-SHH"	"Medulloblastoma, non-WNT/non-SHH"	
Release 47 liftover	"Medulloblastoma, Non-WNT, Non-SHH WHO GRADE 4"	"Medulloblastoma, non-WNT/non-SHH"	
Release 47 liftover	"Medulloblastoma, non-WNT/ non-SHH"	"Medulloblastoma, non-WNT/non-SHH"	
Release 47 liftover	"Medulloblastoma, non-WNT/ non-SHH CNS WHO grade 4"	"Medulloblastoma, non-WNT/non-SHH"	
Release 47 liftover	"Medulloblastoma, non-WNT/non-hedgehog activated, CNS WHO grade 4"	"Medulloblastoma, non-WNT/non-SHH"	
Release 47 liftover	"Medulloblastoma, non-WNT/non-SHH (CNS WHO grade 4)"	"Medulloblastoma, non-WNT/non-SHH"	
Release 47 liftover	"Medulloblastoma, NON-WNT/NON-SHH CNS WHO GRADE 4"	"Medulloblastoma, non-WNT/non-SHH"	
Release 47 liftover	"Medulloblastoma, Non-WNT/Non-SHH group CNS WHO grade 4"	"Medulloblastoma, non-WNT/non-SHH"	
Release 47 liftover	"Medulloblastoma, non-WNT/non-SHH, classic morphology, WHO CNS grade 4"	"Medulloblastoma, non-WNT/non-SHH"	
Release 47 liftover	"Medulloblastoma, Non-WNT/Non-SHH, CNS WHO grade 4"	"Medulloblastoma, non-WNT/non-SHH"	
Release 47 liftover	"Medulloblastoma, non-WNT/non-SHH, Group 3"	"Medulloblastoma, non-WNT/non-SHH"	
Release 47 liftover	"Medulloblastoma, non-WNT/non-SHH, WHO grade 4"	"Medulloblastoma, non-WNT/non-SHH"	
Release 47 liftover	"Medulloblastoma, non-WNT/non-SHH. Classic-type with pseudonodular regions. CNS WHO grade 4,"	"Medulloblastoma, non-WNT/non-SHH"	
Release 47 liftover	"Medulloblastoma, NOS or NEC"	Medulloblastoma	
Release 47 liftover	"Medulloblastoma, NOS WHO Grade 4"	Medulloblastoma	
Release 47 liftover	"Medulloblastoma, SHH activated and TP 53 wild-type, CNS WHO grade 4"	"Medulloblastoma, SHH-activated and TP53-wildtype"	
Release 47 liftover	"Medulloblastoma, SHH activated and TP53-wildtype, WHO Grade 4"	"Medulloblastoma, SHH-activated and TP53-wildtype"	
Release 47 liftover	"Medulloblastoma, SHH-activated and TP53-wild type"	"Medulloblastoma, SHH-activated and TP53-wildtype"	
Release 47 liftover	"Medulloblastoma, SHH-activated and TP53-wildtype, CNS WHO grade 4"	"Medulloblastoma, SHH-activated and TP53-wildtype"	
Release 47 liftover	"Medulloblastoma, SHH-activated and TP53-wildtype, Medulloblastoma with extensive nodularity (MBEN)"	"Medulloblastoma, SHH-activated and TP53-wildtype"	
Release 47 liftover	"Medulloblastoma, SHH-activated, CNS WHO grade 4"	"Medulloblastoma, SHH activated, NOS"	
Release 47 liftover	"Medulloblastoma, SHH-activated, p53 wild-type pattern (by IHC). CNS WHO grade: 4"	"Medulloblastoma, SHH-activated and TP53-wildtype"	
Release 47 liftover	"Medulloblastoma, WHO grade 4"	Medulloblastoma	
Release 47 liftover	"Medulloblastoma, WHO Grade 4, classic histology, molecular subtype NOS"	Medulloblastoma	
Release 47 liftover	"Medulloblastoma, WHO grade IV"	Medulloblastoma	
Release 47 liftover	"Medulloblastoma, with extensive nodularity"	Medulloblastoma	
Release 47 liftover	"Medulloblastoma, with features suggestive of desmoplastic nodular histology, CNS WHO grade 4"	Medulloblastoma	
Release 47 liftover	"Medulloblastoma, with focal anaplasia"	Medulloblastoma	
Release 47 liftover	"Medulloblastoma, WNT activated with classic histology WHO grade 4"	"Medulloblastoma, WNT-activated"	
Release 47 liftover	"Medulloblastoma, WNT activated, WHO Grade 4"	"Medulloblastoma, WNT-activated"	
Release 47 liftover	"Medulloblastoma, WNT-activated, WHO Grade 4"	"Medulloblastoma, WNT-activated"	
Release 47 liftover	"Medulloblastoma,classical type with areas of anapalia CNS WHO grade 4"	Medulloblastoma	
Release 47 liftover	Medulloblastoma; Embryonal neoplasm with focal pleomorphic features	Medulloblastoma	
Release 47 liftover	Melanocytic neuroectodermal tumor of infancy	Melanotic neuroectodermal tumor	
Release 47 liftover	Melanoma versus clear cell sarcoma	"Neoplasm, NOS"	
Release 47 liftover	"Meningeal Tumor, Meningioma, transitional subtype. CNS WHO Grade 1."	Meningioma	
Release 47 liftover	"Meningeal TumorvMeningioma, transitional subtype. CNS WHO Grade 1."	Meningioma	
Release 47 liftover	Meningioangiomatosis	Unknown	
Release 47 liftover	Meningioma (CNS WHO grade 1)	Meningioma	
Release 47 liftover	Meningioma (WHO Grade 1)	Meningioma	
Release 47 liftover	Meningioma anaplastic	Meningioma	
Release 47 liftover	Meningioma with dominant myxoid components and chordoid elements	Meningioma	
Release 47 liftover	"Meningioma, atypical, CNS WHO Grade 2"	Atypical meningioma	
Release 47 liftover	"Meningioma, cLear cell subtype CNS WHO grade 2"	Clear cell meningioma	
Release 47 liftover	"Meningioma, clear-cell type, CNS WHO grade 2"	Clear cell meningioma	
Release 47 liftover	"meningioma, CNS WHO grade 1"	Meningioma	
Release 47 liftover	"Meningioma, CNS WHO grade 1, with elevated proliferative index"	Meningioma	
Release 47 liftover	"Meningioma, CNS-WHO grade 1 with high proliferation"	Meningioma	
Release 47 liftover	"Meningioma, fibrous subtype, CNS WHO grade 1"	Fibrous meningioma	
Release 47 liftover	"Meningioma, transitional subtype, CNS WHO grade 1"	Transitional meningioma	
Release 47 liftover	"Meningioma, transitional type"	Transitional meningioma	
Release 47 liftover	"Meningioma, transitional, CNS WHO grade 1"	Transitional meningioma	
Release 47 liftover	"Meningioma, WHO grade 1"	Meningioma	
Release 47 liftover	"Meningioma, WHO grade 2"	Meningioma	
Release 47 liftover	Meningioma: Clear cell CNS WHO grade 2	Clear cell meningioma	
Release 47 liftover	"Meningothelial meningioma, CNS WHO grade 1"	Meningothelial meningioma	
Release 47 liftover	"Meningothelial meningioma, grade 1"	Meningothelial meningioma	
Release 47 liftover	"Mesenchymal chondrosarcoma, with HEY-NCOA2 gene fusion"	Mesenchymal chondrosarcoma	
Release 47 liftover	Mesenchymal lesion	Unknown	
Release 47 liftover	Mesenchymal neoplasm	"Mesenchymal Tumor, NOS"	
Release 47 liftover	"Mesenchymal neoplasm, favor hemangioblastoma, CNS WHO grade 1"	"Mesenchymal Tumor, NOS"	
Release 47 liftover	"Mesenchymal neoplasm, favor meningioma"	"Mesenchymal Tumor, NOS"	
Release 47 liftover	Mesenchymal tumor with EWSR1::ATF1 fusion	"Mesenchymal Tumor, NOS"	
Release 47 liftover	Mesenchymal tumor with prominent fibrous morphology and focal atypical features	"Mesenchymal Tumor, NOS"	
Release 47 liftover	"Mesenchymal tumor, non-meningothelial"	"Mesenchymal Tumor, NOS"	
Release 47 liftover	"Metastatic """"small blue cell tumor"""" with neuroendocrine feature extensively involving the bone marrow"	"Neoplasm, metastatic"	
Release 47 liftover	Metastatic adenocarcinoma with mucinous features	"Adenocarcinoma, metastatic, NOS"	
Release 47 liftover	Metastatic adrenal cortical carcinoma	Adrenal cortical carcinoma	
Release 47 liftover	metastatic alveolar rhabdomyosarcoma	Alveolar rhabdomyosarcoma	
Release 47 liftover	Metastatic alveolar soft part sarcoma	Alveolar soft part sarcoma	
Release 47 liftover	Metastatic carcinoma	"Carcinoma, metastatic, NOS"	
Release 47 liftover	"Metastatic carcinoma, morphologically consistent with known nasopharyngeal carcincoma, undifferentiated."	"Carcinoma, metastatic, NOS"	
Release 47 liftover	Metastatic clear cell sarcoma	Clear Cell Sarcoma	
Release 47 liftover	Metastatic desmoplastic small round cell tumor	"Neoplasm, metastatic"	
Release 47 liftover	Metastatic embryonal rhabdomyosarcoma	Embryonal Rhabdomyosarcoma	
Release 47 liftover	Metastatic embryonal rhabdomyosarcoma in three nodules	Embryonal Rhabdomyosarcoma	
Release 47 liftover	Metastatic ewing sarcoma	Ewing sarcoma	
Release 47 liftover	Metastatic high grade sarcomatous neoplasm	High Grade Sarcoma	
Release 47 liftover	Metastatic leiomyosarcoma FNCLCC grade 2	"Leiomyosarcoma, NOS"	
Release 47 liftover	Metastatic malignant undifferentiated neoplasm consistent with rhabdoid tumor	"Neoplasm, malignant"	
Release 47 liftover	Metastatic medullary carcinoma	"Medullary carcinoma, NOS"	
Release 47 liftover	Metastatic Melanoma	Melanoma	
Release 47 liftover	Metastatic nasopharyngeal carcinoma	Nasopharyngeal Carcinoma	
Release 47 liftover	"Metastatic nasopharyngeal carcinoma, nonkeratinizing squamous cell carcinoma subtype"	Nasopharyngeal Carcinoma	
Release 47 liftover	"Metastatic nasopharyngeal carcinoma, nonkeratinizing, undifferentiated subtype, EBV (EBER) highly positive."	Nasopharyngeal Carcinoma	
Release 47 liftover	Metastatic Neuroblastoma	Neuroblastoma	
Release 47 liftover	Metastatic neuroblastoma 50-80 percent marrow cellularity and trilineage hematopoietic maturation	Neuroblastoma	
Release 47 liftover	Metastatic neuroblastoma involving left (greater than 95 percent) and right (greater than 95 percent) normocellular bone marrow with significantly decreased trilineage hematopoiesis	Neuroblastoma	
Release 47 liftover	"Metastatic neuroblastoma, differentiating subtype"	Neuroblastoma	
Release 47 liftover	"Metastatic neuroblastoma, differentiating subtype, low MKI, favorable histology"	Neuroblastoma	
Release 47 liftover	"Metastatic neuroblastoma, extensive involvement"	Neuroblastoma	
Release 47 liftover	"Metastatic neuroblastoma, favorable histopathology"	Neuroblastoma	
Release 47 liftover	"Metastatic neuroblastoma, multifocal"	Neuroblastoma	
Release 47 liftover	"Metastatic neuroblastoma, poorly differentiated"	Neuroblastoma	
Release 47 liftover	"Metastatic neuroblastoma, poorly differentiated subtype"	Neuroblastoma	
Release 47 liftover	"Metastatic neuroblastoma, poorly differentiated, age greater than 5 years old, unfavorable histologic group"	Neuroblastoma	
Release 47 liftover	"Metastatic neuroendocrine neoplasm, best regarded as high grade neuroendocrine carcinoma, small cell type (small cell carcinoma), consistent with lung origin."	"Neuroendocrine tumor, NOS"	
Release 47 liftover	Metastatic neuroendocrine tumor in two lymph nodes	"Neuroendocrine tumor, NOS"	
Release 47 liftover	Metastatic papillary thyroid carcinoma	Papillary Thyroid Carcinoma	
Release 47 liftover	Metastatic papillary thyroid carcinoma in three of four lymph nodes	Papillary Thyroid Carcinoma	
Release 47 liftover	Metastatic pediatric adrenocortical carcinoma	Adrenocortical Carcinoma	
Release 47 liftover	Metastatic polyphenotypic malignant neoplasm	"Neoplasm, malignant"	
Release 47 liftover	"Metastatic poorly differentiated carcinoma most compatible with squamous cell carcinoma (lymphoepithelial type, EBER positive)"	"Carcinoma, metastatic, NOS"	
Release 47 liftover	metastatic poorly differentiated neuroblastoma	Neuroblastoma	
Release 47 liftover	Metastatic poorly-differentiated neuroblastoma	Neuroblastoma	
Release 47 liftover	Metastatic pulmonary adenocarcinoma	"Adenocarcinoma, metastatic, NOS"	
Release 47 liftover	Metastatic rhabdomyosarcoma	Rhabdomyosarcoma	
Release 47 liftover	"Metastatic sarcoma, consistent with angiosarcoma component from this patients previously identified nerve sheath tumor with angiosarcomatous transformation"	"Sarcoma, NOS"	
Release 47 liftover	Metastatic tumor high risk neuroblastoma	Neuroblastoma	
Release 47 liftover	Metastatic undifferentiated carcinoma	"Carcinoma, metastatic, NOS"	
Release 47 liftover	Metastatic undifferentiated malignant neoplasm	"Neoplasm, malignant"	
Release 47 liftover	Metastatic well-differentiated neuroendocrine neoplasm	"Neuroendocrine tumor, NOS"	
Release 47 liftover	MGA::NUTM1 rearranged spindle and epithelioid cell sarcoma	Epithelioid sarcoma	
Release 47 liftover	Middle ear neuroendocrine tumor	"Neuroendocrine tumor, NOS"	
Release 47 liftover	Midline frontal tumor	"Brain Tumor, NOS"	
Release 47 liftover	"Midline posterior fossa brain, biopsy: Features of Medulloblastoma"	Unknown	
Release 47 liftover	Minimally invasive encapsulated follicular variant papillary thyroid carcinoma	"Papillary carcinoma, encapsulated of thyroid"	
Release 47 liftover	Mismatch repair associated high grade glioma	"High-grade glioma, NOS or NEC"	
Release 47 liftover	Mitotically active glial/ glioneuronal neoplasm	"Gliomas, Glioneuronal Tumors, and Neuronal Tumors, NOS"	
Release 47 liftover	Mitotically active glioma	"Gliomas, Glioneuronal Tumors, and Neuronal Tumors, NOS"	
Release 47 liftover	Mitotically active infiltrating glioma	"Gliomas, Glioneuronal Tumors, and Neuronal Tumors, NOS"	
Release 47 liftover	Mixed germ cell w/ matrue teratoma	Mixed germ cell tumor	
Release 47 liftover	Mixed malignant germ cell tumor	Malignant Mixed Germ Cell Tumor	
Release 47 liftover	"Mixed malignant germ cell tumor with components of embryonal carcinoma, choriocarcinoma, and mature teratoma"	Malignant Mixed Germ Cell Tumor	
Release 47 liftover	"Mixed malignant germ cell tumor, predominantly immature teratoma with rare small foci of germinoma"	Malignant Mixed Germ Cell Tumor	
Release 47 liftover	Mixed sex cord stromal tumor of ovary	"Sex Cord-stromal Tumor, NOS"	
Release 47 liftover	Mixed spindle cell and epithelioid type	Unknown	
Release 47 liftover	"Moderately cellular glioma, IDH-wildtype by immunohistochemistry"	"Gliomas, Glioneuronal Tumors, and Neuronal Tumors, NOS"	
Release 47 liftover	Moderately cellular neoplasm	"Neoplasm, NOS"	
Release 47 liftover	"Moderately differentiated adenocarcinoma, consistent with colon primary"	Adenocarcinoma	
Release 47 liftover	Moderately differentiated invasive adenocarcinoma of the sigmoid colon arising on the background of severe adenomatous polyposis	Adenocarcinoma	
Release 47 liftover	Moderately differentiated Sertoli-Leydig cell tumor	Sertoli-Leydig Cell Tumor	
Release 47 liftover	"Moderately hypercellular glial parenchyma, consistent with pediatric type diffuse low-grade glioma"	"Gliomas, Glioneuronal Tumors, and Neuronal Tumors, NOS"	
Release 47 liftover	Moderately to poorly differentiated adenocarcinoma	Adenocarcinoma	
Release 47 liftover	Modestly hypercellular brain tissue with mild nuclear atypia	Unknown	
Release 47 liftover	Monophasic Synovial sarcoma	Synovial Sarcoma	
Release 47 liftover	"Monophasic synovial sarcoma, intermediate-grade (FNCLCC Grade 2 of 3)"	Synovial Sarcoma	
Release 47 liftover	"Morphologically aligns well with choroid plexus papilloma, CNS WHO Grade 1"	Unknown	
Release 47 liftover	Morphologically compatible with low grade astrocytic tumor	Unknown	
Release 47 liftover	Morphologically consistent with high-grade neuroepithelial tumor	Unknown	
Release 47 liftover	Morphologically consistent with low grade glial neoplasm	Unknown	
Release 47 liftover	"Morphologically consistent with Pilocytic Astrocytoma, CNS WHO grade 1."	Unknown	
Release 47 liftover	"Morphologically consistent with pilocytic astrocytoma, WHO grade 1"	Unknown	
Release 47 liftover	Morphologically consistent with pilomyxoid astrocytoma	Unknown	
Release 47 liftover	Morphologically low grade glial lesion suggestive of pilocytic astrocytoma	Unknown	
Release 47 liftover	Morphologicaly features suggestive of glioneuronal myxoid neoplasm	Unknown	
Release 47 liftover	Morphology aligns with pilocytic astrocytoma	Unknown	
Release 47 liftover	Most compatible with undifferentiated pleomorphic sarcoma	Unknown	
Release 47 liftover	"Most consistent with astrocytoma, IDH-1 mutant, WHO grade III"	Unknown	
Release 47 liftover	Most consistent with atypical teratoid/rhabdoid tumor	"Neoplasm, malignant"	
Release 47 liftover	"Most consistent with atypical teratoid/rhabdoid tumor, CNS WHO grade 4"	"Neoplasm, malignant"	
Release 47 liftover	Most consistent with clear cell meningioma	Unknown	
Release 47 liftover	"Most consistent with ependymoma, WHO Grade III"	Unknown	
Release 47 liftover	most consistent with Pilocytic astrocytoma	Unknown	
Release 47 liftover	Most consistent with primitive/ embryonal tumor	Unknown	
Release 47 liftover	Mucinous adenocarcinoma arising in the background of mucinous cystadenoma	Mucinous adenocarcinoma	
Release 47 liftover	Mucinous borderline tumor arising in background of mucinous cystadenoma	Mucinous Borderline Tumor	
Release 47 liftover	"Mucinous borderline tumor, ovary"	Mucinous Borderline Tumor	
Release 47 liftover	Mucinous carcinoma of the ovary with expansile pattern of invasion	Mucinous Carcinoma	
Release 47 liftover	"Mucinous neoplasm, with focal intraepithelial carcinoma and focal expansile growth"	"Mucinous Tumor, NOS"	
Release 47 liftover	Mucinous ovarian borderline tumor	Mucinous Borderline Tumor	
Release 47 liftover	Mucinous ovarian carcinoma	Mucinous Carcinoma	
Release 47 liftover	Mucoepidermoid carcinoma (low grade)	Mucoepidermoid carcinoma	
Release 47 liftover	Mucoepidermoid carcinoma low grade	Mucoepidermoid carcinoma	
Release 47 liftover	"Mucoepidermoid carcinoma, low grade"	Mucoepidermoid carcinoma	
Release 47 liftover	Mullerian malignancy with rhabdomyosarcomatous differentiation	"Neoplasm, malignant"	
Release 47 liftover	Multifocal cribriform morular thyroid carcinoma	Papillary Thyroid Carcinoma	
Release 47 liftover	Multifocal papillary microcarcinoma confined to they thyroid	Papillary microcarcinoma	
Release 47 liftover	Multifocal papillary thyroid carcinoma	Papillary Thyroid Carcinoma	
Release 47 liftover	"Multifocal papillary thyroid carcinoma involving both the left and right lobes, classical type"	Papillary Thyroid Carcinoma	
Release 47 liftover	"Multifocal papillary thyroid carcinoma, classic type"	Papillary Thyroid Carcinoma	
Release 47 liftover	Multinodular papillary thyroid carcinoma	Papillary Thyroid Carcinoma	
Release 47 liftover	"Multiple gastrointestinal tumors, epithelioid type"	"Epithelioid Neoplasm, NOS"	
Release 47 liftover	Myofibroblastic neoplasm with infiltrative growth pattern	"Myofibroblastic tumor, NOS"	
Release 47 liftover	Myofibroblastic proliferation most consistent with Desmoplastic fibromatosis	Unknown	
Release 47 liftover	Myofibroblastic proliferation suggestive of inflammatory myofibroblastic tumor	Unknown	
Release 47 liftover	Myofibroblastic tumor with epithelioid spindle cell morphology	"Myofibroblastic tumor, NOS"	
Release 47 liftover	Myxoid glial neoplasm	"Gliomas, Glioneuronal Tumors, and Neuronal Tumors, NOS"	
Release 47 liftover	"Myxoid glioneuronal tumor, CNS WHO grade 1"	Myxoid glioneuronal tumor	
Release 47 liftover	"Myxoid glioneuronal tumour, WHO grade 1"	Myxoid glioneuronal tumor	
Release 47 liftover	Myxoid liposarcoma (AJCC Stage pT2)	Myxoid liposarcoma	
Release 47 liftover	"Myxoid Liposarcoma, Low-grade"	Myxoid liposarcoma	
Release 47 liftover	Myxoid neoplasm	"Myxoid Neoplasm, NOS"	
Release 47 liftover	Myxoid spindle cell neoplasm	"Myxoid Neoplasm, NOS"	
Release 47 liftover	Myxopapillary ependymoma (CNS WHO grade II)	Myxopapillary ependymoma	
Release 47 liftover	Myxopapillary ependymoma (WHO grade 2)	Myxopapillary ependymoma	
Release 47 liftover	Myxopapillary ependymoma WHO grade 2	Myxopapillary ependymoma	
Release 47 liftover	Myxopapillary ependymoma with anaplastic features	Myxopapillary ependymoma	
Release 47 liftover	"Myxopapillary ependymoma, anaplastic"	Myxopapillary ependymoma	
Release 47 liftover	"Myxopapillary ependymoma, anaplastic, WHO Grade 3"	Myxopapillary ependymoma	
Release 47 liftover	"Myxopapillary ependymoma, CNS WHO grade 2"	Myxopapillary ependymoma	
Release 47 liftover	"Myxopapillary ependymoma, WHO CNS grade 2"	Myxopapillary ependymoma	
Release 47 liftover	"Myxopapillary ependymoma, WHO Grade 2"	Myxopapillary ependymoma	
Release 47 liftover	Myxopapilloma ependymoma	Myxopapillary ependymoma	
Release 47 liftover	Nasal embryonal rhabdomyosarcoma	Embryonal Rhabdomyosarcoma	
Release 47 liftover	Nasopharyngeal carcinoma metastatic	Nasopharyngeal Carcinoma	
Release 47 liftover	"Nasopharyngeal carcinoma, nonkeratinizing"	Nasopharyngeal Carcinoma	
Release 47 liftover	"Nasopharyngeal carcinoma, non-keratinizing"	Nasopharyngeal Carcinoma	
Release 47 liftover	"Nasopharyngeal carcinoma, non-keratinizing squamous cell carcinoma type"	Nasopharyngeal Carcinoma	
Release 47 liftover	"Nasopharyngeal carcinoma, nonkeratinizing squamous cell carcinoma, eber positive"	Nasopharyngeal Carcinoma	
Release 47 liftover	"Nasopharyngeal carcinoma, nonkeratinizing, undifferentiated subtype"	Nasopharyngeal Carcinoma	
Release 47 liftover	"Nasopharyngeal carcinoma, nonkeratinizing, undifferentiated type"	Nasopharyngeal Carcinoma	
Release 47 liftover	"Nasopharyngeal carcinoma, undifferentiated subtype"	Nasopharyngeal Carcinoma	
Release 47 liftover	Nasopharyngeal nonkeratinizing carcinoma	Nasopharyngeal Carcinoma	
Release 47 liftover	Neoplasm	"Neoplasm, NOS"	
Release 47 liftover	Neoplasm most consistent with pilocytic astrocytoma	"Neoplasm, NOS"	
Release 47 liftover	Neoplasm of soft tissue of shoulder	"Neoplasm, NOS"	
Release 47 liftover	Neoplasm with abundant multinucleated giant cells	"Neoplasm, NOS"	
Release 47 liftover	Neoplasm with glioneuronal history	"Neoplasm, NOS"	
Release 47 liftover	Neoplasm with meningothelial and clear cell histologic features	"Neoplasm, NOS"	
Release 47 liftover	"Neoplasm, favor glial/neuronal origin"	"Neoplasm, NOS"	
Release 47 liftover	"Neoplasm, histiocytic tumor favored"	"Neoplasm, NOS"	
Release 47 liftover	Neoplastic cells with skeletal muscle differentiation present	"Neoplasm, NOS"	
Release 47 liftover	Neoplastic process suggestive of a high grade astrocytoma	"Neoplasm, NOS"	
Release 47 liftover	Neoplastic tissue with high grade features including atypia	"Neoplasm, NOS"	
Release 47 liftover	"Nerve sheath tumor, most consistent with schwannoma"	"Nerve Sheath Tumor, NOS"	
Release 47 liftover	Neuroblastic tumor	"Neuroendocrine tumor, NOS"	
Release 47 liftover	"Neuroblastic tumor composed of differentiating neuroblastoma, low MKI, and Schwannian stroma"	"Neuroendocrine tumor, NOS"	
Release 47 liftover	"Neuroblastic tumor consistent with neuroblastoma, stroma poor, poorly differentiated, low MKI"	"Neuroendocrine tumor, NOS"	
Release 47 liftover	Neuroblastic tumor with sharply outlined Schwannian stroma-poor and Schwannian stroma-rich regions	"Neuroendocrine tumor, NOS"	
Release 47 liftover	"Neuroblastoma (schwannian stroma-poor), differentiating subtype"	Neuroblastoma	
Release 47 liftover	"Neuroblastoma (schwannian stroma-poor), poorly differentiated sub-type, intermediate MKI"	Neuroblastoma	
Release 47 liftover	"Neuroblastoma (Schwannian stroma-poor, undifferentiated subtype, with high mitotic-karyorrhectic index"	Neuroblastoma	
Release 47 liftover	Neuroblastoma (Schwannian-stroma poor)	Neuroblastoma	
Release 47 liftover	"Neuroblastoma (Shwannian stroma-poor). poorly differentiated, high MKI, unfavorable histology."	Neuroblastoma	
Release 47 liftover	Neuroblastoma CNS	Neuroblastoma	
Release 47 liftover	Neuroblastoma consistent with nodular ganglioneuroblastoma	Neuroblastoma	
Release 47 liftover	"Neuroblastoma, differentiating"	Neuroblastoma	
Release 47 liftover	"Neuroblastoma, differentiating type"	Neuroblastoma	
Release 47 liftover	"Neuroblastoma, differentiating, low MKI"	Neuroblastoma	
Release 47 liftover	"Neuroblastoma, favor poorly differentiated type"	Neuroblastoma	
Release 47 liftover	"Neuroblastoma, favorable histology"	Neuroblastoma	
Release 47 liftover	"Neuroblastoma, favourable histology"	Neuroblastoma	
Release 47 liftover	"Neuroblastoma, Paraspinal mass"	Neuroblastoma	
Release 47 liftover	"Neuroblastoma, poorly differentiated"	Neuroblastoma	
Release 47 liftover	"Neuroblastoma, poorly differentiated subtype"	Neuroblastoma	
Release 47 liftover	"Neuroblastoma, poorly differentiated subtype with high MKI unfavorable histology"	Neuroblastoma	
Release 47 liftover	"Neuroblastoma, poorly differentiated subtype with intermediate MKI"	Neuroblastoma	
Release 47 liftover	"Neuroblastoma, poorly differentiated subtype, intermediate mitotic-karyorrhectic index (MKI), favorable histopathology"	Neuroblastoma	
Release 47 liftover	"Neuroblastoma, poorly differentiated subtype, intermediate MKI (3.2%)"	Neuroblastoma	
Release 47 liftover	"Neuroblastoma, poorly differentiated with high MKI"	Neuroblastoma	
Release 47 liftover	"Neuroblastoma, poorly differentiated with high-MKI, consistent with unfavorable histopathology."	Neuroblastoma	
Release 47 liftover	"Neuroblastoma, poorly differentiated with low mitosis-karyorrhexis"	Neuroblastoma	
Release 47 liftover	"Neuroblastoma, poorly differentiated with low MKI"	Neuroblastoma	
Release 47 liftover	"Neuroblastoma, poorly differentiated, intermediate mitotic-karyorrhectic index, unfavorable histology"	Neuroblastoma	
Release 47 liftover	"Neuroblastoma, poorly differentiated, intermediate MKI, favorable histology"	Neuroblastoma	
Release 47 liftover	"Neuroblastoma, poorly differentiated, low karyorrhectic index"	Neuroblastoma	
Release 47 liftover	"Neuroblastoma, poorly differentiated, low MKI"	Neuroblastoma	
Release 47 liftover	"Neuroblastoma, poorly differentiated, low MKI, favorable histology"	Neuroblastoma	
Release 47 liftover	"Neuroblastoma, poorly differentiated, schwannian stroma poor"	Neuroblastoma	
Release 47 liftover	"Neuroblastoma, poorly differentiated, unfavorable histopathology"	Neuroblastoma	
Release 47 liftover	"Neuroblastoma, poorly differentiated, with high MKI"	Neuroblastoma	
Release 47 liftover	"Neuroblastoma, poorly differentiated, with high MKI and unfavorable histology"	Neuroblastoma	
Release 47 liftover	"Neuroblastoma, Schwannian stroma poor, poorly differentiated, low MKI, favorable histology"	Neuroblastoma	
Release 47 liftover	"Neuroblastoma, Schwannian stroma-poor"	Neuroblastoma	
Release 47 liftover	"Neuroblastoma, Schwannian stroma-poor poorly differentiated, high MKI"	Neuroblastoma	
Release 47 liftover	"Neuroblastoma, Schwannian stroma-poor, poorly differentiated, favor intermediate MKI"	Neuroblastoma	
Release 47 liftover	"Neuroblastoma, Schwannian stroma-poor, poorly differentiated, high mitosis-karyorrhexis-index, unfavorable histology"	Neuroblastoma	
Release 47 liftover	"Neuroblastoma, Schwannian stroma-poor; poorly differentiated, low mitotic-karyorrhectic index (unfavorable histology)."	Neuroblastoma	
Release 47 liftover	"Neuroblastoma, undifferentiated"	Neuroblastoma	
Release 47 liftover	"Neuroblastoma, undifferentiated type"	Neuroblastoma	
Release 47 liftover	"Neuroblastoma, unfavorable histology"	Neuroblastoma	
Release 47 liftover	"Neuroblastoma, unfavorable histology. Poorly differentiated, stroma poor with intermediate MKI. FISH for MYCN amplification is in progress"	Neuroblastoma	
Release 47 liftover	Neurocytoma	"Gliomas, Glioneuronal Tumors, and Neuronal Tumors, NOS"	
Release 47 liftover	"Neuroectodermal tumor, neuroblastoma vs ganglioneuroblastoma"	"Neoplasm, NOS"	
Release 47 liftover	"Neuroectodermal tumor, NTRK1 altered, with low-grade morphologic features"	"Neoplasm, NOS"	
Release 47 liftover	Neuroendocrine	Unknown	
Release 47 liftover	Neuroendocrine carcinoma	"Neuroendocrine carcinoma, NOS"	
Release 47 liftover	Neuroendocrine tumor	"Neuroendocrine tumor, NOS"	
Release 47 liftover	"Neuroendocrine tumor, well differentiated"	"Neuroendocrine tumor, NOS"	
Release 47 liftover	"Neuroendocrine tumor, well-differentiated, WHO grade 1, 1.1 cm, involving the appendiceal tip and extending focally into the subserosal fat"	"Neuroendocrine tumor, NOS"	
Release 47 liftover	Neuroepithelial neoplasm	"Gliomas, Glioneuronal Tumors, and Neuronal Tumors, NOS"	
Release 47 liftover	"Neuroepithelial neoplasm with methylation array match to neuroepithelial tumor, PLAGL1-fused, not elsewhere classified"	"Gliomas, Glioneuronal Tumors, and Neuronal Tumors, NOS"	
Release 47 liftover	"Neuroepithelial neoplasm, Glioma"	"Gliomas, Glioneuronal Tumors, and Neuronal Tumors, NOS"	
Release 47 liftover	"Neuroepithelial neoplasm, low grade, consistent with pilocytic astrocytoma, CNS WHO Grade 1"	"Gliomas, Glioneuronal Tumors, and Neuronal Tumors, NOS"	
Release 47 liftover	"Neuroepithelial neoplasm, not elsewhere classified (NEC)"	"Gliomas, Glioneuronal Tumors, and Neuronal Tumors, NOS"	
Release 47 liftover	Neuroepithelial tumor	"Gliomas, Glioneuronal Tumors, and Neuronal Tumors, NOS"	
Release 47 liftover	Neuroepithelial tumor favor high grade	"Gliomas, Glioneuronal Tumors, and Neuronal Tumors, NOS"	
Release 47 liftover	Neuroepithelial tumor of pineal region with papillary features	"Gliomas, Glioneuronal Tumors, and Neuronal Tumors, NOS"	
Release 47 liftover	Neuroepithelial tumor with glioneuronal-like features	"Gliomas, Glioneuronal Tumors, and Neuronal Tumors, NOS"	
Release 47 liftover	Neuroepithelial tumor with PATZ-1 Fusion by DNA methylation	"Gliomas, Glioneuronal Tumors, and Neuronal Tumors, NOS"	
Release 47 liftover	Neuroepithelial tumor with scattered mitoses	"Gliomas, Glioneuronal Tumors, and Neuronal Tumors, NOS"	
Release 47 liftover	"Neuroepithelial tumor, favor low grade"	"Gliomas, Glioneuronal Tumors, and Neuronal Tumors, NOS"	
Release 47 liftover	"Neuroepithelial tumor, favored a high grade glial neoplasm"	"Gliomas, Glioneuronal Tumors, and Neuronal Tumors, NOS"	
Release 47 liftover	"Neuroepithelial tumor, glial/glioneuronal neoplasm, with calcification"	"Gliomas, Glioneuronal Tumors, and Neuronal Tumors, NOS"	
Release 47 liftover	"Neuroepithelial tumor, high-grade"	"Gliomas, Glioneuronal Tumors, and Neuronal Tumors, NOS"	
Release 47 liftover	"Neuroepithelial tumor, most consistent with posterior fossa ependymoma"	"Gliomas, Glioneuronal Tumors, and Neuronal Tumors, NOS"	
Release 47 liftover	Neurofibromatosis	"Neurofibromatosis, NOS"	
Release 47 liftover	Neurofibromatosis; Moderately cellular neoplasm	"Neurofibromatosis, NOS"	
Release 47 liftover	Neuroglial tumor	"Gliomas, Glioneuronal Tumors, and Neuronal Tumors, NOS"	
Release 47 liftover	Neuronal embryonal tumor with features concerning for atypical teratoid/rhabdoid tumor	"Embryonal Tumors, NOS"	
Release 47 liftover	Neuronal neoplasm	"Gliomas, Glioneuronal Tumors, and Neuronal Tumors, NOS"	
Release 47 liftover	Nodular ganglioneuroblastoma	Ganglioneuroblastoma	
Release 47 liftover	"Nodular spindle neoplasm with mesenchymal phenotype, focal necrosis, and associated abnormally vascular and calcified neuronal component of uncertain etiology"	"Mesenchymal Tumor, NOS"	
Release 47 liftover	Noninvasive follicular thyroid neoplasm with papillary like nuclear features (NIFTP)	"Follicular Thyroid, NOS"	
Release 47 liftover	Non-keratinizing nasopharyngeal carcinoma	Nasopharyngeal Carcinoma	
Release 47 liftover	Non-WNT/non-SHH medulloblastoma	"Medulloblastoma, non-WNT/non-SHH"	
Release 47 liftover	Normocellular Bone Marrow with Metastatic Neuroblastoma	Neuroblastoma	
Release 47 liftover	Not yet specified	Unknown	
Release 47 liftover	NTRK-1 altered mesenchymal tumor	"Mesenchymal Tumor, NOS"	
Release 47 liftover	NTRK3 fusion positive spindle cell neoplasm	"Neoplasm, NOS"	
Release 47 liftover	NTRK-rearranged mesenchymal tumor	"Mesenchymal Tumor, NOS"	
Release 47 liftover	NTRK-rearranged mesenchymal tumour	"Mesenchymal Tumor, NOS"	
Release 47 liftover	Occasional fragments of polymorphous low grade neuroepithelial tumor of the young	Polymorphous low-grade neuroepithelial tumor of the young	
Release 47 liftover	"Olfactory neuroblastoma, low grade"	Neuroblastoma	
Release 47 liftover	Oligodendroglioma	"Oligodendroglioma, NOS"	
Release 47 liftover	"Oligodendroglioma IDH mutant,1p 19q codeleted CNS WHO grade 2"	"Oligodendroglioma, IDH-mutant and 1p/19q-codeleted"	
Release 47 liftover	"Oligodendroglioma IDH mutant,1p 19q codleted CNS WHO grade 2"	"Oligodendroglioma, IDH-mutant and 1p/19q-codeleted"	
Release 47 liftover	Omentum	Unknown	
Release 47 liftover	Omentum; Pancreatic acinar cell carcinoma	Acinar cell carcinoma	
Release 47 liftover	Oncocytic adrenal cortical carcinoma	Adrenal cortical carcinoma	
Release 47 liftover	Optic pathway glioma	"Gliomas, Glioneuronal Tumors, and Neuronal Tumors, NOS"	
Release 47 liftover	Optic pathway glioma WHO grade 1	"Gliomas, Glioneuronal Tumors, and Neuronal Tumors, NOS"	
Release 47 liftover	"Oral invasive squamous cell carcinoma, well-differentiated cuniculatrum type"	"Squamous cell carcinoma, NOS"	
Release 47 liftover	"Other CNS tumor, NOS or NEC"	"Neoplasm, NOS"	
Release 47 liftover	Other low-grade B-cell lymphomas of the CNS	"Neoplasm, NOS"	
Release 47 liftover	Ovarian juvenile granulosa cell tumor	Juvenile Granulosa Cell Tumor	
Release 47 liftover	Ovarian mass consisting of undifferentiated small cell neoplasm	"Neoplasm, NOS"	
Release 47 liftover	Ovarian sclerosing stromal tumor	Sclerosing stromal tumor	
Release 47 liftover	Ovarian serous borderline tumor	"Serous borderline tumor, NOS"	
Release 47 liftover	Ovarian serous tumor	"Serous borderline tumor, NOS"	
Release 47 liftover	Packed marrow with extensive involvement by neuroblastoma	Neuroblastoma	
Release 47 liftover	Pancreatic acinar cell carcinoma	Acinar cell carcinoma	
Release 47 liftover	Pancreatoblatoma	Pancreatoblastoma	
Release 47 liftover	Papillary carcinoma	"Papillary carcinoma, NOS"	
Release 47 liftover	Papillary carcinoma diffuse sclerosing variant with left lobe dominant nodule and diffuse bilateral intraglandular spread	"Papillary carcinoma, NOS"	
Release 47 liftover	Papillary carcinoma of thyroid	Papillary Thyroid Carcinoma	
Release 47 liftover	"Papillary carcinoma, classic (usual, conventional), metastatic tumor"	"Papillary carcinoma, NOS"	
Release 47 liftover	"Papillary carcinoma, classic subtype"	"Papillary carcinoma, NOS"	
Release 47 liftover	"Papillary carcinoma, classic subtype involving left superior lobe"	"Papillary carcinoma, NOS"	
Release 47 liftover	"Papillary carcinoma, classic/conventional type"	"Papillary carcinoma, NOS"	
Release 47 liftover	"Papillary carcinoma, encapsulated classic subtype"	"Papillary carcinoma, NOS"	
Release 47 liftover	Papillary glioneural tumor	Papillary glioneuronal tumor	
Release 47 liftover	"Papillary glioneuronal tumor, CNS WHO grade 1"	"Glioneuronal and Neuronal Tumors, NOS"	
Release 47 liftover	"Papillary glioneuronal tumor, WHO Grade 1"	"Glioneuronal and Neuronal Tumors, NOS"	
Release 47 liftover	Papillary lesion with atypical/high grade features	Unknown	
Release 47 liftover	"Papillary neoplasm, favor choroid plexus neoplasm"	"Neoplasm, NOS"	
Release 47 liftover	"Papillary neoplasm, favor choroid plexus papilloma with atypia (necrosis)"	"Neoplasm, NOS"	
Release 47 liftover	"Papillary neoplasm, favor choroid plexus tumor"	"Neoplasm, NOS"	
Release 47 liftover	Papillary thyroid carcinoma (Follicular variant)	Papillary Thyroid Carcinoma	
Release 47 liftover	Papillary thyroid carcinoma (metastatic)	Papillary Thyroid Carcinoma	
Release 47 liftover	Papillary thyroid carcinoma classic type	Papillary Thyroid Carcinoma	
Release 47 liftover	Papillary thyroid carcinoma involving left lobe	Papillary Thyroid Carcinoma	
Release 47 liftover	Papillary thyroid carcinoma with histopathological features compatible with Hashimoto's thyroiditis.	Papillary Thyroid Carcinoma	
Release 47 liftover	"Papillary thyroid carcinoma, classic"	Papillary Thyroid Carcinoma	
Release 47 liftover	"Papillary thyroid carcinoma, classic subtype"	Papillary Thyroid Carcinoma	
Release 47 liftover	"Papillary thyroid carcinoma, classic type"	Papillary Thyroid Carcinoma	
Release 47 liftover	"Papillary thyroid carcinoma, classic variant"	Papillary Thyroid Carcinoma	
Release 47 liftover	"Papillary thyroid carcinoma, conventional type"	Papillary Thyroid Carcinoma	
Release 47 liftover	"Papillary thyroid carcinoma, conventional type, multifocal, confined to thyroid gland"	Papillary Thyroid Carcinoma	
Release 47 liftover	"Papillary thyroid carcinoma, diffuse sclerosing variant"	Papillary Thyroid Carcinoma	
Release 47 liftover	"Papillary thyroid carcinoma, encapsulated follicular variant with tumor capsular invasion"	"Papillary carcinoma, encapsulated of thyroid"	
Release 47 liftover	"Papillary thyroid carcinoma, multifocal"	Papillary Thyroid Carcinoma	
Release 47 liftover	"Papillary thyroid carcinoma, multifocal, classic subtype"	Papillary Thyroid Carcinoma	
Release 47 liftover	Papillary thyroid microcarcinoma	Papillary microcarcinoma	
Release 47 liftover	"Papillary thyroid microcarcinoma , Classic variant with negative surgical margins in background of diffuse chronic lymphocytic thyroiditis"	Papillary microcarcinoma	
Release 47 liftover	"Papillary thyroid microcarcinoma, classic subtype"	Papillary microcarcinoma	
Release 47 liftover	"Papillary thyroid microcarcinoma, classic variant"	Papillary microcarcinoma	
Release 47 liftover	Papillary tumor	"Neoplasm, NOS"	
Release 47 liftover	Papillary tumor of the pineal region	Papillary tumor of pineal region	
Release 47 liftover	"Papillary tumor of the pineal region, CNS WHO grade 2"	Papillary tumor of pineal region	
Release 47 liftover	"Papillary tumor, favor low grade"	"Neoplasm, NOS"	
Release 47 liftover	"Papilloma of the choroid plexus, WHO grade 1"	Choroid plexus papilloma	
Release 47 liftover	"Paraganglioma adjacent to the adrenal gland, SDHB negative"	Paraganglioma	
Release 47 liftover	Paraganglioma SDHB Deficient	Paraganglioma	
Release 47 liftover	"Paraganglioma, poorly differentiated"	Paraganglioma	
Release 47 liftover	Paraspinal mass	"Neoplasm, NOS"	
Release 47 liftover	Paraspinal mass; previous biopsy Dx chordoma	Chordoma	
Release 47 liftover	Parasympathetic paraganglioma	Paraganglioma	
Release 47 liftover	Paratesticular embryonal rhabdomyosarcoma	Embryonal Rhabdomyosarcoma	
Release 47 liftover	Paratesticular embryonal rhabdomyosarcoma with spindle cell features	Embryonal Rhabdomyosarcoma	
Release 47 liftover	Paratesticular rhabdomyosarcoma	Rhabdomyosarcoma	
Release 47 liftover	Paratesticular rhabdomyosarcoma with diffuse anaplasia	Rhabdomyosarcoma	
Release 47 liftover	"Paratesticular rhabdomyosarcoma, favor embryonal"	Rhabdomyosarcoma	
Release 47 liftover	"Paratesticular rhabdomyosarcoma, favor embryonal type"	Rhabdomyosarcoma	
Release 47 liftover	Paratesticular spindle cell rhabdomyosarcoma	Spindle cell rhabdomyosarcoma	
Release 47 liftover	Paratesticular Spindle Cell/Sclerosing Rhabdomyosarcoma	Spindle Cell/Sclerosing Rhabdomyosarcoma	
Release 47 liftover	pattern best fits with desmoplastic small round cell tumor	Unknown	
Release 47 liftover	Pediatric diffuse high grade glioma	"High-grade glioma, NOS or NEC"	
Release 47 liftover	Pediatric high-grade glioma	"High-grade glioma, NOS or NEC"	
Release 47 liftover	Pediatric low grade glial/glioneuronal neoplasia	"Gliomas, Glioneuronal Tumors, and Neuronal Tumors, NOS"	
Release 47 liftover	Pediatric neuroepithelial tumor with ROS1 fusion	"Gliomas, Glioneuronal Tumors, and Neuronal Tumors, NOS"	
Release 47 liftover	Pediatric type diffuse glioma	"Gliomas, Glioneuronal Tumors, and Neuronal Tumors, NOS"	
Release 47 liftover	Pediatric type diffuse glioma with angiocentric pattern	"Gliomas, Glioneuronal Tumors, and Neuronal Tumors, NOS"	
Release 47 liftover	"Pediatric type diffuse low grad astrocytoma, consistent with methylation array finding suggestive of MYB/MYBL1-altered (CNS WHO grade 1)"	"Astrocytoma, NOS"	
Release 47 liftover	"Pediatric type diffuse low grade glioma, BRAF rearranged"	"Pediatric-type Diffuse Low-grade Gliomas, NEC"	
Release 47 liftover	Pediatric type diffuse low-grade appearing glioma	"Pediatric-type Diffuse Low-grade Gliomas, NEC"	
Release 47 liftover	Pediatric-type diffuse high grade glioma	"Pediatric-type Diffuse High-grade Gliomas, NOS"	
Release 47 liftover	"Pediatric-type diffuse high-grade glioma, CNS WHO grade 4"	"Pediatric-type Diffuse High-grade Gliomas, NOS"	
Release 47 liftover	"Pediatric-type diffuse high-grade glioma, WHO grade 4"	"Pediatric-type Diffuse High-grade Gliomas, NOS"	
Release 47 liftover	"Pediatric-type diffuse-type glioma, cannot entirely exclude diffuse midline glioma"	"Gliomas, Glioneuronal Tumors, and Neuronal Tumors, NOS"	
Release 47 liftover	"Pediatric-type glioma, CNS WHO grade 4"	"High-grade glioma, NOS or NEC"	
Release 47 liftover	"Pediatric-type high-grade glioma, H-3 wildtype and IDH-wildtype, not elsewhere classified"	"High-grade glioma, NOS or NEC"	
Release 47 liftover	"Per report, FOXO1 rearragement is present, therefore this would classify as an alveolar rhabdomyosarcoma"	Alveolar rhabdomyosarcoma	
Release 47 liftover	Peripheral neuroblastic tumor	"Neoplasm, NOS"	
Release 47 liftover	PFA Ependymoma	Posterior Fossa Group A (PFA) Ependymoma	
Release 47 liftover	Pheochromocytoma (adrenal paraganglioma)	Pheochromocytoma	
Release 47 liftover	Pheochromocytoma with focal ganglioneuromatous elements	Pheochromocytoma	
Release 47 liftover	Pheochromocytoma with no malignant features	Pheochromocytoma	
Release 47 liftover	"Pheochromocytoma, moderately-differentiated"	Pheochromocytoma	
Release 47 liftover	Pilocytic astrocytoma (CNS WHO grade 1)	Pilocytic astrocytoma	
Release 47 liftover	Pilocytic astrocytoma (WHO Grade 1)	Pilocytic astrocytoma	
Release 47 liftover	Pilocytic astrocytoma (WHO GRADE 1) with focally increased mitoses	Pilocytic astrocytoma	
Release 47 liftover	Pilocytic astrocytoma CNS WHO Grade 1	Pilocytic astrocytoma	
Release 47 liftover	Pilocytic astrocytoma WHO 1	Pilocytic astrocytoma	
Release 47 liftover	Pilocytic astrocytoma WHO grade 1	Pilocytic astrocytoma	
Release 47 liftover	Pilocytic astrocytoma with focal pilomyxoid morphology	Pilocytic astrocytoma	
Release 47 liftover	Pilocytic astrocytoma with high proliferative fraction	Pilocytic astrocytoma	
Release 47 liftover	Pilocytic astrocytoma with pilomyxoid features	Pilocytic astrocytoma	
Release 47 liftover	Pilocytic astrocytoma with pilomyxoid features WHO grade 1	Pilocytic astrocytoma	
Release 47 liftover	"Pilocytic astrocytoma, BRAF - rearranged"	Pilocytic astrocytoma	
Release 47 liftover	"Pilocytic astrocytoma, BRAF p.V600E-mutant (WHO grade 1)"	Pilocytic astrocytoma	
Release 47 liftover	"Pilocytic astrocytoma, BRAF-altered, WHO grade 1"	Pilocytic astrocytoma	
Release 47 liftover	"Pilocytic astrocytoma, BRAF-rearranged"	Pilocytic astrocytoma	
Release 47 liftover	"Pilocytic astrocytoma, BRAF-rearranged CNS WHO Grade 1"	Pilocytic astrocytoma	
Release 47 liftover	"Pilocytic astrocytoma, BRAF-rearranged."	Pilocytic astrocytoma	
Release 47 liftover	"Pilocytic astrocytoma, CNS WHO GRADE 1"	Pilocytic astrocytoma	
Release 47 liftover	"Pilocytic astrocytoma, CNS WHO grade 1, BRAF-KIAA1549 fusion positive"	Pilocytic astrocytoma	
Release 47 liftover	"Pilocytic astrocytoma, CNS WHO grade 1, with BRAF V600E mutant protein expression"	Pilocytic astrocytoma	
Release 47 liftover	"Pilocytic astrocytoma, CNS WHO grade I"	Pilocytic astrocytoma	
Release 47 liftover	"Pilocytic astrocytoma, infiltrative pattern, WHO grade 1"	Pilocytic astrocytoma	
Release 47 liftover	"Pilocytic astrocytoma, KIAA1549::BRAF fusion (WHO grade 1)"	Pilocytic astrocytoma	
Release 47 liftover	"Pilocytic astrocytoma, KIAA1549::BRAF fusion-positive (WHO grade 1)"	Pilocytic astrocytoma	
Release 47 liftover	"Pilocytic astrocytoma, optic (WHO grade 1)"	Pilocytic astrocytoma	
Release 47 liftover	"Pilocytic astrocytoma, Pilomyxoid astrocytoma subtype, CNS WHO grade 1"	Pilocytic astrocytoma	
Release 47 liftover	"Pilocytic astrocytoma, pilomyxoid type"	Pilocytic astrocytoma	
Release 47 liftover	"Pilocytic astrocytoma, WHO CNS Grade 1"	Pilocytic astrocytoma	
Release 47 liftover	"Pilocytic astrocytoma, WHO grade 1"	Pilocytic astrocytoma	
Release 47 liftover	"Pilocytic astrocytoma, WHO Grade 1, in cerebellum"	Pilocytic astrocytoma	
Release 47 liftover	"Pilocytic astrocytoma, WHO grade 1, KIAA1549-BRAF fusion"	Pilocytic astrocytoma	
Release 47 liftover	"Pilocytic astrocytoma, WHO grade I"	Pilocytic astrocytoma	
Release 47 liftover	"Pilocytic astrocytoma, with foci of myxoid tumor, coagulative necrosis, and calcification"	Pilocytic astrocytoma	
Release 47 liftover	"Pilocytic astrocytoma, with infiltrative component CNS WHO grade 1"	Pilocytic astrocytoma	
Release 47 liftover	Pilocytic or pilomyxoid astrocytoma	"Astrocytoma, NOS"	
Release 47 liftover	Piloid glial neoplasia/favor low grade	"Gliomas, Glioneuronal Tumors, and Neuronal Tumors, NOS"	
Release 47 liftover	Piloid glial proliferation	Unknown	
Release 47 liftover	Piloid glioma	"Gliomas, Glioneuronal Tumors, and Neuronal Tumors, NOS"	
Release 47 liftover	Pilomyxoid astrocytoma CNS WHO grade 1	Pilomyxoid astrocytoma	
Release 47 liftover	"Pilomyxoid astrocytoma subtype of pilocytic astrocytoma, CNS WHO Grade 1"	Pilomyxoid astrocytoma	
Release 47 liftover	"Pilomyxoid astrocytoma, WHO grade II"	Pilomyxoid astrocytoma	
Release 47 liftover	"Pineal anlage tumor, WHO grade 4"	"Neoplasm, NOS"	
Release 47 liftover	Pineal parenchymal tumor	"Neoplasm, NOS"	
Release 47 liftover	Pineal parenchymal tumor of intermediate differentiation (CNS WHO grade 3)	Pineal parenchymal tumor of intermediate differentiation	
Release 47 liftover	Pineal parenchymal tumor of intermediate differentiation (PPTID)	Pineal parenchymal tumor of intermediate differentiation	
Release 47 liftover	"Pineal parenchymal tumor of intermediate differentiation, CNS WHO Grade 2"	Pineal parenchymal tumor of intermediate differentiation	
Release 47 liftover	"Pineal parenchymal tumor of intermediate, differentiation, CNS WHO Grade 2"	Pineal parenchymal tumor of intermediate differentiation	
Release 47 liftover	Pineal tumor	"Neoplasm, NOS"	
Release 47 liftover	Pinealoblastoma	Pineoblastoma	
Release 47 liftover	"Pinealoblastoma, WHO grade 4"	Pineoblastoma	
Release 47 liftover	"Pineoblastoma, CNS WHO Grade 4"	Pineoblastoma	
Release 47 liftover	"Pineoblastoma, CNS WHO Grade IV"	Pineoblastoma	
Release 47 liftover	"Pineoblastoma, WHO grade 4"	Pineoblastoma	
Release 47 liftover	Pituitary Adenoma	Pituitary Adenoma / Pituitary Neuroendocrine Tumour	
Release 47 liftover	Pituitary adenoma with primary ACTH expression	Pituitary Adenoma / Pituitary Neuroendocrine Tumour	
Release 47 liftover	Pituitary tumor	"Neoplasm, NOS"	
Release 47 liftover	"Platal lesion, Epithelial - Myoepithelial Carcinoma"	Unknown	
Release 47 liftover	Pleomorphic and spindle cell-rich sarcomatoid neoplasm	"Neoplasm, NOS"	
Release 47 liftover	Pleomorphic glioma	"Gliomas, Glioneuronal Tumors, and Neuronal Tumors, NOS"	
Release 47 liftover	Pleomorphic sarcoma	"Sarcoma, NOS"	
Release 47 liftover	Pleomorphic xanthoastrocytoma with differential of pilocytic and other circumscribe gliomas	Pleomorphic Xanthoastrocytoma	
Release 47 liftover	"Pleomorphic xanthoastrocytoma, CNS WHO Grade 2"	Pleomorphic Xanthoastrocytoma	
Release 47 liftover	"Pleomorphic xanthoastrocytoma, CNS WHO grade 3"	Pleomorphic Xanthoastrocytoma	
Release 47 liftover	"Pleomorphic xanthoastrocytoma, WHO Grade 2"	Pleomorphic Xanthoastrocytoma	
Release 47 liftover	Pleuropulmonary blastoma (type 1)	Pleuropulmonary blastoma	
Release 47 liftover	"Pleuropulmonary blastoma, solid, with anaplasia"	Pleuropulmonary blastoma	
Release 47 liftover	"Pleuropulmonary blastoma, type 1"	Pleuropulmonary blastoma	
Release 47 liftover	"Pleuropulmonary blastoma, type 1r"	Pleuropulmonary blastoma	
Release 47 liftover	"Pleuropulmonary blastoma, type II/III"	Pleuropulmonary blastoma	
Release 47 liftover	"Pleuropulmonary blastoma, type II/III, DICER1-associated"	Pleuropulmonary blastoma	
Release 47 liftover	Plexifrom fibrohistiocytic tumor	Plexiform fibrohistiocytic tumor	
Release 47 liftover	Polymorphous low grade neuroepithelial tumor	"Gliomas, Glioneuronal Tumors, and Neuronal Tumors, NOS"	
Release 47 liftover	Polymorphous low grade neuroepithelial tumor of the young	Polymorphous low-grade neuroepithelial tumor of the young	
Release 47 liftover	Polymorphous low grade neuroepithelial tumour of the young CNS WHO grade 1	Polymorphous low-grade neuroepithelial tumor of the young	
Release 47 liftover	Polymorphous low-grade neuro epithelial tumor of the young	Polymorphous low-grade neuroepithelial tumor of the young	
Release 47 liftover	Polymorphous low-grade neuroepithelial tumor	"Gliomas, Glioneuronal Tumors, and Neuronal Tumors, NOS"	
Release 47 liftover	Polymorphous low-grade neuroepithelial tumor of the young (PLNTY	Polymorphous low-grade neuroepithelial tumor of the young	
Release 47 liftover	Polymorphous Low-grade neuroepithelial tumor of the young (PLNTY)	Polymorphous low-grade neuroepithelial tumor of the young	
Release 47 liftover	Polymorphous low-grade neuroepithelial tumor of the young (PLNTY; right temporal lobe of brain)	Polymorphous low-grade neuroepithelial tumor of the young	
Release 47 liftover	"Polymorphous low-grade neuroepithelial tumor of the young, CNS WHO grade 1"	Polymorphous low-grade neuroepithelial tumor of the young	
Release 47 liftover	Polypoid adenosarcoma with foci of rhabdomyosarcomatous differentiation	Adenosarcoma	
Release 47 liftover	Pontine region tumor	"Neoplasm, NOS"	
Release 47 liftover	"Poorly differentiated adenocarcinoma, likely of enteric origin"	"Adenocarcinoma, NOS"	
Release 47 liftover	"Poorly differentiated cellular embryonal tumor in the dorsal aspect of the third ventricle, most suggestive of pineoblastoma"	"Embryonal Tumors, NOS"	
Release 47 liftover	Poorly differentiated chordoma	Chordoma	
Release 47 liftover	Poorly differentiated follicular carcinoma	"Follicular carcinoma, NOS"	
Release 47 liftover	Poorly differentiated high grade carcinoma	"Carcinoma, NOS"	
Release 47 liftover	Poorly differentiated high-grade malignant neoplasm with similar histomorphology to prior resection (case SP-25-07567) and core biopsy (SP-25-19211)	"Neoplasm, malignant"	
Release 47 liftover	Poorly differentiated high-grade tumor	"Neoplasm, malignant"	
Release 47 liftover	Poorly differentiated malignant epithelioid neoplasm with INI1 loss	"Epithelioid Neoplasm, NOS"	
Release 47 liftover	Poorly differentiated malignant neoplasm	"Neoplasm, malignant"	
Release 47 liftover	Poorly differentiated malignant neoplasm consistent with embryonal rhabdomyosarcoma	"Neoplasm, malignant"	
Release 47 liftover	Poorly differentiated malignant neoplasm with loss of SMARCB1 (INI1) by immunohistochemistry stain	"Neoplasm, malignant"	
Release 47 liftover	Poorly differentiated malignant neoplasm with sarcomatoid features	"Neoplasm, malignant"	
Release 47 liftover	"Poorly differentiated malignant neoplasm, favor mesenchymal"	"Neoplasm, malignant"	
Release 47 liftover	Poorly differentiated malignant neuroepithelial tumor	"Gliomas, Glioneuronal Tumors, and Neuronal Tumors, NOS"	
Release 47 liftover	Poorly differentiated neoplasm	"Neoplasm, NOS"	
Release 47 liftover	Poorly differentiated neuroblastoma	Neuroblastoma	
Release 47 liftover	Poorly differentiated neuroblastoma with favorable histology	Neuroblastoma	
Release 47 liftover	Poorly differentiated neuroblastoma with high mitotic karyorrhectic index	Neuroblastoma	
Release 47 liftover	Poorly differentiated neuroblastoma with high mitotic-karyorrhexis index	Neuroblastoma	
Release 47 liftover	Poorly differentiated neuroblastoma with High MKI	Neuroblastoma	
Release 47 liftover	Poorly differentiated neuroblastoma with intermediate mitotic karyorrhectic index	Neuroblastoma	
Release 47 liftover	Poorly differentiated neuroblastoma with intermediate mitotic karyorrhectic index (MKI)	Neuroblastoma	
Release 47 liftover	"Poorly differentiated neuroblastoma, high MK1, unfavorable histology"	Neuroblastoma	
Release 47 liftover	"Poorly differentiated neuroblastoma, high MKI"	Neuroblastoma	
Release 47 liftover	"Poorly differentiated neuroblastoma, high MKI, unfavorable histopathology"	Neuroblastoma	
Release 47 liftover	"Poorly differentiated neuroblastoma, intermediate MKI"	Neuroblastoma	
Release 47 liftover	"Poorly differentiated neuroblastoma, intermediate MKI, favorable histologic subtype"	Neuroblastoma	
Release 47 liftover	Poorly differentiated pulmonary adenocarcinoma	"Adenocarcinoma, NOS"	
Release 47 liftover	Poorly differentiated ring cell adenocarcinoma	Adenocarcinoma	
Release 47 liftover	Poorly differentiated round cell sarcoma	"Sarcoma, NOS"	
Release 47 liftover	Poorly differentiated sarcoma	"Sarcoma, NOS"	
Release 47 liftover	Poorly differentiated Sertoli-Leydig cell tumor	Sertoli-Leydig Cell Tumor	
Release 47 liftover	Poorly differentiated Sertoli-Leydig cell tumor with heterologous rhabdomyosarcomatous differentiation	Sertoli-Leydig Cell Tumor	
Release 47 liftover	Poorly differentiated spindle cell and pleomorphic sarcoma	"Sarcoma, NOS"	
Release 47 liftover	Poorly differentiated synovial sarcoma	Synovial Sarcoma	
Release 47 liftover	"Poorly differentiated, intermediate mitotic-karyorrhectic index"	Unknown	
Release 47 liftover	"poorly differentiated, low mitotic-karyorrhectic index (unfavorable histology)."	Unknown	
Release 47 liftover	"Poorly differentiated, partially necrotic neuroblastic tumor"	"Neoplasm, NOS"	
Release 47 liftover	"Poorly differentiated, stroma poor neuroblastoma with intermediate mitotic karyorrhectic index"	Neuroblastoma	
Release 47 liftover	Poorly differentiated/undifferentiated carcinoma	"Carcinoma, NOS"	
Release 47 liftover	Poorly-differentiated high-grade neoplasm	"Neoplasm, malignant"	
Release 47 liftover	Poorly-differentiated neuroblastoma	Neuroblastoma	
Release 47 liftover	"Poorly-differentiated neuroblastoma, Schwannian stroma-poor, unfavorable histology"	Neuroblastoma	
Release 47 liftover	Positive for brain tumor	"Brain Tumor, NOS"	
Release 47 liftover	"Positive for lesional tissue, favor low-grade glioma, additional studies pending."	Unknown	
Release 47 liftover	Positive for rhabdomyosarcoma	Rhabdomyosarcoma	
Release 47 liftover	possible ependymoma	Unknown	
Release 47 liftover	Possible medulloblastoma	Unknown	
Release 47 liftover	Possible MPNST or other spindle cell sarcoma	Unknown	
Release 47 liftover	Possible pilocytic astrocytoma CNS WHO grade 1	Unknown	
Release 47 liftover	Possible Synovial Sarcoma	Unknown	
Release 47 liftover	"Posterior fossa brain tumor. High-grade neuroepithelial tumor, favor primary CNS embryonal tumor"	"Brain Tumor, NOS"	
Release 47 liftover	Posterior fossa ependymoma (NOS) with high grade features	Posterior Fossa Group A (PFA) Ependymoma	
Release 47 liftover	"Posterior fossa ependymoma group A (PFA), CNS WHO grade 3"	Posterior Fossa Group A (PFA) Ependymoma	
Release 47 liftover	"Posterior fossa ependymoma group A, CNS WHO grade 2"	Posterior Fossa Group A (PFA) Ependymoma	
Release 47 liftover	Posterior Fossa Ependymoma WHO 3	Posterior Fossa Ependymoma	
Release 47 liftover	"Posterior fossa ependymoma, anaplastic ependymoma, CNS WHO grade 3"	Posterior Fossa Ependymoma	
Release 47 liftover	"Posterior fossa ependymoma, CNS WHO grade 2"	Posterior Fossa Ependymoma	
Release 47 liftover	"Posterior fossa ependymoma, CNS Who grade 3"	Posterior Fossa Ependymoma	
Release 47 liftover	"Posterior fossa ependymoma, CNS WHO grade 3; favor posterior fossa group A (PFA) ependymoma"	Posterior Fossa Ependymoma	
Release 47 liftover	"Posterior fossa ependymoma, group A"	Posterior Fossa Group A (PFA) Ependymoma	
Release 47 liftover	"Posterior fossa ependymoma, group A (CNS group grade III)"	Posterior Fossa Group A (PFA) Ependymoma	
Release 47 liftover	"Posterior fossa ependymoma, group B"	Posterior Fossa Group B (PFB) Ependymoma	
Release 47 liftover	"Posterior fossa ependymoma, group PFA"	Posterior Fossa Group A (PFA) Ependymoma	
Release 47 liftover	"Posterior fossa ependymoma, group PFB"	Posterior Fossa Group B (PFB) Ependymoma	
Release 47 liftover	"Posterior fossa ependymoma, low grade"	Posterior Fossa Ependymoma	
Release 47 liftover	"Posterior fossa ependymoma, NOS"	Posterior Fossa Ependymoma	
Release 47 liftover	"Posterior fossa ependymoma, NOS, with increased proliferative index"	Posterior Fossa Ependymoma	
Release 47 liftover	"Posterior fossa ependymoma, PFA Molecular subgroup, CNS Who grade 3"	Posterior Fossa Group A (PFA) Ependymoma	
Release 47 liftover	"Posterior fossa ependymoma, subgroup A"	Posterior Fossa Group A (PFA) Ependymoma	
Release 47 liftover	"Posterior fossa ependymoma, WHO grade 2, with retained H3 K27 tri-methylation"	Posterior Fossa Ependymoma	
Release 47 liftover	"Posterior fossa ependymoma, WHO grade 3"	Posterior Fossa Ependymoma	
Release 47 liftover	"Posterior fossa ependymoma, with loss of H3K27me3, WHO grade 2"	Posterior Fossa Ependymoma	
Release 47 liftover	Posterior fossa group A (PFA) Ependymoma (WHO GRADE 3)	Posterior Fossa Group A (PFA) Ependymoma	
Release 47 liftover	"Posterior fossa group A (PFA) ependymoma, CNS WHO Grade 2"	Posterior Fossa Group A (PFA) Ependymoma	
Release 47 liftover	"Posterior fossa group A (PFA) ependymoma, CNS WHO grade 3"	Posterior Fossa Group A (PFA) Ependymoma	
Release 47 liftover	Posterior fossa group A ependymoma	Posterior Fossa Group A (PFA) Ependymoma	
Release 47 liftover	"Posterior fossa group A ependymoma, CNS WHO grade 2"	Posterior Fossa Group A (PFA) Ependymoma	
Release 47 liftover	"Posterior fossa group B ependymoma, CNS WHO grade 2"	Posterior Fossa Group B (PFB) Ependymoma	
Release 47 liftover	"Posterior fossa lesion, Resection: Embryonal tumor. Favors Medulloblastoma, group 3/4"	"Embryonal Tumors, NOS"	
Release 47 liftover	"Posterior fossa mass, compatible with medulloblastoma"	"Brain Tumor, NOS"	
Release 47 liftover	Posterior fossa neoplasm	"Brain Tumor, NOS"	
Release 47 liftover	Posterior fossa tumor	"Brain Tumor, NOS"	
Release 47 liftover	"Posterior Fossa, Fourth Ventricular Tumor"	"Brain Tumor, NOS"	
Release 47 liftover	previous biopsy Dx chordoma	Chordoma	
Release 47 liftover	"Primary astrocytic tumor, favor pilocytic astrocytoma"	"Neoplasm, NOS"	
Release 47 liftover	Primary astrocytoma	"Astrocytoma, NOS"	
Release 47 liftover	Primary brain neoplasm	"Brain Tumor, NOS"	
Release 47 liftover	Primary central nervous system neoplasm consistent with high grade glioma	"Neoplasm, NOS"	
Release 47 liftover	"Primary central nervous system neoplasm, Differential diagnosis includes dysembryoplastic neuroepithelial tumor and low-grade glioma"	"Neoplasm, NOS"	
Release 47 liftover	Primary CNS neoplasm	"Neoplasm, NOS"	
Release 47 liftover	Primary CNS neoplasm with high-grade morphologic features	"Neoplasm, NOS"	
Release 47 liftover	"Primary CNS neoplasm, favor medulloblastoma"	"Neoplasm, NOS"	
Release 47 liftover	"Primary CNS neoplasm, high grade"	"Neoplasm, malignant"	
Release 47 liftover	Primary diffuse low-grade cerebellar glial tumor of pediatric type	"Gliomas, Glioneuronal Tumors, and Neuronal Tumors, NOS"	
Release 47 liftover	Primary glial neoplasm gavor high grade glioma	"Gliomas, Glioneuronal Tumors, and Neuronal Tumors, NOS"	
Release 47 liftover	Primary infiltrating glioma with high-grade features	"Gliomas, Glioneuronal Tumors, and Neuronal Tumors, NOS"	
Release 47 liftover	"Primary low-grade glioma, consistent with pilocytic astrocytoma, WHO grade 1"	"Low-grade glioma, NOS or NEC"	
Release 47 liftover	Primitive Embryonal Tumor	"Embryonal Tumors, NOS"	
Release 47 liftover	Primitive malignant neoplasm	"Neoplasm, malignant"	
Release 47 liftover	Primitive malignant neoplasm with mesenchymal features	"Mesenchymal Tumor, NOS"	
Release 47 liftover	Primitive malignant neoplasm with neural differentiation	"Neoplasm, malignant"	
Release 47 liftover	Primitive mesenchymal neoplasm	"Mesenchymal Tumor, NOS"	
Release 47 liftover	Primitive neoplasm	"Neoplasm, NOS"	
Release 47 liftover	Primitive neoplasm with MN1 ZNF341	"Neoplasm, NOS"	
Release 47 liftover	"Primitive neoplasm, favor medulloblastoma"	"Neoplasm, NOS"	
Release 47 liftover	"Primitive neuroblastic tumor, favor embryonal tumor with multilayered rosettes, CNS WHO grade 4"	"Neoplasm, NOS"	
Release 47 liftover	Primitive neuroectoderma tumor	"Primitive neuroectodermal tumor, NOS"	
Release 47 liftover	Primitive Neuroectodermal Tumor	"Primitive neuroectodermal tumor, NOS"	
Release 47 liftover	"Primitive round cell neoplasm, likely representing a CIC gene-rearranged undifferentiated sarcoma."	Primitive Round Cell Neoplasm	
Release 47 liftover	Primitive sarcoma	"Sarcoma, NOS"	
Release 47 liftover	Primitive/embryonal tumor with high-grade features	"Embryonal Tumors, NOS"	
Release 47 liftover	Primitive/embryonal tumor with high-grade features; compatible with medulloblastoma	"Embryonal Tumors, NOS"	
Release 47 liftover	Probable glial neoplasm with prominent microcalcifications	Unknown	
Release 47 liftover	Probable pilocytic astrocytoma	Unknown	
Release 47 liftover	Probable pleomorphic xanthoastrocytoma vs low grade glial/ glioneuronal tumor	"Neoplasm, NOS"	
Release 47 liftover	"Procedural site changes, with residual intradermal atypical/mitotically-active melanocytoma"	"Neoplasm, NOS"	
Release 47 liftover	Psammomatous meningioma	Meningioma	
Release 47 liftover	"Psammomatous meningioma, CNS WHO Grade 1"	Meningioma	
Release 47 liftover	Pseudomyogenic Hemangioendothelioma	"Hemangioendothelioma, NOS"	
Release 47 liftover	Pseudomyogenic hemangioendothelioma (epithelioid sarcoma-like hemangioendothelioma)	"Hemangioendothelioma, NOS"	
Release 47 liftover	Pseudosarcomatous myofibroblastic neoplasm	"Myofibroblastic Neoplasm, NOS"	
Release 47 liftover	Pure germinoma	Germinoma	
Release 47 liftover	PXA vs ganglioglioma	"Gliomas, Glioneuronal Tumors, and Neuronal Tumors, NOS"	
Release 47 liftover	"Recurrent/residual high-grade glioma, IDH-wildtype and H3-wildtype, NEC"	"High-grade glioma, NOS or NEC"	
Release 47 liftover	"Recurrent/residual low-grade glioma, with morphologic features most consistent with pilocytic astrocytoma, CNS WHO grade 1"	"Low-grade glioma, NOS or NEC"	
Release 47 liftover	Relatively low cellularity spindle cell neoplasm with vague lobularity	"Neoplasm, NOS"	
Release 47 liftover	Residual astrocytoma	"Astrocytoma, NOS"	
Release 47 liftover	Residual CIC-rearranged sarcoma	CIC-rearranged sarcoma	
Release 47 liftover	"Residual Craniopharyngioma, CNS WHO grade 1"	"Craniopharyngioma, NOS"	
Release 47 liftover	Residual dermal clear cell sarcoma	Clear Cell Sarcoma	
Release 47 liftover	Residual Dermatofibrosarcoma protuberans	"Dermatofibrosarcoma, NOS"	
Release 47 liftover	Residual glioma	"Gliomas, Glioneuronal Tumors, and Neuronal Tumors, NOS"	
Release 47 liftover	"Residual glioma, consistent with diffuse midline glioma, H3 K27 altered (based on prior testing), CNS WHO grade 4"	"Gliomas, Glioneuronal Tumors, and Neuronal Tumors, NOS"	
Release 47 liftover	Residual high grade astrocytoma with piloid features	"Astrocytoma, NOS"	
Release 47 liftover	Residual high grade glioma	"High-grade glioma, NOS or NEC"	
Release 47 liftover	Residual high-grade glioneuronal tumor	"Gliomas, Glioneuronal Tumors, and Neuronal Tumors, NOS"	
Release 47 liftover	Residual high-grade sarcoma	High Grade Sarcoma	
Release 47 liftover	"Residual high-grade sarcoma, favor alveolar soft part sarcoma"	High Grade Sarcoma	
Release 47 liftover	Residual low grade glial/glioneuronal tumor	"Gliomas, Glioneuronal Tumors, and Neuronal Tumors, NOS"	
Release 47 liftover	Residual low grade neuroendocrine tumor (typical carcinoid)	"Neuroendocrine tumor, NOS"	
Release 47 liftover	Residual low-grade glioneuronal tumor	"Gliomas, Glioneuronal Tumors, and Neuronal Tumors, NOS"	
Release 47 liftover	Residual malignant melanoma	Melanoma	
Release 47 liftover	Residual malignant small cell neoplasm	"Neoplasm, malignant"	
Release 47 liftover	Residual papillary tumor of pineal region	Papillary tumor of pineal region	
Release 47 liftover	Residual pilocytic astrocytoma (WHO grade 1)	Pilocytic astrocytoma	
Release 47 liftover	Residual pineoblastoma	Pineoblastoma	
Release 47 liftover	"Residual pleomorphic xanthoastrocytoma, CNS WHO Grade 3"	Pleomorphic Xanthoastrocytoma	
Release 47 liftover	"Residual posterior fossa anaplastic apendymoma, WHO Grade 3, molecular group A (PFA)"	Posterior Fossa Group A (PFA) Ependymoma	
Release 47 liftover	Residual Synovial sarcoma	Synovial Sarcoma	
Release 47 liftover	Residual unifocal submucosal muco-epidermoid carcinoma	Mucoepidermoid carcinoma	
Release 47 liftover	Residual/Recurrent extraventricular neurocytoma	Extraventricular neurocytoma	
Release 47 liftover	Residual/recurrent high-grade glioma	"High-grade glioma, NOS or NEC"	
Release 47 liftover	Retiform Sertoli-Leydig cell tumor	Sertoli-Leydig Cell Tumor	
Release 47 liftover	"Retinoblastoma, grade 3"	Retinoblastoma	
Release 47 liftover	"Retinoblastoma, grade G2, stage pT1"	Retinoblastoma	
Release 47 liftover	"Retinoblastoma, histologic grade 4"	Retinoblastoma	
Release 47 liftover	"Retinoblastoma, moderately differentiated"	Retinoblastoma	
Release 47 liftover	"Retinoblastoma, moderately differentiated to focally well-differentiated, with endophytic growth pattern"	Retinoblastoma	
Release 47 liftover	"Retinoblastoma, poorly differentiated"	Retinoblastoma	
Release 47 liftover	"Retinoblastoma, pT1, histological grade 4 with severe anaplasia"	Retinoblastoma	
Release 47 liftover	"Rhabdoid tumor, malignant"	Malignant rhabdoid tumor	
Release 47 liftover	Rhabdomyosarcoma	Rhabdomyosarcoma	
Release 47 liftover	Rhabdomyosarcoma and related neoplasms	Rhabdomyosarcoma	
Release 47 liftover	Rhabdomyosarcoma consistent with alveolar subtype	Rhabdomyosarcoma	
Release 47 liftover	Rhabdomyosarcoma consistent with subtype embryonal rhabdomyosarcoma	Rhabdomyosarcoma	
Release 47 liftover	Rhabdomyosarcoma embryonal	Embryonal Rhabdomyosarcoma	
Release 47 liftover	"Rhabdomyosarcoma of the testis, favor embryonal type"	Rhabdomyosarcoma	
Release 47 liftover	Rhabdomyosarcoma strongly suspected	Unknown	
Release 47 liftover	Rhabdomyosarcoma with alveolar features	Rhabdomyosarcoma	
Release 47 liftover	"Rhabdomyosarcoma with anaplasia, favor embryonal type"	Rhabdomyosarcoma	
Release 47 liftover	Rhabdomyosarcoma with diffuse anaplasia	Rhabdomyosarcoma	
Release 47 liftover	Rhabdomyosarcoma with diffuses anaplasia	Rhabdomyosarcoma	
Release 47 liftover	Rhabdomyosarcoma with focal anaplasia	Rhabdomyosarcoma	
Release 47 liftover	Rhabdomyosarcoma with histologic features of both alveolar and embryonal types	Rhabdomyosarcoma	
Release 47 liftover	Rhabdomyosarcoma with spindle cell features	Rhabdomyosarcoma	
Release 47 liftover	"Rhabdomyosarcoma with spindle cell features, extending to surgical margin resection"	Rhabdomyosarcoma	
Release 47 liftover	"Rhabdomyosarcoma, alveolar subtype"	Alveolar rhabdomyosarcoma	
Release 47 liftover	"Rhabdomyosarcoma, alveolar subtype is favored"	Rhabdomyosarcoma	
Release 47 liftover	"Rhabdomyosarcoma, alveolar type"	Alveolar rhabdomyosarcoma	
Release 47 liftover	"Rhabdomyosarcoma, alveolar type, fusion positive"	Alveolar rhabdomyosarcoma	
Release 47 liftover	"Rhabdomyosarcoma, consistent with alveolar subtype"	Rhabdomyosarcoma	
Release 47 liftover	"Rhabdomyosarcoma, embryonal"	Embryonal Rhabdomyosarcoma	
Release 47 liftover	"Rhabdomyosarcoma, embryonal favored"	Rhabdomyosarcoma	
Release 47 liftover	"Rhabdomyosarcoma, embryonal subtype"	Embryonal Rhabdomyosarcoma	
Release 47 liftover	"Rhabdomyosarcoma, embryonal subtype is favored"	Rhabdomyosarcoma	
Release 47 liftover	"Rhabdomyosarcoma, embryonal subtype, with diffuse anaplasia"	Embryonal Rhabdomyosarcoma	
Release 47 liftover	"Rhabdomyosarcoma, embryonal type"	Embryonal Rhabdomyosarcoma	
Release 47 liftover	"Rhabdomyosarcoma, embryonal type by morphology"	Embryonal Rhabdomyosarcoma	
Release 47 liftover	"Rhabdomyosarcoma, favor alveolar"	Rhabdomyosarcoma	
Release 47 liftover	"Rhabdomyosarcoma, favor alveolar subtype"	Rhabdomyosarcoma	
Release 47 liftover	"Rhabdomyosarcoma, favor alveolar type"	Rhabdomyosarcoma	
Release 47 liftover	"Rhabdomyosarcoma, favor embryonal"	Rhabdomyosarcoma	
Release 47 liftover	"Rhabdomyosarcoma, favor embryonal rhabdomyosarcoma"	Rhabdomyosarcoma	
Release 47 liftover	"Rhabdomyosarcoma, favor embryonal subtype"	Rhabdomyosarcoma	
Release 47 liftover	"Rhabdomyosarcoma, favor embryonal subtype pending molecular studies"	Rhabdomyosarcoma	
Release 47 liftover	"Rhabdomyosarcoma, favor embryonal type"	Rhabdomyosarcoma	
Release 47 liftover	"Rhabdomyosarcoma, FOXO1 fusion negative"	Rhabdomyosarcoma	
Release 47 liftover	"Rhabdomyosarcoma, FOXO1 fusion negative; suggestive of embryonal sarcoma with a primitive phenotype"	Rhabdomyosarcoma	
Release 47 liftover	"Rhabdomyosarcoma, fusion negative"	Rhabdomyosarcoma	
Release 47 liftover	"Rhabdomyosarcoma, high grade, favor embryonal type"	Rhabdomyosarcoma	
Release 47 liftover	"Rhabdomyosarcoma, histologically embryonal type with botryoidal configuration"	Embryonal Rhabdomyosarcoma	
Release 47 liftover	"Rhabdomyosarcoma, histologically embryonic"	Embryonal Rhabdomyosarcoma	
Release 47 liftover	"Rhabdomyosarcoma, morphologically consistent with embryonal"	Rhabdomyosarcoma	
Release 47 liftover	"Rhabdomyosarcoma, morphologically consistent with embryonal type"	Rhabdomyosarcoma	
Release 47 liftover	"Rhabdomyosarcoma, morphologically of the sclerosing/spindle cell type"	Spindle Cell/Sclerosing Rhabdomyosarcoma	
Release 47 liftover	"Rhabdomyosarcoma, most likely an embryonal carcinoma"	Rhabdomyosarcoma	
Release 47 liftover	"Rhabdomyosarcoma, negative for evidence of anaplasia"	Rhabdomyosarcoma	
Release 47 liftover	"Rhabdomyosarcoma, spindle cell type"	Spindle cell rhabdomyosarcoma	
Release 47 liftover	"Rhabdomyosarcoma, spindle cell variant"	Spindle cell rhabdomyosarcoma	
Release 47 liftover	"Rhabdomyosarcoma, spindle cell/sclerosing type"	Spindle Cell/Sclerosing Rhabdomyosarcoma	
Release 47 liftover	"Rhabdomyosarcoma, subtype pending"	Rhabdomyosarcoma	
Release 47 liftover	Rhabdomyosrcoma	Rhabdomyosarcoma	
Release 47 liftover	"Right brain ventricular brain tumor, choroid plexus vascular malformation"	"Brain Tumor, NOS"	
Release 47 liftover	Right deltoid sarcoma wide resection Residual high-grade sarcoma favor alveolar soft part sarcoma	"Sarcoma, NOS"	
Release 47 liftover	Right frontal lobe tumor	"Brain Tumor, NOS"	
Release 47 liftover	Right pontine brain tumor. The features are of a maligant glioma	"Brain Tumor, NOS"	
Release 47 liftover	right temporal lobe of brain)	Unknown	
Release 47 liftover	Right thigh mass	"Neoplasm, NOS"	
Release 47 liftover	"Rosette-forming glioneuronal tumor, CNS WHO Grade 1"	"Gliomas, Glioneuronal Tumors, and Neuronal Tumors, NOS"	
Release 47 liftover	Round blue cell tumor	"Neoplasm, NOS"	
Release 47 liftover	Round blue cell tumor consistent with alveolar rhabdomyosarcoma	"Neoplasm, NOS"	
Release 47 liftover	Round blue cell tumor favor primary brain neoplasm such as medulloblastoma or atypical rhabdoid teratoid tumor	"Neoplasm, NOS"	
Release 47 liftover	Round blue tumor	"Neoplasm, NOS"	
Release 47 liftover	"Round cell neoplasm, favor Ewing Sarcoma"	"Sarcoma, NOS"	
Release 47 liftover	Round cell sarcoma	"Sarcoma, NOS"	
Release 47 liftover	"Round cell sarcoma, consistent with Ewing sarcoma"	"Sarcoma, NOS"	
Release 47 liftover	"Round cell sarcoma, favor malignant peripheral nerve sheath tumor"	"Sarcoma, NOS"	
Release 47 liftover	"Round cell sarcoma, favored to represent Ewing sarcoma"	"Sarcoma, NOS"	
Release 47 liftover	"Round cell sarcoma, most consistent with BCOR sarcoma"	"Sarcoma, NOS"	
Release 47 liftover	Round to spindle cell sarcoma	Spindle cell sarcoma	
Release 47 liftover	"Round, blue, and spindle cell sarcoma, consistent with synovial sarcoma"	Spindle cell sarcoma	
Release 47 liftover	Sacrococcygeal mass	Unknown	
Release 47 liftover	Sacrococcygeal mass; Features are most consistent with Chordoma	Unknown	
Release 47 liftover	Sarcoma	"Sarcoma, NOS"	
Release 47 liftover	Sarcoma with aberrant BCOR expression	Sarcoma with BCOR genetic alterations	
Release 47 liftover	Sarcoma with BCOR genetic alteration	Sarcoma with BCOR genetic alterations	
Release 47 liftover	Sarcoma with BCOR internal tandem duplication	Sarcoma with BCOR genetic alterations	
Release 47 liftover	Sarcoma with epithelioid and spindle cell morphology	"Sarcoma, NOS"	
Release 47 liftover	Sarcoma with myxoid and spindle cell features	"Sarcoma, NOS"	
Release 47 liftover	Sarcoma with skeletal muscle differentiation	"Sarcoma, NOS"	
Release 47 liftover	"Sarcoma, favor rhabdomyosarcoma, embryonal subtype"	"Sarcoma, NEC"	
Release 47 liftover	"Sarcoma, intermediate grade"	"Sarcoma, NOS"	
Release 47 liftover	"Scattered atypical glial cells, consistent with infiltration glioma"	Unknown	
Release 47 liftover	Schawannoma	Schwannoma	
Release 47 liftover	"Schwannian stroma poor neuroblastoma, differentiating"	Neuroblastoma	
Release 47 liftover	"Schwannian stroma poor peripheral neuroblastic tumor, consistent with Neuroblastoma"	"Neoplasm, NOS"	
Release 47 liftover	"Schwannian stroma poor, poorly differentiated neuroblastoma"	Neuroblastoma	
Release 47 liftover	Schwannoma	Schwannoma	
Release 47 liftover	Schwannoma with extensive degenerative changes	Schwannoma	
Release 47 liftover	"Schwannoma, Benign conventional type WHO grade 1"	Schwannoma	
Release 47 liftover	"Schwannoma, CNS WHO Grade 1"	Schwannoma	
Release 47 liftover	"Schwannoma, WHO Grade 1"	Schwannoma	
Release 47 liftover	Sclerosing rhabdomyosarcoma	Spindle Cell/Sclerosing Rhabdomyosarcoma	
Release 47 liftover	Serous borderline tumor of the ovary	"Serous borderline tumor, NOS"	
Release 47 liftover	Serous borderline tumor with focal micropapillary features arising in a background of serous cystadenofibroma	"Serous borderline tumor, NOS"	
Release 47 liftover	Sertoli Leydig cell tumor	Sertoli-Leydig Cell Tumor	
Release 47 liftover	"Sertoli Leydig cell tumor, moderately differentiated"	Sertoli-Leydig Cell Tumor	
Release 47 liftover	Sertoli Leydig Tumor	Sertoli-Leydig Cell Tumor	
Release 47 liftover	Sertoli-leydig cell tumor of the ovary	Sertoli-Leydig Cell Tumor	
Release 47 liftover	"Sertoli-Leydig cell tumor with heterologous elements, moderately differentiated"	Sertoli-Leydig Cell Tumor	
Release 47 liftover	Sertoli-Leydig cell tumor with mucinous glandular heterogeneous intestinal type	Sertoli-Leydig Cell Tumor	
Release 47 liftover	"Sertoli-Leydig cell tumor, moderately differentiated"	Sertoli-Leydig Cell Tumor	
Release 47 liftover	"Sertoli-Leydig cell tumor, moderately differentiated (G2), surgical spill"	Sertoli-Leydig Cell Tumor	
Release 47 liftover	"Sertoli-Leydig cell tumor, moderately differentiated (intermediate differentiation)"	Sertoli-Leydig Cell Tumor	
Release 47 liftover	"Sertoli-Leydig cell tumor, moderately differentiated. pathologic stage PT1A, FIGO stage 1A"	Sertoli-Leydig Cell Tumor	
Release 47 liftover	Severely atypical compound melanocytic tumor of uncertain malignant potential	"Neoplasm, malignant"	
Release 47 liftover	"Sex cord stromal neoplasm involving ovary, morphologically most compatible with Sertoli cell tumor"	"Sex Cord-stromal Tumor, NOS"	
Release 47 liftover	Sex cord stromal tumor	"Sex Cord-stromal Tumor, NOS"	
Release 47 liftover	Sex cord stromal tumor consistent with cystic granulosa cell tumor	"Sex Cord-stromal Tumor, NOS"	
Release 47 liftover	Sex cord stromal tumor NOS	"Sex Cord-stromal Tumor, NOS"	
Release 47 liftover	"Sex cord tumor with annular tubules (SCTAT) of the ovary, without surface involvement"	"Sex Cord-stromal Tumor, NOS"	
Release 47 liftover	Sex cord tumor with annular tubules of the ovary	"Sex Cord-stromal Tumor, NOS"	
Release 47 liftover	Sex-cord stromal tumor	"Sex Cord-stromal Tumor, NOS"	
Release 47 liftover	"Sex-cord stromal tumor, most consistent with juvenile granulosa cell tumor"	"Sex Cord-stromal Tumor, NOS"	
Release 47 liftover	Sheets of squamous epithelium	Unknown	
Release 47 liftover	"Signet-ring cell carcinoma, poorly differentiated"	Signet ring cell carcinoma	
Release 47 liftover	"Skull Base Poorly differentiated chordoma, residual"	Chordoma	
Release 47 liftover	"Skull Base, Nasal Cavity, Right Sphenoid Embryonal rhabdomyosarcoma"	Embryonal Rhabdomyosarcoma	
Release 47 liftover	"Small blue cell neoplasm, favor medulloblastoma"	"Neoplasm, NOS"	
Release 47 liftover	Small Blue Cell tumor	"Neoplasm, NOS"	
Release 47 liftover	Small blue cell tumor (probably embryonic)	"Neoplasm, NOS"	
Release 47 liftover	Small blue cell tumor favour medulloblastoma	"Neoplasm, NOS"	
Release 47 liftover	Small blue cell tumor most likely medulloblastoma	"Neoplasm, NOS"	
Release 47 liftover	"Small blue cell tumor with high grade features, probably an embryonal tumor"	"Neoplasm, NOS"	
Release 47 liftover	"Small blue cell tumor, favor medulloblastoma"	"Neoplasm, NOS"	
Release 47 liftover	"Small blue cell tumor, probably medulloblastoma"	"Neoplasm, NOS"	
Release 47 liftover	Small blue cell tumor. Favor medulloblastoma	"Neoplasm, NOS"	
Release 47 liftover	Small blue cell tumor. Medulloblastoma most likely.	"Neoplasm, NOS"	
Release 47 liftover	Small blue round cell tumor (Medulloblastoma)	"Neoplasm, NOS"	
Release 47 liftover	Small cell carcinoma	"Small cell carcinoma, NOS"	
Release 47 liftover	Small cell carcinoma of ovary	"Small cell carcinoma, NOS"	
Release 47 liftover	Small round blue cell proliferation compatible with embryonal rhabdomyosarcoma	"Neoplasm, NOS"	
Release 47 liftover	"Small round blue cell sarcoma, EWSR1 fusion-positive"	"Neoplasm, NOS"	
Release 47 liftover	Small round blue cell tumor	"Neoplasm, NOS"	
Release 47 liftover	Small round blue cell tumor - ewing sarcoma	Ewing sarcoma	
Release 47 liftover	Small round blue cell tumor consistent with rhabdomyosarcoma	"Neoplasm, NOS"	
Release 47 liftover	Small round blue cell tumor favor soft tissue sarcoma	"Neoplasm, NOS"	
Release 47 liftover	Small round blue cell tumor most consistent with embryonal rhabdomyosarcoma	"Neoplasm, NOS"	
Release 47 liftover	Small round blue cell tumor suspicious for high-grade glioma/possible medulloblastoma	"Neoplasm, NOS"	
Release 47 liftover	Small round blue cell tumor with dense stromal fibrosis	"Neoplasm, NOS"	
Release 47 liftover	Small round blue cell tumor with dense stromal fibrosis; pattern best fits with desmoplastic small round cell tumor	"Neoplasm, NOS"	
Release 47 liftover	Small round blue cell tumor with necrosis	"Neoplasm, NOS"	
Release 47 liftover	"Small round blue cell tumor, consistent INI-1/SMARCB1 mutated sarcoma"	"Neoplasm, NOS"	
Release 47 liftover	"Small round blue cell tumor, consistent with Medulloblastoma"	"Neoplasm, NOS"	
Release 47 liftover	"Small round blue cell tumor, consistent with retinoblastoma, RB protein lost by IHC"	"Neoplasm, NOS"	
Release 47 liftover	"Small round blue cell tumor, consistent with Rhabdomyosarcoma"	"Neoplasm, NOS"	
Release 47 liftover	"Small round blue cell tumor, e-wing sarcoma"	"Neoplasm, NOS"	
Release 47 liftover	"Small round blue cell tumor, favor embryonal tumor such as medulloblastoma"	"Neoplasm, NOS"	
Release 47 liftover	"Small round blue cell tumor, favor embryonal tumor, medulloblastoma"	"Neoplasm, NOS"	
Release 47 liftover	"Small round blue cell tumor, favor high-grade neuroepithelial tumor, such as an embryonal tumor"	"Neoplasm, NOS"	
Release 47 liftover	"Small round blue cell tumor, favor neuroblastoma"	"Neoplasm, NOS"	
Release 47 liftover	"Small round blue cell tumor, most consistent with CNS embryonal tumor"	"Neoplasm, NOS"	
Release 47 liftover	"Small round blue cell tumor, Neuroblastic tumor"	"Neoplasm, NOS"	
Release 47 liftover	"Small round blue cell tumor, possible mesenchymal chondrosarcoma"	"Neoplasm, NOS"	
Release 47 liftover	Small round blue cell tumor: rhabdomyosarcoma	"Neoplasm, NOS"	
Release 47 liftover	Small round cell neoplasm	"Neoplasm, NOS"	
Release 47 liftover	Small round cell sarcoma	"Sarcoma, NOS"	
Release 47 liftover	Small round cell tumor	"Neoplasm, NOS"	
Release 47 liftover	"Small round cell tumor, compatible with medulloblastoma"	"Neoplasm, NOS"	
Release 47 liftover	"Small, round, blue cell tumor"	"Neoplasm, NOS"	
Release 47 liftover	"Small, round, blue-cell tumor, in favor medulloblastoma, WNT-activated, CNS WHO Grade 4"	"Neoplasm, NOS"	
Release 47 liftover	SMARCA4-Deficient undifferentiated uterine sarcoma	SMARCA4-Deficient Uterine Sarcoma	
Release 47 liftover	SMARCB1 deficient malignancy consistent with malignant extrarenal rhabdoid tumor	"Neoplasm, malignant"	
Release 47 liftover	SMARCB1-deficient tumor NOS (This is most likely atypical teratoid/rhabdoid tumor (ATRT))	"Neoplasm, NOS"	
Release 47 liftover	"SMARCB1-Deficient tumor, consistent with extrarenal rhabdoid tumor or atypical teratoid/rhabdoid tumor"	"Neoplasm, NOS"	
Release 47 liftover	SMARCB1-deficient undifferentiated round cell sarcoma	"Sarcoma, NOS"	
Release 47 liftover	"Soft tissue, left supraclavicular mass"	Unknown	
Release 47 liftover	"Soft tissue, left supraclavicular mass; Malignant peripheral nerve sheath tumor, high grade"	Malignant Peripheral Nerve Sheath Tumor	
Release 47 liftover	"Soft tissue, right posterior mediastinal mass, small round blue cell tumor and necrosis"	"Neoplasm, NOS"	
Release 47 liftover	Solid (type 3) pleuropulmonary blastoma with rhabdomyogenic differentiation	Pleuropulmonary blastoma	
Release 47 liftover	Solid and pseudopapillary tumor of the pancreas	Solid pseudopapillary neoplasm of pancreas	
Release 47 liftover	Solid pseudopapillary neoplasm	"Neoplasm, NOS"	
Release 47 liftover	Solid pseudopapillary tumor	"Neoplasm, NOS"	
Release 47 liftover	Spinal cord tumor	"Neoplasm, NOS"	
Release 47 liftover	Spinal ependymoma myxopapillary	Spinal Ependymoma	
Release 47 liftover	"Spinal ependymoma, CNS WHO grade 2"	Spinal Ependymoma	
Release 47 liftover	"Spinal ependymoma, histologic CNS WHO grade 2"	Spinal Ependymoma	
Release 47 liftover	"Spinal ependymoma, histologically low grade (CNS WHO grade 2)"	Spinal Ependymoma	
Release 47 liftover	"Spinal ependymoma, WHO grade 2"	Spinal Ependymoma	
Release 47 liftover	"Spinal ependymoma, WHO grade 3"	Spinal Ependymoma	
Release 47 liftover	"Spinal ependymoma, YSP1::MAML2 fusion-positive. WHO Grade: CNS Grade 2"	Spinal Ependymoma	
Release 47 liftover	Spinal tumor	"Neoplasm, NOS"	
Release 47 liftover	Spindle cell carcinoma	"Spindle cell carcinoma, NOS"	
Release 47 liftover	Spindle cell lesion	Unknown	
Release 47 liftover	Spindle cell lesion with high mitotic rate	Unknown	
Release 47 liftover	Spindle cell neoplasm	"Neoplasm, NOS"	
Release 47 liftover	Spindle cell neoplasm with features of Low-grade fibromyxoid sarcoma	"Neoplasm, NOS"	
Release 47 liftover	Spindle cell neoplasm with features suggestive of schwannoma	"Neoplasm, NOS"	
Release 47 liftover	Spindle cell neoplasm with necrosis	"Neoplasm, NOS"	
Release 47 liftover	"Spindle cell neoplasm, consistent with Schwannoma, WHO grade 1"	"Neoplasm, NOS"	
Release 47 liftover	"Spindle cell neoplasm, favor glioma, with ZCCHC8:ROS1 fusion"	"Neoplasm, NOS"	
Release 47 liftover	"Spindle cell neoplasm, most compatible with dermatofibroma"	"Neoplasm, NOS"	
Release 47 liftover	"Spindle cell neoplasm, most consistent with rhabdomyosarcoma"	"Neoplasm, NOS"	
Release 47 liftover	Spindle cell proliferation	Unknown	
Release 47 liftover	Spindle cell proliferation most consistent with inflammatory myofibroblastic tumor	Unknown	
Release 47 liftover	"Spindle cell proliferation, beta-catenin positive"	Unknown	
Release 47 liftover	Spindle cell rhabdomyosaroma	Spindle cell rhabdomyosarcoma	
Release 47 liftover	Spindle cell sarcoma with CD99::BRAF fusion	Spindle cell sarcoma	
Release 47 liftover	Spindle cell sarcoma with myofibroblastic differentiation best regarded as infantile fibrosarcoma	Spindle cell sarcoma	
Release 47 liftover	"Spindle cell sarcoma, at least intermediate grade"	Spindle cell sarcoma	
Release 47 liftover	"Spindle cell sarcoma, favor intermediate grade, with RAF1 mutation"	Spindle cell sarcoma	
Release 47 liftover	Spindle cell tumor	"Neoplasm, NOS"	
Release 47 liftover	Spindle cell tumor with atypia	"Neoplasm, NOS"	
Release 47 liftover	"Spindle cell tumor, favor low-grade"	"Neoplasm, NOS"	
Release 47 liftover	"Spindle cell/ sclerosing rhabdomyosarcoma, with diffuse anaplasia"	Spindle Cell/Sclerosing Rhabdomyosarcoma	
Release 47 liftover	Spindled and epithelioid tumor with features of intracranial mesenchymal tumor	"Epithelioid Neoplasm, NOS"	
Release 47 liftover	Spindled and ovoid cell neoplasm most consistent with solitary fibrous tumor	"Neoplasm, NOS"	
Release 47 liftover	Spindled glioneuronal tumor	"Gliomas, Glioneuronal Tumors, and Neuronal Tumors, NOS"	
Release 47 liftover	Squamous cell carcinoma	"Squamous cell carcinoma, NOS"	
Release 47 liftover	"Squamous cell carcinoma, consistent with nasopharyngeal carcinoma"	"Squamous cell carcinoma, NOS"	
Release 47 liftover	Steroid cell tumor	"Neoplasm, NOS"	
Release 47 liftover	"Stroma poor, poorly differentiated neuroblastoma with low MKI, favorable histology"	Neuroblastoma	
Release 47 liftover	Subependymal giant cell astrocytoma (CNS WHO grade 1)	Subependymal giant cell astrocytoma	
Release 47 liftover	Subependymal giant cell astrocytoma (SEGA)	Subependymal giant cell astrocytoma	
Release 47 liftover	Subependymal giant cell astrocytoma (WHO grade 1)	Subependymal giant cell astrocytoma	
Release 47 liftover	Subependymal giant cell astrocytoma CNS WHO grade 1	Subependymal giant cell astrocytoma	
Release 47 liftover	"Subependymal giant cell astrocytoma, CNS WHO grade 1"	Subependymal giant cell astrocytoma	
Release 47 liftover	Subependymoma giant cell astrocytoma	Subependymal giant cell astrocytoma	
Release 47 liftover	Suggestive of desmoplastic small round cell tumor	Unknown	
Release 47 liftover	suggestive of embryonal sarcoma with a primitive phenotype	Unknown	
Release 47 liftover	Supertentorial ependymoma	Supratentorial Ependymoma	
Release 47 liftover	Supra renal mass	Unknown	
Release 47 liftover	supracellular Germinoma	Germinoma	
Release 47 liftover	"Supraglottis, soft tissue"	Unknown	
Release 47 liftover	"Supraglottis, soft tissue; Small round blue cell tumor, consistent with Rhabdomyosarcoma"	"Neoplasm, NOS"	
Release 47 liftover	Suprasellar mass	Unknown	
Release 47 liftover	Suprasellar mass - Low grade glioma	"Low-grade glioma, NOS or NEC"	
Release 47 liftover	Supratentorial anaplastic ependymoma	Supratentorial Ependymoma	
Release 47 liftover	Supratentorial choroid plexus papilloma	Choroid plexus papilloma	
Release 47 liftover	Supratentorial Ependymoma CNS WHO grade 3	Supratentorial Ependymoma	
Release 47 liftover	Supratentorial ependymoma with L1CAM positivity	Supratentorial Ependymoma	
Release 47 liftover	"Supratentorial ependymoma ZFTA fusion positive, WHO grade 3."	"Supratentorial ependymoma, ZFTA fusion-positive"	
Release 47 liftover	"Supratentorial ependymoma, CNS WHO grade 3"	Supratentorial Ependymoma	
Release 47 liftover	"Supratentorial ependymoma, favor ZFTA fusion-positive type, WHO Grade 3"	Supratentorial Ependymoma	
Release 47 liftover	"Supratentorial ependymoma, histologic WHO grade 3"	Supratentorial Ependymoma	
Release 47 liftover	"Supratentorial ependymoma, NOS"	Supratentorial Ependymoma	
Release 47 liftover	"Supratentorial ependymoma, NOS CNS WHO grade 2"	Supratentorial Ependymoma	
Release 47 liftover	"Supratentorial ependymoma, WHO Grade 2"	Supratentorial Ependymoma	
Release 47 liftover	"Supratentorial ependymoma, WHO Grade 3, NOS"	Supratentorial Ependymoma	
Release 47 liftover	"Supratentorial ependymoma, ZFTA fusion-positive, CNS WHO grade 3"	"Supratentorial ependymoma, ZFTA fusion-positive"	
Release 47 liftover	"Supratentorial ependymoma, ZFTA-altered, WHO grade 2"	"Supratentorial ependymoma, ZFTA fusion-positive"	
Release 47 liftover	"Supratentorial ependymoma, ZFTA-fusion positive, CNS WHO 3"	"Supratentorial ependymoma, ZFTA fusion-positive"	
Release 47 liftover	Supratentorial ependyomoma	Supratentorial Ependymoma	
Release 47 liftover	supratentorial tumor	"Neoplasm, NOS"	
Release 47 liftover	supratentorial tumor; Low-grade neuroepithelial tumor (WHO Grade 1)	"Gliomas, Glioneuronal Tumors, and Neuronal Tumors, NOS"	
Release 47 liftover	Suspicious for medulloblastoma	Unknown	
Release 47 liftover	"Synovial sarcoma, biphasic type"	"Synovial sarcoma, biphasic"	
Release 47 liftover	"Synovial sarcoma, biphasic, FNCLCC grade 3"	"Synovial sarcoma, biphasic"	
Release 47 liftover	"Synovial sarcoma, monophasic"	Synovial Sarcoma	
Release 47 liftover	"Synovial sarcoma, monophasic pattern, Grade 2 out of 3"	Synovial Sarcoma	
Release 47 liftover	"Synovial sarcoma, monophasic spindle cell"	"Synovial sarcoma, spindle cell"	
Release 47 liftover	"Synovial sarcoma, monophasic spindle cell type"	"Synovial sarcoma, spindle cell"	
Release 47 liftover	"Synovial sarcoma, monophasic type"	Synovial Sarcoma	
Release 47 liftover	"Synovial sarcoma, monophasic type, FNCLCC Grade 2"	Synovial Sarcoma	
Release 47 liftover	"Synovial sarcoma, monophasic-type"	Synovial Sarcoma	
Release 47 liftover	"Synovial sarcoma, monophasic-type, intermediate grade (FNCLCC grade 2 or 3) forming an 8.8 cm solid and cystic mass"	Synovial Sarcoma	
Release 47 liftover	"Tenosynovial giant cell tumor, diffuse type"	Tenosynovial Giant Cell Tumor	
Release 47 liftover	Teratoma	"Teratoma, NOS"	
Release 47 liftover	Testicular mass	Unknown	
Release 47 liftover	TFE3-positive neoplasm	"Neoplasm, NOS"	
Release 47 liftover	TFE3-rearranged epithelioid neoplasm best regarded as a rare low-grade (indolent) variant of alveolar soft part sarcoma (ASPS)	"Epithelioid Neoplasm, NOS"	
Release 47 liftover	Thalamic brain tumor	"Brain Tumor, NOS"	
Release 47 liftover	"Thymic carcinoma, lymphoepithelial-like variant"	"Thymic carcinoma, NOS"	
Release 47 liftover	Thyroid carcinoma	"Carcinoma, NOS"	
Release 47 liftover	Thyroid papillary carcinoma	Papillary Thyroid Carcinoma	
Release 47 liftover	"Thyroid papillary carcinoma, classic type"	Papillary Thyroid Carcinoma	
Release 47 liftover	Treated neuroblastoma	Neuroblastoma	
Release 47 liftover	"Tumor present, further classification pending consultation"	"Neoplasm, NOS"	
Release 47 liftover	Tumour lesion for which malignant or benign nature cannot be determined	Unknown	
Release 47 liftover	Ulcerated nodular melanoma	Nodular melanoma	
Release 47 liftover	Unclassified pleomorphic sarcoma	"Sarcoma, NOS"	
Release 47 liftover	Unclassified round cell sarcoma	"Sarcoma, NOS"	
Release 47 liftover	Unclassified sarcoma	"Sarcoma, NOS"	
Release 47 liftover	"Unclassified sarcoma with epithelioid and spindle cell features, high grade"	"Sarcoma, NOS"	
Release 47 liftover	Unclassified sarcoma with round cell morphology	"Sarcoma, NOS"	
Release 47 liftover	Undiagnosed spindle cell neoplasm	"Neoplasm, NOS"	
Release 47 liftover	undiagnosed spindle cell tumor	"Neoplasm, NOS"	
Release 47 liftover	Undifferential small round blue cell tumor	"Neoplasm, NOS"	
Release 47 liftover	Undifferentiated embryonal sarcoma of the liver (UESL)	Embryonal sarcoma	
Release 47 liftover	Undifferentiated malignant neoplasm with rhabdoid morphology and INI1 loss	"Neoplasm, malignant"	
Release 47 liftover	Undifferentiated malignant round to spindle mesenchymal neoplasm	"Mesenchymal Tumor, NOS"	
Release 47 liftover	"Undifferentiated malignant tumor with round, blue cells, morphological appearance and immunohistochemical study is consistent with rhabdomyosarcoma"	"Neoplasm, malignant"	
Release 47 liftover	Undifferentiated neuroblastoma	Neuroblastoma	
Release 47 liftover	"Undifferentiated neuroblastoma, high MKI"	Neuroblastoma	
Release 47 liftover	Undifferentiated round and spindle cell sarcoma	"Sarcoma, NOS"	
Release 47 liftover	"Undifferentiated round cell malignancy, favor EWSR1: Patz1 Sarcoma"	"Neoplasm, malignant"	
Release 47 liftover	Undifferentiated round cell sarcoma consistent with ewing sarcoma	"Sarcoma, NOS"	
Release 47 liftover	Undifferentiated round cell sarcoma with EWSR1::ETV1 translocation	"Sarcoma, NOS"	
Release 47 liftover	"Undifferentiated round cell sarcoma, favor BCOR sarcoma"	"Sarcoma, NOS"	
Release 47 liftover	Undifferentiated round-cell sarcoma	"Sarcoma, NOS"	
Release 47 liftover	"Undifferentiated sarcoma, favor infantile fibrosarcoma"	"Sarcoma, NOS"	
Release 47 liftover	Undifferentiated small cell tumor	"Neoplasm, NOS"	
Release 47 liftover	Undifferentiated small round cell malignant neoplasm with neuroendocrine differentiation	"Neoplasm, malignant"	
Release 47 liftover	Undifferentiated small round cell sarcoma	"Sarcoma, NOS"	
Release 47 liftover	Undifferentiated small round cell tumor	"Neoplasm, NOS"	
Release 47 liftover	"Undifferentiated small round cell tumor, pending genetic analysis"	"Neoplasm, NOS"	
Release 47 liftover	Undifferentiated tumour with small round cell and spindled morphology	"Neoplasm, NOS"	
Release 47 liftover	"Undifferentiated, high-grade neoplasm/sarcoma"	High Grade Sarcoma	
Release 47 liftover	unfavorable histology	Unknown	
Release 47 liftover	Unfavorable histology neuroblastoma	Neuroblastoma	
Release 47 liftover	"Unknown, to be completed later"	Unknown	
Release 47 liftover	Unusual high-grade primitive sarcoma	High Grade Sarcoma	
Release 47 liftover	Unusual histologically low-grade glioma	"Low-grade glioma, NOS or NEC"	
Release 47 liftover	"Vascular lesion, consistent with hemangioma"	Unknown	
Release 47 liftover	Well differentiated colonic adenocarcinoma	Adenocarcinoma	
Release 47 liftover	Well differentiated embryonal rhabdomyosarcoma	Embryonal Rhabdomyosarcoma	
Release 47 liftover	"Well differentiated neuroendocrince tumor, grade 1"	"Neuroendocrine tumor, NOS"	
Release 47 liftover	Well differentiated neuroendocrine tumor	"Neuroendocrine tumor, NOS"	
Release 47 liftover	Well differentiated neuroendocrine tumor grade 1	"Neuroendocrine tumor, NOS"	
Release 47 liftover	"Well differentiated neuroendocrine tumor, grade G1, (carcinoid tumor)"	"Neuroendocrine tumor, NOS"	
Release 47 liftover	Well to moderately differentiated colonic adenocarcinoma	Adenocarcinoma	
Release 47 liftover	"Well-circumscribed, nodular lesion with prominent blood vessels, diffuse smooth muscle actin positivity, and prominent plasmacytic and histiocytic infiltrate"	Unknown	
Release 47 liftover	Well-differentiated neuroendocrine tumor	"Neuroendocrine tumor, NOS"	
Release 47 liftover	Well-differentiated neuroendocrine tumor (carcinoid tumor) of the distal appendix	"Neuroendocrine tumor, NOS"	
Release 47 liftover	Well-differentiated neuroendocrine tumor (carcinoid)	"Neuroendocrine tumor, NOS"	
Release 47 liftover	"Well-differentiated neuroendocrine tumor, G1"	"Neuroendocrine tumor, NOS"	
Release 47 liftover	"Well-differentiated neuroendocrine tumor, grade 1"	"Neuroendocrine tumor, NOS"	
Release 47 liftover	"Well-differentiated neuroendocrine tumor, low-grade"	"Neuroendocrine tumor, NOS"	
Release 47 liftover	well-differentiated thyroid carcinoma	"Carcinoma, NOS"	
Release 47 liftover	WHO grade 1)	Unknown	
Release 47 liftover	WHO Grade 4	Unknown	
Release 47 liftover	WHO Grade IV	Unknown	
Release 48+49+50 liftover	"Acinic cell carcinoma (2.7 cm), clinically arising in confined to the right superficial parotid lobe"	Acinar cell carcinoma	
Release 48+49+50 liftover	"Adenocarcinoma in antrum, mixed tubular and signet ring patterns"	Adenocarcinoma with mixed subtypes	
Release 48+49+50 liftover	"Adrenal tissue with neuroblastoma, poorly differentiated"	Neuroblastoma	
Release 48+49+50 liftover	Adrenocortical neoplasm	"Adrenocortical Tumor, NOS"	
Release 48+49+50 liftover	Alveolar rhabdomyosarcoma (High grade) - Positive for FOX01 gene rearrangement by FISH	Alveolar rhabdomyosarcoma	
Release 48+49+50 liftover	"Alveolar rhabdomyosarcoma, FOXO1 fusion positive"	Alveolar rhabdomyosarcoma	
Release 48+49+50 liftover	Anaplastic embryonal rhabdomyosarcoma	Embryonal Rhabdomyosarcoma	
Release 48+49+50 liftover	"Anaplastic ependymoma with loss of nuclear expression of H3K27me3 by immunohistochemistry, consistent with posterior fossa group A (PFA) ependymoma, CNS Grade 3"	"Ependymoma, anaplastic"	
Release 48+49+50 liftover	"Angiomatoid fibrous histiocytoma, myxoid variant"	Angiomatoid fibrous histiocytoma	
Release 48+49+50 liftover	Appendix with 2 separate well differentiated / G1 neuroendocrine tumors	"Neuroendocrine tumor, NOS"	
Release 48+49+50 liftover	Astrocytic glioma with increased proliferative activity	"Gliomas, Glioneuronal Tumors, and Neuronal Tumors, NEC"	
Release 48+49+50 liftover	"Astrocytoma, IDH mutant, WHO grade 2"	"Astrocytoma, IDH-mutant"	
Release 48+49+50 liftover	"Astrocytoma, IDH R132H mutant by immunohistochemistry, WHO grade 4"	"Astrocytoma, IDH-mutant"	
Release 48+49+50 liftover	"Astrocytoma, IDH-Mutant (WHO grade 2)"	"Astrocytoma, IDH-mutant"	
Release 48+49+50 liftover	"Atypical teratoid rhabdoid tumor (ATRT), CNS WHO grade 4"	Atypical teratoid/rhabdoid tumor	
Release 48+49+50 liftover	"Atypical teratoid/rhabdoid tumor (ATRT), WHO Grade 4"	Atypical teratoid/rhabdoid tumor	
Release 48+49+50 liftover	Atypical teratoid/rhabdoid tumor (CNS WHO grade 4)	Atypical teratoid/rhabdoid tumor	
Release 48+49+50 liftover	"Atypical teratoid/rhabdoid tumour (AT/RT), MYC-activated, CNS WHO grade 4."	Atypical teratoid/rhabdoid tumor	
Release 48+49+50 liftover	Bland fibrofatty proliferation with an infiltrative growth pattern and entrapped skeletal muscle. Cannot exclude desmoid fibromatosis.	Unknown	
Release 48+49+50 liftover	Borderline mucinous tumor of the ovary 33 x 26 x 17.5 cm / 6.03 kg received intact in a background of predominant mucinous cystadenoma	Mucinous Borderline Tumor	
Release 48+49+50 liftover	Brain right frontal tumor: infant-type Hemispheric glioma (IHG)	Infant-type hemispheric glioma	
Release 48+49+50 liftover	"Brain, posterior fossa tumor, resection: Medulloblastoma, large cell/anaplastic histology, non-WNT/non-SHH activated (IHC), CNS WHO Grade 4"	"Medulloblastoma, non-WNT/non-SHH"	
Release 48+49+50 liftover	c/w infiltrating glioma. No high grade features on frozen	"Neoplasm, NOS"	
Release 48+49+50 liftover	"CD99, NKX2.2 positive undifferentiated round cell sarcoma"	Undifferentiated Round Cell Sarcoma	
Release 48+49+50 liftover	Chordoma with focal chondroid differentiation (Chondroid Chordoma).	Chondroid chordoma	
Release 48+49+50 liftover	CIC-rearranged sarcoma with CIC::DUX4 gene fusion	CIC-rearranged sarcoma	
Release 48+49+50 liftover	Circumscribed astrocytic glioma of the pilocytic astrocytoma type. WHO grade 1. Predominantly pilomyxoid morphology.	Circumscribed Astrocytic Gliomas	
Release 48+49+50 liftover	Circumscribed glial neoplasm with piloid features and focally elevated mitotic activity	"Gliomas, Glioneuronal Tumors, and Neuronal Tumors, NOS"	
Release 48+49+50 liftover	CNS Embryonal neoplasm	"Embryonal Tumors, NOS"	
Release 48+49+50 liftover	Components of mature teratoma	"Neoplasm, NOS"	
Release 48+49+50 liftover	Congenital peribronchial myofibroblastic tumor	"Myofibroblastic tumor, NOS"	
Release 48+49+50 liftover	Consistent with adrenal neuroblastoma	"Neoplasm, NOS"	
Release 48+49+50 liftover	Consistent with chordoma	"Neoplasm, NOS"	
Release 48+49+50 liftover	"Consistent with embryonal tumour with multilayered rosettes (ETMR), CNS WHO grade 4."	"Neoplasm, NOS"	
Release 48+49+50 liftover	"Consistent with metastatic medulloblastoma, desmoplastic/nodular histologic type, SHH-activated and likely TP53-wildtype molecular group, CNS WHO grade 4"	"Neoplasm, NOS"	
Release 48+49+50 liftover	"Craniopharyngioma, adamantinomatous type, CNS WHO grade 1."	"Craniopharyngioma, adamantinomatous"	
Release 48+49+50 liftover	"Cystic lung lesion (7.8 CM in greatest dimension), most consistent with pleuropulmonary blastoma (PPB) type I"	"Neoplasm, NOS"	
Release 48+49+50 liftover	"Desmoplastic infantile ganglioglioma (DIG), CNS WHO grade 1"	Desmoplastic infantile ganglioglioma / desmoplastic infantile astrocytoma	
Release 48+49+50 liftover	Desmoplastic round cell tumor positive for EWSR1 WT1 fusion (by NGS-based molecular test)	"Neoplasm, NOS"	
Release 48+49+50 liftover	"Differentiating neuroblastoma, intermediate mitotic karyorrhectic index (favorable histology)"	Neuroblastoma	
Release 48+49+50 liftover	Diffuse glial/glioneuronal neoplasm	"Gliomas, Glioneuronal Tumors, and Neuronal Tumors, NOS"	
Release 48+49+50 liftover	"Diffuse glioma with high grade features, IDH1R132H wild-type by immunohistochemistry"	"Gliomas, Glioneuronal Tumors, and Neuronal Tumors, NOS"	
Release 48+49+50 liftover	"Diffuse glioma, NOS (Pending IHC)"	"Gliomas, Glioneuronal Tumors, and Neuronal Tumors, NOS"	
Release 48+49+50 liftover	Diffuse high grade pediatric glioma	"Gliomas, Glioneuronal Tumors, and Neuronal Tumors, NOS"	
Release 48+49+50 liftover	"Diffuse infiltrating glial/glioneuronal tumor, histologically low-grade"	"Gliomas, Glioneuronal Tumors, and Neuronal Tumors, NOS"	
Release 48+49+50 liftover	"Diffuse low-grade glioma, pending molecular studies"	"Low-grade glioma, NOS or NEC"	
Release 48+49+50 liftover	"Diffuse midline glioma, H3 K27-altered (by immunohistochemistry), CNS WHO 4"	"Diffuse Midline Glioma, H3 K27-altered"	
Release 48+49+50 liftover	"Diffuse midline glioma, H3K27-altered (by targeted NGS and IHC), CNS WHO grade 4."	"Diffuse Midline Glioma, H3 K27-altered"	
Release 48+49+50 liftover	"Diffuse midline glioma, H3K27M mutant (H3K27 altered), CNS WHO grade 4"	"Diffuse Midline Glioma, H3 K27-altered"	
Release 48+49+50 liftover	"Diffuse midline glioma, H3K27M-altered (CNS WHO Grade 4)"	"Diffuse Midline Glioma, H3 K27-altered"	
Release 48+49+50 liftover	"Diffuse pediatric-type high-grade glioma, H3-wildtype and IDH-wildtype, CNS WHO grade 4"	"Diffuse Pediatric-type High-grade Glioma, H3-wildtype and IDH-wildtype"	
Release 48+49+50 liftover	Embryonal neoplasm favor medulloblastoma	"Embryonal Tumors, NOS"	
Release 48+49+50 liftover	"Embryonal neoplasm most consistent with Pineoblastoma, CNS WHO grade 4"	"Embryonal Tumors, NOS"	
Release 48+49+50 liftover	Embryonal neoplasm most consistent with retinoblastoma	"Embryonal Tumors, NOS"	
Release 48+49+50 liftover	Embryonal neoplasm with heterologous elements	"Embryonal Tumors, NOS"	
Release 48+49+50 liftover	"Embryonal neoplasm, CNS WHO Grade 4, NOS"	"Embryonal Tumors, NOS"	
Release 48+49+50 liftover	"Embryonal neoplasm, pending molecular classification"	"Embryonal Tumors, NOS"	
Release 48+49+50 liftover	"Embryonal rhabdomyosaracoma arising in the paratesticular region, 3.4 cm"	Embryonal Rhabdomyosarcoma	
Release 48+49+50 liftover	"Embryonal rhabdomyosarcoma arising in the paratesticular region, 3.4 cm"	Embryonal Rhabdomyosarcoma	
Release 48+49+50 liftover	"Embryonal Rhabdomyosarcoma, 9.3 cm, arising in the paratesticular region. Negative for anaplasia. Tumor involves the epididymis and vas deferens. Tumor encases, but does not involve the testicle."	Embryonal Rhabdomyosarcoma	
Release 48+49+50 liftover	"Embryonal rhabdomyosarcoma, paratesticular"	Embryonal Rhabdomyosarcoma	
Release 48+49+50 liftover	Embryonal tumor of the medulloblastoma type in its classic variant. This is classified as grade 4 by the WHO. Its immunohistochemical profile supports the activated SHH group with non-mutated TP53.	"Medulloblastoma, NOS"	
Release 48+49+50 liftover	Embryonal tumor with with atypical features	"Embryonal Tumors, NOS"	
Release 48+49+50 liftover	"Embryonal tumor, consistent with medulloblastoma"	"Embryonal Tumors, NOS"	
Release 48+49+50 liftover	"Embryonal tumor, consistent with Medulloblastoma, CNS WHO Grade 4. Histologically: Classic type. Non-WNT/Non-SHH activated by IHC"	"Embryonal Tumors, NOS"	
Release 48+49+50 liftover	"Embryonal tumor, morphologic features most consistent with Medulloblastoma, WHO grade IV"	"Embryonal Tumors, NOS"	
Release 48+49+50 liftover	"Ependymal tumor without histological criteria for high grade, consistent with ependymoma"	"Ependymal Tumors, NOS"	
Release 48+49+50 liftover	"Ependymoma, posterior fossa group A (PFA)"	Posterior Fossa Group A (PFA) Ependymoma	
Release 48+49+50 liftover	"Ependymoma, posterior fossa group A (PFA), CNS WHO grade 3"	Posterior Fossa Group A (PFA) Ependymoma	
Release 48+49+50 liftover	"Ependymoma, posterior fossa group A (PFA), WHO grade 3"	Posterior Fossa Group A (PFA) Ependymoma	
Release 48+49+50 liftover	"Ependymoma, posterior fossa group A type"	Posterior Fossa Group A (PFA) Ependymoma	
Release 48+49+50 liftover	Epitheliod pleomorphic astroycytoma	"Astrocytoma, NOS"	
Release 48+49+50 liftover	Ewing sarcoma (EWSR1 gene rearrangement confirmed by FISH)	Ewing sarcoma	
Release 48+49+50 liftover	Ewing sarcoma with EWSR1::FLI1 fusion by CinCSeq NGS testing	Ewing sarcoma	
Release 48+49+50 liftover	"Ewing sarcoma, EWSR1-FLI1 rearranged"	Ewing sarcoma	
Release 48+49+50 liftover	"Ewing sarcoma, extending to inked and cauterized tissue edges."	Ewing sarcoma	
Release 48+49+50 liftover	Ewings sarcoma	Ewing sarcoma	
Release 48+49+50 liftover	"EWSR1-rearranged and CD99, vimentin, and NKX2.2-positive small round cell malignant neoplasm"	"Neoplasm, NOS"	
Release 48+49+50 liftover	EWSR1-rearranged undifferentiated sarcoma	Undifferentiated sarcoma	
Release 48+49+50 liftover	"Extra-adrenal paraganglioma, 6.8cm"	Paraganglioma	
Release 48+49+50 liftover	Favor dysembryoplastic neuroepithelial tumor (DNET)	Unknown	
Release 48+49+50 liftover	Favor low-grade glial/glioneuronal neoplasm	Unknown	
Release 48+49+50 liftover	"Favor pediatric type high grade glioma, waiting immunohistochemical stains and molecular"	Unknown	
Release 48+49+50 liftover	Features consistent with ganglioglioma (WHO grade 1)	Unknown	
Release 48+49+50 liftover	Features consistent with low-grade glioma	Unknown	
Release 48+49+50 liftover	"Features of Pleuropulmonary Blastoma, Type 1 (Focal Desmin Positive, Focal Myogenin Positive, MyoD1 negative; Mitotic index via Ki67: about 65%)."	Unknown	
Release 48+49+50 liftover	FET::ETS (EWSR1::FL1) fusion tumor	"Neoplasm, NOS"	
Release 48+49+50 liftover	"Fibrous meningioma, CNS WHO grade 1"	Fibrous meningioma	
Release 48+49+50 liftover	Follicular variant papillary carcinoma	"Papillary carcinoma, follicular variant"	
Release 48+49+50 liftover	Fragmented brain parenchyma harboring atypical vacuolated neurons in some areas	Unknown	
Release 48+49+50 liftover	"Fusion negative rhabdomyosarcoma, embryonal type"	Embryonal Rhabdomyosarcoma	
Release 48+49+50 liftover	Ganglioglioma (CNS WHO grade 1)	Ganglioglioma	
Release 48+49+50 liftover	"Ganglioglioma, BRAFV600E positive on IHC, CNS WHO grade 1"	Ganglioglioma	
Release 48+49+50 liftover	Ganglioneuroblastoma with significant necrosis within neuroblastic component	Ganglioneuroblastoma	
Release 48+49+50 liftover	"Ganglioneuroblastoma, intermixed, favorable histology"	"Ganglioneuroblastoma, intermixed"	
Release 48+49+50 liftover	Germ cell tumor	"Germ Cell Tumor, NOS"	
Release 48+49+50 liftover	Germ cell tumor consistent with Germinoma as sampled	"Germ Cell Tumor, NOS"	
Release 48+49+50 liftover	Glial lesion with areas of necrosis	Unknown	
Release 48+49+50 liftover	Glial neoplasm with associated several microcalcifications	"Gliomas, Glioneuronal Tumors, and Neuronal Tumors, NOS"	
Release 48+49+50 liftover	Glial neoplasm with increased proliferative activity	"Gliomas, Glioneuronal Tumors, and Neuronal Tumors, NOS"	
Release 48+49+50 liftover	"Glial neoplasm with leptomeningeal dissemination, favor low-grade"	"Gliomas, Glioneuronal Tumors, and Neuronal Tumors, NOS"	
Release 48+49+50 liftover	"Glial neoplasm with morphologic features most compatible with supratentorial ependymoma, not otherwise specified, CNS WHO grade 2"	"Gliomas, Glioneuronal Tumors, and Neuronal Tumors, NOS"	
Release 48+49+50 liftover	Glial neoplasm with piloid features and elevated mitotic activity	"Gliomas, Glioneuronal Tumors, and Neuronal Tumors, NOS"	
Release 48+49+50 liftover	"Glial neoplasm, favor low-grade"	"Gliomas, Glioneuronal Tumors, and Neuronal Tumors, NOS"	
Release 48+49+50 liftover	"Glial neoplasm, pending outside consultation"	"Gliomas, Glioneuronal Tumors, and Neuronal Tumors, NOS"	
Release 48+49+50 liftover	"Glial/glioneuronal tumor with ependymoma features, high-grade"	"Gliomas, Glioneuronal Tumors, and Neuronal Tumors, NOS"	
Release 48+49+50 liftover	"Glial/glioneuronal tumor, BRAF V600-E mutant"	"Gliomas, Glioneuronal Tumors, and Neuronal Tumors, NOS"	
Release 48+49+50 liftover	Glioependymal tumor	"Ependymal Tumors, NOS"	
Release 48+49+50 liftover	Glioma with piloid morphology and high grade features	"Gliomas, Glioneuronal Tumors, and Neuronal Tumors, NOS"	
Release 48+49+50 liftover	"Glioneuronal tumor favor ganglioglioma, WHO grade 1"	"Glioneuronal and Neuronal Tumors, NOS"	
Release 48+49+50 liftover	Glioneuronal tumour	"Glioneuronal and Neuronal Tumors, NOS"	
Release 48+49+50 liftover	Grey and white matter with mild glial atypia	Unknown	
Release 48+49+50 liftover	High grade astrocytoma with piloid features	High-grade astrocytoma with piloid features	
Release 48+49+50 liftover	"High grade embryonal neoplasm, CNS-WHO grade 4"	"Embryonal Tumors, NOS"	
Release 48+49+50 liftover	High grade glioma with BRAF V600E mutation	"High-grade glioma, NOS or NEC"	
Release 48+49+50 liftover	"High grade glioma, CNS WHO grade pending"	"High-grade glioma, NOS or NEC"	
Release 48+49+50 liftover	"High grade glioma, NOS"	"High-grade glioma, NOS or NEC"	
Release 48+49+50 liftover	"High grade infiltrating glioma, H3K27-altered by IHC"	"High-grade glioma, NOS or NEC"	
Release 48+49+50 liftover	High grade neoplasm NOS	"Neoplasm, malignant"	
Release 48+49+50 liftover	"High grade neoplasm, classic medulloblastoma"	Medulloblastoma	
Release 48+49+50 liftover	"High grade neuroepithelial neoplasm, favor medulloblastoma, classic type"	"Gliomas, Glioneuronal Tumors, and Neuronal Tumors, NOS"	
Release 48+49+50 liftover	"High grade posterior fossa tumor, favor medulloblastoma"	"Brain Tumor, NOS"	
Release 48+49+50 liftover	"High grade tumor, favor embryonal"	"Neoplasm, malignant"	
Release 48+49+50 liftover	"High-grade neoplasm, pending outside consultation"	"Neoplasm, malignant"	
Release 48+49+50 liftover	High-grade neuroepithelial tumor CNS WHO grade	"Gliomas, Glioneuronal Tumors, and Neuronal Tumors, NOS"	
Release 48+49+50 liftover	"High-grade sarcoma, consistent with rhabdomyosarcoma"	High Grade Sarcoma	
Release 48+49+50 liftover	High-grade spindle cell lesion	Unknown	
Release 48+49+50 liftover	High-grade tumor with neuroendocrine features	"Neoplasm, malignant"	
Release 48+49+50 liftover	"histologic features consistent with pilocytic astrocytoma, CNS WHO Grade 1"	"Neoplasm, NOS"	
Release 48+49+50 liftover	"Histological type: Papillary thyroid carcinoma, subtype DSPTC (Diffuse sclerosing papillary thyroid carcinoma)"	Papillary Thyroid Carcinoma	
Release 48+49+50 liftover	Histologically low-grade glial/glioneuronal tumor	"Gliomas, Glioneuronal Tumors, and Neuronal Tumors, NOS"	
Release 48+49+50 liftover	"Hypercellular bone marrow, near 100 percent, with extensive involvement by neuroblastoma"	Neuroblastoma	
Release 48+49+50 liftover	Immature PIT1-lineage pituitary neuroendocrine tumor/adenoma	Pituitary Adenoma / Pituitary Neuroendocrine Tumour	
Release 48+49+50 liftover	Infiltrating glioma high-grade features pending additional molecular testing	"High-grade glioma, NOS or NEC"	
Release 48+49+50 liftover	Inflammatory myofibroblastic tumor (ALK+)	Inflammatory Myofibroblastic Tumor	
Release 48+49+50 liftover	"Inflammatory myofibroblastic tumor, ALK-positive"	Inflammatory Myofibroblastic Tumor	
Release 48+49+50 liftover	INI-1 deficient malignant neoplasm consistent with atypical teratoid rhabdoid tumor	"Neoplasm, malignant"	
Release 48+49+50 liftover	"INI-1 deficient malignant neoplasm, consistent with atypical teratoid/rhabdoid tumor"	"Neoplasm, malignant"	
Release 48+49+50 liftover	"Integrated diagnosis: Supratentorial ependymoma, pending additional molecular classification"	Supratentorial Ependymoma	
Release 48+49+50 liftover	"Intraosseous mesenchymal neoplasm harboring FUS:CREM, which features most consistent with angiomatoid fibrous histiocytoma"	"Mesenchymal Tumor, NOS"	
Release 48+49+50 liftover	Intratubular large cell hyalinizing Sertoli cell tumor	"Sertoli cell tumor, NOS"	
Release 48+49+50 liftover	Involved by metastatic tumor	"Neoplasm, metastatic"	
Release 48+49+50 liftover	"Large cell / anaplastic medulloblastoma, CNS WHO grade 4"	Large cell medulloblastoma	
Release 48+49+50 liftover	"Large cell/anaplastic medulloblastoma, CNS WHO grade 4."	Large cell medulloblastoma	
Release 48+49+50 liftover	"Lesion Brain, fourth ventricular excision tumor Neoplastic tissue present"	"Neoplasm, NOS"	
Release 48+49+50 liftover	Lesional tissue present	Unknown	
Release 48+49+50 liftover	LMNA  NTRK1 fusion-positive spindle cell neoplasm	"Neoplasm, NOS"	
Release 48+49+50 liftover	"Low grade glial neoplasm, favor pilocytic astocytoma"	"Gliomas, Glioneuronal Tumors, and Neuronal Tumors, NOS"	
Release 48+49+50 liftover	"Low grade glial tumor with histologic features of pilocytic astrocytoma, CNS WHO grade 1"	"Gliomas, Glioneuronal Tumors, and Neuronal Tumors, NOS"	
Release 48+49+50 liftover	Low grade glial versus glioneuronal tumor	"Gliomas, Glioneuronal Tumors, and Neuronal Tumors, NOS"	
Release 48+49+50 liftover	Low grade myxoid neoplasm	"Myxoid Neoplasm, NOS"	
Release 48+49+50 liftover	Low grade neoplasm; favor glial (CK)	"Neoplasm, NOS"	
Release 48+49+50 liftover	"Low-grade astrocytic neoplasm, consistent with pilocytic astrocytoma, WHO grade 1"	"Neoplasm, NOS"	
Release 48+49+50 liftover	"Low-grade ependymal lesion, most consistent with myxopapillary ependymoma (CNS WHO grade 2)."	Unknown	
Release 48+49+50 liftover	"Low-grade glial neoplasm, consistent with pilocytic astrocytoma (CNS WHO Grade 1)"	"Gliomas, Glioneuronal Tumors, and Neuronal Tumors, NOS"	
Release 48+49+50 liftover	"Low-grade glial neoplasm, consistent with pilocytic astrocytoma, CNS WHO grade 1"	"Gliomas, Glioneuronal Tumors, and Neuronal Tumors, NOS"	
Release 48+49+50 liftover	"Low-grade glial neoplasm, morphologically consistent with pleomorphic xanthoastrocytoma"	"Gliomas, Glioneuronal Tumors, and Neuronal Tumors, NOS"	
Release 48+49+50 liftover	"Low-grade glial neoplasm, see comment. The tumor has some histologic features suggestive of pilocytic astrocytoma"	"Gliomas, Glioneuronal Tumors, and Neuronal Tumors, NOS"	
Release 48+49+50 liftover	Low-grade glioma consistent with the intraoperative impression of optic pathway glioma (Pilocytic astrocytoma)	"Gliomas, Glioneuronal Tumors, and Neuronal Tumors, NOS"	
Release 48+49+50 liftover	Low-grade glioma with piloid features	"Gliomas, Glioneuronal Tumors, and Neuronal Tumors, NOS"	
Release 48+49+50 liftover	"Low-grade glioma, favor pilocytic astrocytoma, pending molecular."	"Gliomas, Glioneuronal Tumors, and Neuronal Tumors, NOS"	
Release 48+49+50 liftover	"Low-grade glioma, histologically most consistent with pilocytic astrocytoma, CNS WHO grade 1"	"Gliomas, Glioneuronal Tumors, and Neuronal Tumors, NOS"	
Release 48+49+50 liftover	Low-grade glioma. Positive for BRAF V600E by immunohistochemistry	"Gliomas, Glioneuronal Tumors, and Neuronal Tumors, NOS"	
Release 48+49+50 liftover	Low-grade myxoid spindle cell neoplasm	"Myxoid Neoplasm, NOS"	
Release 48+49+50 liftover	Low-grade neoplasm	"Neoplasm, NOS"	
Release 48+49+50 liftover	"Low-grade neuroepithelial tumor, most suggestive of rosette-forming glioneuronal tumor (RGNT)"	"Gliomas, Glioneuronal Tumors, and Neuronal Tumors, NOS"	
Release 48+49+50 liftover	"Lymph node with metastatic neuroblastoma, unfavorable histology (poorly differentiated neuroblastoma, age >18 months of age, any MKI)."	Neuroblastoma	
Release 48+49+50 liftover	"Malignant melanoma, extending to Breslow thickness 3.3 mm at least."	"Malignant melanoma, NOS"	
Release 48+49+50 liftover	Malignant mesothelioma involving pleural surface	"Neoplasm, malignant"	
Release 48+49+50 liftover	Malignant neoplasm with high-grade features	"Neoplasm, malignant"	
Release 48+49+50 liftover	Malignant neoplasm with INI-1 nuclear loss by immunohistochemistry	"Neoplasm, malignant"	
Release 48+49+50 liftover	Malignant neoplasm with papillary features and markedly elevated proliferation index	"Neoplasm, malignant"	
Release 48+49+50 liftover	Malignant neoplasm with primitive cells and perivascular pseudorosettes. favor embryonal tumor but cannot exclude ependymoma.	"Neoplasm, malignant"	
Release 48+49+50 liftover	"Malignant neoplasm with primitive features, favor classic medulloblastoma, histologically defined, CNS WHO grade 4"	"Neoplasm, malignant"	
Release 48+49+50 liftover	"Malignant neoplasm, favoring primary intracranial sarcoma, DICER1-mutant"	"Neoplasm, malignant"	
Release 48+49+50 liftover	"Malignant neuroblastic tumor involving the pituitary gland (""trilateral retinoblastoma"" in this clinical setting)"	"Neuroendocrine tumor, NOS"	
Release 48+49+50 liftover	"Malignant peripheral nerve sheath tumor (MPNST), high-grade"	Malignant Peripheral Nerve Sheath Tumor	
Release 48+49+50 liftover	Malignant primitive embryonal neoplasm	"Embryonal Tumors, NOS"	
Release 48+49+50 liftover	Malignant small round blue cell tumor highly suspicious for rhabdomyosarcoma	"Neoplasm, NOS"	
Release 48+49+50 liftover	"Malignant small round blue cell tumor, pending outside expert pathology consultation."	"Neoplasm, NOS"	
Release 48+49+50 liftover	Malignant triton tumor	Malignant peripheral nerve sheath tumor with rhabdomyoblastic differentiation	
Release 48+49+50 liftover	"Malignant vascular neoplasm, consistent angiosarcoma"	"Neoplasm, NOS"	
Release 48+49+50 liftover	"Medulloblastoma with classic, large cell/anaplastic, and desmoplastic/nodular features, CNS WHO grade 4"	Large cell medulloblastoma	
Release 48+49+50 liftover	"Medulloblastoma with focal anaplastic features, non-WNT/non-SHH, WHO-4"	"Medulloblastoma, non-WNT/non-SHH"	
Release 48+49+50 liftover	"Medulloblastoma, anaplastic histology, molecular group 4, WHO grade 4."	Medulloblastoma	
Release 48+49+50 liftover	"Medulloblastoma, classic histologic subtype, non-WNT/non-SHH molecular subtype, CNS WHO grade  4"	"Medulloblastoma, non-WNT/non-SHH"	
Release 48+49+50 liftover	"Medulloblastoma, classic histologic type, non-WNT/non-SHH molecular, CNS WHO grade 4"	"Medulloblastoma, non-WNT/non-SHH"	
Release 48+49+50 liftover	"Medulloblastoma, classic histology (WHO grade 4), non-WNT/non-SHH by immmunohistochemistry"	"Medulloblastoma, non-WNT/non-SHH"	
Release 48+49+50 liftover	"Medulloblastoma, classic histology, non WNT/ non SHH subtype, WHO grade 4"	"Medulloblastoma, non-WNT/non-SHH"	
Release 48+49+50 liftover	"Medulloblastoma, classic histology, NOS, CNS WHO grade 4"	Medulloblastoma	
Release 48+49+50 liftover	"Medulloblastoma, CNS WHO grade 4."	Medulloblastoma	
Release 48+49+50 liftover	"Medulloblastoma, CNS WHO GRADE IV"	Medulloblastoma	
Release 48+49+50 liftover	"Medulloblastoma, desmoplastic subtype, CNS WHO Grade 4"	Medulloblastoma	
Release 48+49+50 liftover	"Medulloblastoma, desmoplastic/nodular histologic type, CNS WHO grade 4"	Desmoplastic nodular medulloblastoma	
Release 48+49+50 liftover	"Medulloblastoma, desmoplastic/nodular histologic type, SHH-activated, likeyl TP53-wildtype molecular group"	Desmoplastic nodular medulloblastoma	
Release 48+49+50 liftover	"Medulloblastoma, desmoplastic/nodule type, CNS WHO grade 4"	Desmoplastic nodular medulloblastoma	
Release 48+49+50 liftover	"Medulloblastoma, desmoplastic-nodular histologic subtype CNS WHO grade 4."	Desmoplastic nodular medulloblastoma	
Release 48+49+50 liftover	"Medulloblastoma, non-WNT/non-SHH by immunohistochemistry, WHO grade 4"	"Medulloblastoma, non-WNT/non-SHH"	
Release 48+49+50 liftover	"Medulloblastoma, NON-WNT/NON-SHH, CNS WHO Grade 4, histologically classical type, with intraventricular extension"	"Medulloblastoma, non-WNT/non-SHH"	
Release 48+49+50 liftover	"Medulloblastoma, WHO grade 4. Classic histologic subtype. Non-WNT-activated by immunohistochemistry."	Medulloblastoma	
Release 48+49+50 liftover	"Medulloblastoma, WNT-activated. Classic. CNS WHO grade IV."	"Medulloblastoma, WNT-activated"	
Release 48+49+50 liftover	Meningioangiomatosis with rare clusters of glioneuronal differentiation	Unknown	
Release 48+49+50 liftover	Meningothelial neoplasm	"Neoplasm, NOS"	
Release 48+49+50 liftover	"Metastatic carcinoma involving 3 of 8 level 2 lymph nodes, spanning up to 1.7 cm in greatest dimension, with extranodal extension"	"Carcinoma, metastatic, NOS"	
Release 48+49+50 liftover	"Metastatic malignancy, favor metastatic malignant rhabdoid tumor of the kidney"	"Neoplasm, malignant"	
Release 48+49+50 liftover	"Metastatic neuroblastoma, favorable histology, poorly differentiated, intermediate MKI"	Neuroblastoma	
Release 48+49+50 liftover	"Metastatic neuroblastoma, favorable histopathology in sampled tissue"	Neuroblastoma	
Release 48+49+50 liftover	"Metastatic papillary thyroid carcinoma, largest 4.6 cm, in total eight of twenty-four (8/24 LN) lymph nodes, negative for extranodal extension"	Papillary Thyroid Carcinoma	
Release 48+49+50 liftover	"Metastatic well differentiated neuroendocrine tumor, WHO Grade 2"	"Neuroendocrine tumor, NOS"	
Release 48+49+50 liftover	"Mitotically active astrocytic glioma, BRAF mutant, most compatible with pilocytic astrocytoma (CNS WHO grade 1)"	"Gliomas, Glioneuronal Tumors, and Neuronal Tumors, NOS"	
Release 48+49+50 liftover	Moderately well-differentiated hepatocellular carcinoma arising in background of hepatocellular adenoma. Surgical resection margin negative for adenoma and carcinoma.	Hepatocellular Carcinoma	
Release 48+49+50 liftover	"Morphologic findings consistent with diffuse midline glioma, H3K27M positive by immunostaining, WHO Grade 4."	"Neoplasm, NOS"	
Release 48+49+50 liftover	"Morphologically consistent with posterior fossa ependymoma, WHO grade 2"	"Neoplasm, NOS"	
Release 48+49+50 liftover	"Morphology and immunohistochemical profile most consistent with diffuse leptomeningeal glioneuronal tumor, with supportive clinical and radiologic features."	"Neoplasm, NOS"	
Release 48+49+50 liftover	Most compatible with infantile fibrosarcoma	Unknown	
Release 48+49+50 liftover	Most consistent with melanotic neuroectodermal tumor of infancy	Unknown	
Release 48+49+50 liftover	"Multifocal papillary thyroid carcinoma, classic subtype (up to 3.0 cm). Background marked lymphocytic thyroiditis. Lymphovascular invasion is present."	Papillary Thyroid Carcinoma	
Release 48+49+50 liftover	"Myofibroblastic proliferation in a collagenous background, consistent with desmoid-type fibromatosis"	Unknown	
Release 48+49+50 liftover	Myofibroblastic spindle cell neoplasm with lymphoplasmacytic-rich inflammatory cell infiltrates	"Myofibroblastic Neoplasm, NOS"	
Release 48+49+50 liftover	Myofibroma with disordered growth pattern	Myofibroma	
Release 48+49+50 liftover	"Myxoid liposarcoma, low grade."	Myxoid liposarcoma	
Release 48+49+50 liftover	Myxoid spindle cell neoplasm of uncertain biologic potential	"Myxoid Neoplasm, NOS"	
Release 48+49+50 liftover	"Nasopharyngeal carcinoma, non-keratinizing (undifferentiated type)"	Nasopharyngeal Carcinoma	
Release 48+49+50 liftover	"Nasopharyngeal carcinoma, non-keratinizing, undifferentiated subtype"	Nasopharyngeal Carcinoma	
Release 48+49+50 liftover	"Neuroblastoma (PHOX2b positive), differentiating, favorable histology with low MKI"	Neuroblastoma	
Release 48+49+50 liftover	"Neuroblastoma (Schwannian stroma poor), poorly differentiated"	Neuroblastoma	
Release 48+49+50 liftover	"Neuroblastoma (Schwannian stroma-poor), poorly differentiated subtype, involving the left adrenal gland, measuring 3.9 cm in maximum dimension"	Neuroblastoma	
Release 48+49+50 liftover	"Neuroblastoma (Schwannian stroma-poor), poorly differentiated subtype. Mitosis-karryorrhexis index: intermediate (3.6%). MYCN status: negative. Unfavorable histopathology."	Neuroblastoma	
Release 48+49+50 liftover	"Neuroblastoma (Schwannian stroma-poor), poorly differentiated, low mitotic-karyorrhectic index (MKI), unfavorable histology"	Neuroblastoma	
Release 48+49+50 liftover	"Neuroblastoma (Schwannian stroma-poor), poorly differentiated, low MKI unfavorable histology."	Neuroblastoma	
Release 48+49+50 liftover	"Neuroblastoma, differentiating subtype"	Neuroblastoma	
Release 48+49+50 liftover	"Neuroblastoma, favorable histopathology as sampled"	Neuroblastoma	
Release 48+49+50 liftover	"Neuroblastoma, poorly differentiated subtype with high MKI, unfavorable histology group"	Neuroblastoma	
Release 48+49+50 liftover	"Neuroblastoma, poorly differentiated subtype, high mitotic-karyorrhectic index (MKI), unfavorable histopathology."	Neuroblastoma	
Release 48+49+50 liftover	"Neuroblastoma, poorly differentiated subtype, low MKI, unfavorable histopathology, as sampled"	Neuroblastoma	
Release 48+49+50 liftover	"Neuroblastoma, poorly differentiated, favorable histology"	Neuroblastoma	
Release 48+49+50 liftover	"Neuroblastoma, poorly differentiated, intermediate mitosis karyorrhectic index (MKI)."	Neuroblastoma	
Release 48+49+50 liftover	"Neuroblastoma, poorly differentiated, intermediate MKI, unfavorable histology"	Neuroblastoma	
Release 48+49+50 liftover	"Neuroblastoma, poorly differentiated, low Mitosis-Karyorrhexis Index (MKI)"	Neuroblastoma	
Release 48+49+50 liftover	"Neuroblastoma, poorly differentiated, low MKI, unfavorable histology"	Neuroblastoma	
Release 48+49+50 liftover	"Neuroblastoma, poorly differentiated, low MKI. Unfavorable histology."	Neuroblastoma	
Release 48+49+50 liftover	"Neuroblastoma, poorly differentiated, Low to intermediate MKI, favorable histology"	Neuroblastoma	
Release 48+49+50 liftover	"Neuroblastoma, poorly differentiated, Schwannian stroma poor, low mitotic-karyorrhectic index (MKI), favorable histology"	Neuroblastoma	
Release 48+49+50 liftover	"Neuroblastoma, poorly differentiated, schwannian stroma-poor, intermediate mitosis-karyorrhexis index (MKI), unfavorable histology"	Neuroblastoma	
Release 48+49+50 liftover	"Neuroblastoma, poorly differentiated, unfavorable histology"	Neuroblastoma	
Release 48+49+50 liftover	"Neuroblastoma, poorly differentiated, unfavorable histology."	Neuroblastoma	
Release 48+49+50 liftover	"Neuroblastoma, poorly differentiated. High mitotic -karyorrhectic index (MKI)"	Neuroblastoma	
Release 48+49+50 liftover	"Neuroblastoma, poorly-differentiated, low mitotic-karyorrhectic index (favorable histology)"	Neuroblastoma	
Release 48+49+50 liftover	"Neuroblastoma, poorly-differentiated, low mitotic-karyorrhectic index (MKI), favorable histology."	Neuroblastoma	
Release 48+49+50 liftover	"Neuroblastoma, schwannian stroma poor, poorly differentiated"	Neuroblastoma	
Release 48+49+50 liftover	"Neuroblastoma, schwannian stroma poor, poorly differentiated. Unfavorable histology group."	Neuroblastoma	
Release 48+49+50 liftover	"Neuroblastoma, Schwannian stroma-poor, poorly differentiated, low mitotic-karyorrhectic iindex (MKI)"	Neuroblastoma	
Release 48+49+50 liftover	"Neuroblastoma, Schwannian stroma-poor, Unfavorable Histology."	Neuroblastoma	
Release 48+49+50 liftover	"Neuroblastoma, stroma-poor, poorly differentiated"	Neuroblastoma	
Release 48+49+50 liftover	"Neuroblastoma, unfavorable histology (INPC)"	Neuroblastoma	
Release 48+49+50 liftover	"Neuroblastoma, with significant crush artifacts. Features suggesting undifferentiated subtype, low MKI, unfavorable histology"	Neuroblastoma	
Release 48+49+50 liftover	Neuroepithelial neoplasm with low-grade histologic features	"Gliomas, Glioneuronal Tumors, and Neuronal Tumors, NOS"	
Release 48+49+50 liftover	"Neuroepithelial neoplasm, IDH1 R132H negative, pending additional studies"	"Gliomas, Glioneuronal Tumors, and Neuronal Tumors, NOS"	
Release 48+49+50 liftover	"Neuroglial tumor, favor high grade"	"Gliomas, Glioneuronal Tumors, and Neuronal Tumors, NOS"	
Release 48+49+50 liftover	"Non-Keratinising nasopharyngeal carcinoma, EBV positive"	Nasopharyngeal Carcinoma	
Release 48+49+50 liftover	"Non-keratinizing nasopharyngeal carcinoma, undifferentiated subtype."	Nasopharyngeal Carcinoma	
Release 48+49+50 liftover	"NTRK1-rearranged neoplasm, with TPM3::NTRK1 fusion, moderate cellularity, with scattered cytologic atypia, and low proliferative activity"	"Neoplasm, NOS"	
Release 48+49+50 liftover	"Oligodendroglioma, CNS WHO grade 2"	"Oligodendroglioma, NOS"	
Release 48+49+50 liftover	Ovarian mucinous borderline tumor	Mucinous Borderline Tumor	
Release 48+49+50 liftover	Ovary with neoplasm	"Neoplasm, NOS"	
Release 48+49+50 liftover	"Pancrease head with solid pseudopapillary neoplasm, 10.5 cm with necrosis, involving duodenal wall"	Solid Pseudopapillary Neoplasm of the Pancreas	
Release 48+49+50 liftover	"Papillary carcinoma, classic, minimal invasion"	"Papillary carcinoma, NOS"	
Release 48+49+50 liftover	"Papillary carcinoma, diffuse sclerosing subtype, multifocal, 6.0 cm in greatest domension"	"Papillary carcinoma, NOS"	
Release 48+49+50 liftover	"Papillary glioneuronal tumor, PRKCA-fused, WHO grade 1"	Papillary glioneuronal tumor	
Release 48+49+50 liftover	"Papillary thyroid carcinoma (PTC), unifocal"	Papillary Thyroid Carcinoma	
Release 48+49+50 liftover	Papillary thyroid carcinoma involving isthmus and left and right lobes	Papillary Thyroid Carcinoma	
Release 48+49+50 liftover	"Papillary thyroid carcinoma, 1.6 cm in greatest dimension"	Papillary Thyroid Carcinoma	
Release 48+49+50 liftover	"Papillary thyroid carcinoma, classic subtype, three foci (Right lobe:0.7 CM, 0.3 CM;left lobe:0.3 CM), confined to thyroid"	Papillary Thyroid Carcinoma	
Release 48+49+50 liftover	"Papillary thyroid carcinoma, classic type, 5.0 CM"	Papillary Thyroid Carcinoma	
Release 48+49+50 liftover	Paratesticular rhabdomyosarcoma with prominent rhabdomyoblastic differentiation.	Rhabdomyosarcoma	
Release 48+49+50 liftover	"Paratesticular rhabdomyosarcoma, 3.0 CM, with diffuse anaplasia"	Rhabdomyosarcoma	
Release 48+49+50 liftover	"Paratesticular rhabdomyosarcoma, NOS"	Rhabdomyosarcoma	
Release 48+49+50 liftover	"Pediatric spindle cell sarcoma, favor congenital infantile fibrosarcoma"	Spindle cell sarcoma	
Release 48+49+50 liftover	"Pediatric type diffuse low-grade glioma, MAPK pathway-altered"	"Pediatric-type Diffuse Low-grade Gliomas, NEC"	
Release 48+49+50 liftover	"Pediatric-type diffuse high grade glioma, MSH2 loss, WHO grade 4"	"Pediatric-type Diffuse High-grade Gliomas, NOS"	
Release 48+49+50 liftover	Perilymph node soft tissue positive for neoplasm	"Neoplasm, NOS"	
Release 48+49+50 liftover	"Peripheral neuroblastic tumor, stroma poor, consistent with poorly differentiated neuroblastoma"	"Neoplasm, NOS"	
Release 48+49+50 liftover	"Pheochromocytoma (4.5 mm), pT1N0"	Pheochromocytoma	
Release 48+49+50 liftover	"Pilocytic astrocytoma, CHS WHO Grade 1, FISH awaited."	Pilocytic astrocytoma	
Release 48+49+50 liftover	"Pilocytic astrocytoma, CNS WHO grade 1, positive for KIAA1549 and BRAF fusion by FISH P53 wild-type by immunohistochemistry"	Pilocytic astrocytoma	
Release 48+49+50 liftover	"Pilocytic astrocytoma, KIAA1549 BRAF fusion (WHO grade 1)"	Pilocytic astrocytoma	
Release 48+49+50 liftover	"Piloid glioma, morphological features most consistent with pilocytic astrocytoma, WHO grade 1"	"Gliomas, Glioneuronal Tumors, and Neuronal Tumors, NOS"	
Release 48+49+50 liftover	Piloid glioma. Final diagnosis pending molecular characterization.	"Gliomas, Glioneuronal Tumors, and Neuronal Tumors, NOS"	
Release 48+49+50 liftover	Pineal anlage tumor with extensive maturation along multiple lineages -brain tumor	"Brain Tumor, NOS"	
Release 48+49+50 liftover	"Pineoblastoma, CNS WHO grade 4, clinically residual."	Pineoblastoma	
Release 48+49+50 liftover	Pituitary neuroendocrine tumor (PitNet)/Adenoma	Pituitary Adenoma / Pituitary Neuroendocrine Tumour	
Release 48+49+50 liftover	"Pleomorphic spindle cell sarcoma of bone, pending further molecular data for an integrated diagnosis"	"Spindle Cell Sarcoma, NOS"	
Release 48+49+50 liftover	"Pleomorphic xanthoastrocytoma, WHO grade II. Background temporal lobe sclerosis."	Pleomorphic Xanthoastrocytoma	
Release 48+49+50 liftover	"Pleomorphic xanthroastrocytoma, CNS WHO grade 2"	Pleomorphic Xanthoastrocytoma	
Release 48+49+50 liftover	Pleuropulmonary blastoma (PPB TYPE 1)	Pleuropulmonary blastoma	
Release 48+49+50 liftover	"Pleuropulmonary blastoma, consistent with type II or type III"	Pleuropulmonary blastoma	
Release 48+49+50 liftover	"Pleuropulmonary blastoma, type 1, focally present at resection margin"	Pleuropulmonary blastoma	
Release 48+49+50 liftover	"Pleuropulmonary blastoma, type I"	Pleuropulmonary blastoma	
Release 48+49+50 liftover	"Poorly differentiated carcinoma, EBV associated"	"Carcinoma, NOS"	
Release 48+49+50 liftover	"Poorly differentiated neuroblastoma, favorable histology, Low mitotic-karyorrhectic index"	Neuroblastoma	
Release 48+49+50 liftover	"Poorly differentiated neuroblastoma, intermediate MKI (variable); favorable histology"	Neuroblastoma	
Release 48+49+50 liftover	"Poorly differentiated neuroblastoma, intermediate MKI, favorable histology"	Neuroblastoma	
Release 48+49+50 liftover	"Poorly differentiated neuroblastoma, low MKI, favorable histology"	Neuroblastoma	
Release 48+49+50 liftover	"Poorly differentiated neuroblastoma, low MKI, unfavorable histology"	Neuroblastoma	
Release 48+49+50 liftover	"Poorly differentiated neuroblastoma, pending additional stains and review"	Neuroblastoma	
Release 48+49+50 liftover	"Poorly differentiated neuroblastoma, unfavorable histology"	Neuroblastoma	
Release 48+49+50 liftover	"Poorly differentiated neuroblastoma, unfavorable histopathology."	Neuroblastoma	
Release 48+49+50 liftover	"Poorly differentiated neuroblastoma, with intermediate MKI, overall favorable histology"	Neuroblastoma	
Release 48+49+50 liftover	"Poorly differentiated thyroid carcinoma developing from follicular variant of papillary carcinoma, 3.2cm, with capsular invasion and vascular invasion"	"Carcinoma, NOS"	
Release 48+49+50 liftover	Poorly-differentiated INI-1 deficient chordoma	Chordoma	
Release 48+49+50 liftover	Posterior fossa ependymoma group A (PFA)	Posterior Fossa Group A (PFA) Ependymoma	
Release 48+49+50 liftover	"Posterior fossa group A (PFA) ependymoma, WHO grade 3, H3K27me3: loss of immunoreactivity"	Posterior Fossa Group A (PFA) Ependymoma	
Release 48+49+50 liftover	"Preliminary findings compatible with rhabdomyosarcoma, with immunohistochemical staining favoring embryonal rhabdomyosarcoma"	"Neoplasm, NOS"	
Release 48+49+50 liftover	Primary CNS neoplasm with primitive features	"Neoplasm, NOS"	
Release 48+49+50 liftover	Primitive cellular neoplasm with high karyorrhexis	"Neoplasm, NOS"	
Release 48+49+50 liftover	Primitive neuroepithelial tumor with loss of INI-1 expression	"Gliomas, Glioneuronal Tumors, and Neuronal Tumors, NOS"	
Release 48+49+50 liftover	"Primitive neuroepithelial tumor, most consistent with medulloblastoma (CNS WHO grade 4)."	"Gliomas, Glioneuronal Tumors, and Neuronal Tumors, NOS"	
Release 48+49+50 liftover	Pseudomyogenic hemangioendothelioma with ACT::FOSB fusion	"Hemangioendothelioma, NOS"	
Release 48+49+50 liftover	"Recurrent/residual atypical teratoid/rhabdoid tumor, CNS WHO grade 4"	Atypical teratoid/rhabdoid tumor	
Release 48+49+50 liftover	Rhabdomyocarcoma	Rhabdomyosarcoma	
Release 48+49+50 liftover	"Rhabdomyosarcoma - Embryonal, focal necrosis, infiltrating fibroepithelial tissue. No anaplastic or alveolar RMS morphology, features, or components."	Rhabdomyosarcoma	
Release 48+49+50 liftover	Rhabdomyosarcoma with YAP1::NUTM1 fusion	Rhabdomyosarcoma	
Release 48+49+50 liftover	"Rhabdomyosarcoma, embryonal pattern with diffuse desmin, diffuse nuclear myogenin and diffuse nuclear MyoD1 and diffuse cytoplasmic ALK1 on immunostaining"	Rhabdomyosarcoma	
Release 48+49+50 liftover	"Rhabdomyosarcoma, favor embryonal subtype (Pending molecular testing for FOXO1)"	Rhabdomyosarcoma	
Release 48+49+50 liftover	"Rhabdomyosarcoma, morphologically consistent with solid alveolar subtype"	Rhabdomyosarcoma	
Release 48+49+50 liftover	"Rhabdomyosarcoma, suggesting alveolar type"	Rhabdomyosarcoma	
Release 48+49+50 liftover	Rosette-forming glioneuronal tumor WHO grade 1	Rosette-forming Glioneuronal Tumors	
Release 48+49+50 liftover	"Schwannian stroma poor neuroblastoma, favor poorly differentiated subtype, unfavorable histology"	Neuroblastoma	
Release 48+49+50 liftover	"Schwannian stroma poor, poorly differentiated neuroblastoma."	Neuroblastoma	
Release 48+49+50 liftover	"Sertoli-Leydig cell tumor, poorly differentiated with heterologous elements (G3) and hemorrhagic necrosis"	Sertoli-Leydig Cell Tumor	
Release 48+49+50 liftover	Sex cord-stromal tumor with associated heterologous elements	"Sex Cord-stromal Tumor, NOS"	
Release 48+49+50 liftover	Small blue round cell tumor	"Neoplasm, NOS"	
Release 48+49+50 liftover	"Small fragments of white matter, focally involved by a glial/glioneuronal tumor."	"Glioneuronal and Neuronal Tumors, NOS"	
Release 48+49+50 liftover	Small round blue cell tumor consistent with Ewing sarcoma	"Neoplasm, NOS"	
Release 48+49+50 liftover	Small round blue cell tumor most consistent with Ewing sarcoma	"Neoplasm, NOS"	
Release 48+49+50 liftover	Small round blue cell tumor with features of a Ewing family tumor	"Neoplasm, NOS"	
Release 48+49+50 liftover	"Small round blue cell tumor, favor medulloblastoma"	"Neoplasm, NOS"	
Release 48+49+50 liftover	"small round blue cell tumor, morphologically most consistent with medulloblastoma"	"Neoplasm, NOS"	
Release 48+49+50 liftover	"Small round blue cell tumor, suggestive of Ewing sarcoma."	"Neoplasm, NOS"	
Release 48+49+50 liftover	"Small round cell sarcoma, consistent with CIC-rearranged sarcoma"	Small cell sarcoma	
Release 48+49+50 liftover	"Small round cell sarcoma, favor ewing sarcoma"	Small cell sarcoma	
Release 48+49+50 liftover	Small round-spindle cell sarcoma	"Spindle Cell Sarcoma, NOS"	
Release 48+49+50 liftover	SMARCB1/IN-1 deficient tumor	"Neoplasm, NOS"	
Release 48+49+50 liftover	"Solid pseudopapillary neoplasm, confined to pancreas (largest dimension: 14.9 cm)"	Solid Pseudopapillary Neoplasm of the Pancreas	
Release 48+49+50 liftover	"Spinal ependymoma, CNS WHO grade 3"	Spinal Ependymoma	
Release 48+49+50 liftover	Spindle cell neoplasm most likely harboring a receptor tyrosine-kinase fusion	"Neoplasm, NOS"	
Release 48+49+50 liftover	Spindle cell/sclerosing rhabdomyosarcoma with evidence of MYOD1 L122R mutation	Spindle Cell/Sclerosing Rhabdomyosarcoma	
Release 48+49+50 liftover	Subpial spread of glial cell Cystic like cavity subcortical white matter Features suggestive of abnormal cortical lamination without definite evidence of dysmorphic neurons or balloon cell FCD typeII	Unknown	
Release 48+49+50 liftover	"Supratentorial ependymoma, likely ZFTA fusion-positive type, CNS WHO grade 3"	Supratentorial Ependymoma	
Release 48+49+50 liftover	"Supratentorial ependymoma, ZFTA fusion positive"	"Supratentorial ependymoma, ZFTA fusion-positive"	
Release 48+49+50 liftover	"Supratentorial ependymoma, ZFTA fusion positive, WHO grade 3"	"Supratentorial ependymoma, ZFTA fusion-positive"	
Release 48+49+50 liftover	"Synovial sarcoma, biphasic, measuring 0.6 cm in greatest dimension."	"Synovial sarcoma, biphasic"	
Release 48+49+50 liftover	"Transitional epithelium with malignant neoplasm with rhabdomyosarcomatous differentiation, most compatible with embryonal rhabdomysarcoma"	"Neoplasm, NOS"	
Release 48+49+50 liftover	"Unclassified primitive myxoid mesenchymal neoplasm of uncertain biological potential (12.0 cm maximum dimension) , with secondary/central cystic change"	"Mesenchymal Tumor, NOS"	
Release 48+49+50 liftover	"Undifferentiated neuroblastoma, unfavorable histopathology in a limited sample"	Neuroblastoma	
Release 48+49+50 liftover	Undifferentiated nonkeratizing nasopharyngeal carcinoma	Nasopharyngeal Carcinoma	
Release 48+49+50 liftover	Undifferentiated round cell sarcoma consistent with Ewing's sarcoma	Small cell sarcoma	
Release 48+49+50 liftover	Well differentiated invasive squamous cell carcinoma (suggestive of cuniculatum variant)	"Squamous cell carcinoma, NOS"	
Release 48+49+50 liftover	"Well-differentiated neuroendocrine tumor (2.6 cm), WHO grade 2, functional. clinically consistent with insulinoma"	"Neuroendocrine tumor, NOS"	
Release 48+49+50 liftover	Well-differentiated neuroendocrine tumor (at least pT3)	"Neuroendocrine tumor, NOS"	
Release 47 liftover	"""Compound"" Clear cell sarcoma"	"Clear cell sarcoma, NOS"	
Release 47 liftover	"""Glioneuronal neoplasm/ Dysembryoplastic neuroephithelial tumor """	Dysembryoplastic neuroepithelial tumor	
Release 47 liftover	"""Involved by metastatic neuroblastoma, poorly differentiated subtype, 70% of marrow.  """	Neuroblastoma	
Release 47 liftover	100 percent involvement by metastatic neuroblastoma	Neuroblastoma	
Release 47 liftover	"4th Ventricle Posterior fossa group A (PFA) ependymoma, histologically CNS WHO grade 3"	Posterior Fossa Group A (PFA) Ependymoma	
Release 47 liftover	4th ventricular brain tumor	"Brain Tumor, NOS"	
Release 47 liftover	"A typical teratoid/rhabdoid tumor, WHO grave IV"	Atypical teratoid/rhabdoid tumor	
Release 51 (COG)	Adult fibrosarcoma	"Fibrosarcoma, NOS"	
Release 51 (COG)	Alveolar RMS PAX3::FOXO1	Alveolar rhabdomyosarcoma	
Release 51 (COG)	Angiosarcoma of soft tissue	angiosarcoma	
Release 51 (COG)	Any Other Carcinomas	"Carcinoma, NOS"	
Release 51 (COG)	"Astroblastoma,MN1-altered"	Astroblastoma	
Release 51 (COG)	Atypical myxoinflammatory fibroblastic tumour	"Neoplasm, NOS"	
Release 51 (COG)	BCOR altered sarcoma BCOR::CCNB3	Sarcoma with BCOR genetic alterations	
Release 51 (COG)	BCOR altered sarcoma ITD	Sarcoma with BCOR genetic alterations	
Release 51 (COG)	Benign	Unknown	
Release 51 (COG)	Benign fibrous histiocytoma	"Benign fibrous histiocytoma, NOS"	
Release 51 (COG)	Botryoid rhabdomyosarcoma	Embryonal Rhabdomyosarcoma	
Release 51 (COG)	Botryoid sar	Embryonal Rhabdomyosarcoma	
Release 51 (COG)	"Carcinoid tumor, NOS (except of appendix M/8240/1)"	"Neuroendocrine tumor, NOS"	
Release 51 (COG)	Carcinoma in pleomorphic adenoma	Carcinoma ex pleomorphic adenoma	
Release 51 (COG)	Cellular myofibroma	Myofibroma	
Release 51 (COG)	CIC-rearranged sarcoma (NUTM1)	CIC-rearranged sarcoma	
Release 51 (COG)	"Clear cell sarcoma, NOS (except of kidney M/8964/3)"	"Clear cell sarcoma, NOS"	
Release 51 (COG)	CNS tumor withBCORinternal tandem duplication	CNS tumor with BCOR internal tandem duplication	
Release 51 (COG)	Colorectal Carcinoma	"Carcinoma, NOS"	
Release 51 (COG)	"Craniopharyngioma, papillary"	Papillary craniopharyngioma	
Release 51 (COG)	Cystic tumor of atrio/ventricular node	"Neoplasm, NOS"	
Release 51 (COG)	Dysplastic gangliocytoma of cerebellum (Lhermitte/Duclos)	Dysplastic gangliocytoma of cerebellum (Lhermitte-Duclos)	
Release 51 (COG)	Ectomesenchymoma	Ectomesenchymoma	ask pat to add
Release 51 (COG)	Embryonal rhabdomyosarcoma	Embryonal Rhabdomyosarcoma	
Release 51 (COG)	Embryonal sarcoma (undifferentiated sarcoma) of the liver	Embryonal Sarcoma of the Liver	
Release 51 (COG)	Epithelial/myoepithelial carcinoma	Epithelial-myoepithelial carcinoma	
Release 51 (COG)	Epithelioid Hemangioendothelioma	"Epithelioid hemangioendothelioma, NOS"	
Release 51 (COG)	Epithelioid malignant peripheral nerve sheath tumour	Malignant Peripheral Nerve Sheath Tumor	
Release 51 (COG)	"Epithelioid sarcoma, proximal type"	Epithelioid sarcoma	
Release 51 (COG)	Ewing Sarcoma EWSR1::ERG	Ewing sarcoma	
Release 51 (COG)	Ewing sarcoma EWSR1::ETV1	Ewing sarcoma	
Release 51 (COG)	Ewing Sarcoma EWSR1::FLI1	Ewing sarcoma	
Release 51 (COG)	Extra-renal rhabdoid tumor	"Rhabdoid tumor, NOS"	
Release 51 (COG)	Extraskeletal myxoid chondrosarcoma	Myxoid chondrosarcoma	
Release 51 (COG)	Extraskeletal osteosarcoma	Osteosarcoma	
Release 51 (COG)	Fibrolipoma	Fibrolipoma	ask pat to add
Release 51 (COG)	"Follicular adenocarcinoma, NOS"	"Follicular adenocarcinoma, NOS"	ask pat to add
Release 51 (COG)	Follicular adenoma	"Follicular adenoma, NOS"	
Release 51 (COG)	Fusion Positive RMS PAX3::MAML3	Rhabdomyosarcoma	
Release 51 (COG)	Fusion Positive RMS PAX3::NCOA1	Rhabdomyosarcoma	
Release 51 (COG)	Fusion Positive RMS PAX7::FOXO1	Rhabdomyosarcoma	
Release 51 (COG)	"Gastrinoma, malignant"	"Gastrinoma, NOS"	
Release 51 (COG)	Giant cell tumour of soft tissues	"Giant cell tumor of soft parts, NOS"	
Release 51 (COG)	Gonadal Stromal Tumors	"Sex cord-gonadal stromal tumor, NOS"	
Release 51 (COG)	Infanatile sinonasal myxoma	"Myxoma, NOS"	ask pat to add
Release 51 (COG)	Infantile fibrosarcoma ETV6::NTRK3	Infantile fibrosarcoma	
Release 51 (COG)	Inflammatory carcinoma	Inflammatory carcinoma	ask pat to add
Release 51 (COG)	Inflammatory myofibroblastic tumor CARS::ALK	Inflammatory Myofibroblastic Tumor	
Release 51 (COG)	Inflammatory myofibroblastic tumor CLTC::ALK	Inflammatory Myofibroblastic Tumor	
Release 51 (COG)	Inflammatory myofibroblastic tumor EML4::ALK	Inflammatory Myofibroblastic Tumor	
Release 51 (COG)	Inflammatory myofibroblastic tumor TFG::ROS1	Inflammatory Myofibroblastic Tumor	
Release 51 (COG)	Inflammatory myofibroblastic tumor TPM4::ALK	Inflammatory Myofibroblastic Tumor	
Release 51 (COG)	Inflammatory myofibroblastic tumour	Inflammatory Myofibroblastic Tumor	
Release 51 (COG)	Insular carcinoma	"Carcinoma, NOS"	
Release 51 (COG)	Kinase altered spindle cell tumor	"Neoplasm, NOS"	
Release 51 (COG)	Kinase-altered spindle cell tumor	"Neoplasm, NOS"	
Release 51 (COG)	Leiomyosarcoma	"Leiomyosarcoma, NOS"	
Release 51 (COG)	"Liposarcoma, not otherwise specified"	Liposarcoma	
Release 51 (COG)	"Liposarcoma, well differentiated"	Liposarcoma	
Release 51 (COG)	Maligant Peripheral Nerve Sheath Tumor	Malignant Peripheral Nerve Sheath Tumor	
Release 51 (COG)	Malignant fibrous histiocytoma	"Histiocytoma, NOS"	
Release 51 (COG)	Malignant granular cell tumor	"Granular cell tumor, malignant"	
Release 51 (COG)	"Malignant lymphoma, large B/cell, diffuse, NOS"	"Diffuse large B-cell lymphoma, NOS"	
Release 51 (COG)	"Malignant lymphoma, non/Hodgkin, NOS"	Non-Hodgkin Lymphoma	
Release 51 (COG)	"Malignant melanoma, NOS (except juvenile melanoma M/8770/0)"	"Malignant melanoma, NOS"	
Release 51 (COG)	"Medulloblastoma, SHH-activated andTP53-mutant"	"Medulloblastoma, SHH-activated and TP53-mutant"	
Release 51 (COG)	Mixed Tumour NOS	"Neoplasm, NOS"	
Release 51 (COG)	MPNST	Malignant Peripheral Nerve Sheath Tumor	
Release 51 (COG)	Myeloid sarcoma (see also M/9861/3)	Myeloid sarcoma	
Release 51 (COG)	Myoepithelial tumor of bone/soft tissue with BRD4::CITED2	"Myoepithelioma, NOS"	
Release 51 (COG)	"Myofibroblastic tumor, peribronchial"	"Myofibroblastic tumor, NOS"	
Release 51 (COG)	Myxoinflammatory Fibroblastic Sarcoma	Myxoinflammatory fibroblastic sarcoma	ask pat to add
Release 51 (COG)	"Neoplasm, malignant Tumor, malignant, NOS Malignancy Cancer Unclassified tumor, malignant Blastoma, NOS"	"Neoplasm, malignant"	
Release 51 (COG)	"Neoplasm, NOS"	"Neoplasm, NOS"	
Release 51 (COG)	Neuroendocrine Tumors	"Neuroendocrine tumor, NOS"	
Release 51 (COG)	Nodular fasciitis	"Neoplasm, benign"	
Release 51 (COG)	non/cancerous diagnosis	Unknown	ask pat and sean how to handle this non-cancer diagnosis
Release 51 (COG)	NUTM1-rearranged sarcoma	"Sarcoma, NOS"	
Release 51 (COG)	Pediatric fibromyxoid tumor with PLAG1 rearrangement	"Myxoid Neoplasm, NOS"	
Release 51 (COG)	"Plasmacytoma, extramedullary (not occurring in bone)"	"Plasmacytoma, extramedullary"	
Release 51 (COG)	Plexiform fibrohistiocytic tumour	Plexiform fibrohistiocytic tumor	
Release 51 (COG)	Precursor B/cell lymphoblastic lymphoma (see also M/9836/3)	"Precursor cell lymphoblastic lymphoma, NOS"	
Release 51 (COG)	"Primary intracranial sarcoma,DICER1-mutant"	"Primary intracranial sarcoma, DICER1-mutant"	
Release 51 (COG)	Pseudomyogenic (epithelioid sarcoma-like) hemangioendothelioma	"Hemangioendothelioma, NOS"	
Release 51 (COG)	Sarcoma botryoides	Embryonal Rhabdomyosarcoma	
Release 51 (COG)	Secretory carcinoma of breast	Secretory carcinoma	
Release 51 (COG)	"Serous cystadenoma, borderline malignancy"	Serous Cystadenoma	
Release 51 (COG)	Serous papillary cystic tumor of borderline malignancy	"Serous borderline tumor, NOS"	
Release 51 (COG)	Serous surface papillary tumor of borderline malignancy	"Serous borderline tumor, NOS"	
Release 51 (COG)	Sertoli/Leydig cell tumor of intermediate differentiation	"Sertoli-Leydig cell tumor of intermediate differentiation, NOS"	
Release 51 (COG)	"Sertoli/Leydig cell tumor, intermediate differentiation, with heterologous elements"	"Sertoli-Leydig cell tumor, intermediate differentiation, with heterologous elements"	
Release 51 (COG)	"Sertoli/Leydig cell tumor, poorly differentiated"	"Sertoli-Leydig cell tumor, poorly differentiated"	
Release 51 (COG)	"Sertoli/Leydig cell tumor, poorly differentiated, with heterologous elements"	"Sertoli-Leydig cell tumor, poorly differentiated, with heterologous elements"	
Release 51 (COG)	Sex cord tumor with annular tubules	"Sex Cord-stromal Tumor, NOS"	
Release 51 (COG)	"Sex cord/gonadal stromal tumor, mixed forms"	"Sex cord-gonadal stromal tumor, mixed forms"	
Release 51 (COG)	"Sex cord/gonadal stromal tumor, NOS"	"Sex Cord-stromal Tumor, NOS"	
Release 51 (COG)	SMARCA4 deficient uterine sarcoma	SMARCA4-Deficient Uterine Sarcoma	
Release 51 (COG)	Solitary fibrous tumour	Solitary fibrous tumor	
Release 51 (COG)	"Somatostatinoma, NOS"	"Neuroendocrine tumor, NOS"	
Release 51 (COG)	"Spinal ependymoma,MYCN-amplified"	"Spinal ependymoma, MYCN-amplified"	
Release 51 (COG)	"Spindle cell melanoma, NOS"	Melanoma	
Release 51 (COG)	Spindle cell sarcoma with MGA::NUTM1	Spindle cell sarcoma	
Release 51 (COG)	"Spindle cell sclerosing rhabdomyosarcoma, MYOD1"	Spindle Cell/Sclerosing Rhabdomyosarcoma	
Release 51 (COG)	"Squamous cell carcinoma, keratinizing, NOS"	"Squamous cell carcinoma, NOS"	
Release 51 (COG)	"Supratentorial ependymoma,YAP1fusion-positive"	"Supratentorial ependymoma, YAP1 fusion-positive"	
Release 51 (COG)	"Supratentorial ependymoma,ZFTAfusion-positive"	"Supratentorial ependymoma, ZFTA fusion-positive"	
Release 51 (COG)	"Thymoma, malignant, NOS"	Thymoma	
Release 51 (COG)	"Thymoma, type A, NOS"	Thymoma	
Release 51 (COG)	Undifferentiated embryonal sarcoma of the liver	Embryonal Sarcoma of the Liver	
Release 51 (COG)	Undifferentiated epithelioid sarcoma	Epithelioid sarcoma	
Release 51 (COG)	Undifferentiated epithelioid-pattern sarcoma	Epithelioid sarcoma	
Release 51 (COG)	Undifferentiated epithelioid-pattern sarcoma with EWSR1::KLF5	Epithelioid sarcoma	
Release 51 (COG)	Undifferentiated round and epithelioid pattern sarcoma	Undifferentiated Round Cell Sarcoma	
Release 51 (COG)	Undifferentiated round cell sarcoma with SOX10	Undifferentiated Round Cell Sarcoma	
Release 51 (COG)	Undifferentiated sarcoma NOS	Undifferentiated sarcoma	
Release 51 (COG)	Undifferentiated spindle cell sarcoma	Spindle cell sarcoma	
Release 51 (COG)	"Undifferentiated spindle cell sarcoma, favor malignant peripheral nerve sheath tumor"	Spindle cell sarcoma	
Release 51 (COG)	"Vipoma, malignant"	Vipoma	
Release 52	"Adamantinomatous craniopharyngioma, clinically residual/ recurrent"	Adamantinomatous craniopharyngioma	
Release 52	"Astrocytic glioma harboring ETV6:: NTRK3 fusion, most consistent with pleomorphic xanthoastrocytoma (CNS WHO grade 2)"	"Gliomas, Glioneuronal Tumors, and Neuronal Tumors, NEC"	
Release 52	"Astrocytic glioma with piloid/pilomyxoid features, favor pilocytic astrocytoma"	"Gliomas, Glioneuronal Tumors, and Neuronal Tumors, NEC"	
Release 52	"Atypical choroid plexus papilloma, CNS WHO grade 3"	Atypical choroid plexus papilloma	
Release 52	Atypical neurofibromatous neoplasm of uncertain biological potential (ANNUBP)	"Neoplasm, NOS"	
Release 52	Atypical spindle cell tumor	"Neoplasm, NOS"	
Release 52	"Atypical teratoid/rhabdoid tumor, CNS WHO grade 4."	Atypical teratoid/rhabdoid tumor	
Release 52	"Cellular neoplasm, further classification deferred to permanent"	"Neoplasm, NOS"	
Release 52	Choroid plexus papilloma (CNS WHO grade 1)	Choroid plexus papilloma	
Release 52	"Classic medulloblastoma, CNS WHO grade 4 (histologically defined), non-WNT, non-TP53- mutated"	"Medulloblastoma, non-WNT/non-SHH"	
Release 52	"CNS embryonal tumor, not otherwise specified"	"CNS embryonal tumor, NOS"	
Release 52	"Consistent with Neuroblastoma (Schwannian stroma poor), poorly differentiated subtype"	Unknown	
Release 52	Desmoplastic infantile astrocytoma (CNS WHO grade 1)	Desmoplastic infantile ganglioglioma / desmoplastic infantile astrocytoma	
Release 52	Desmoplastic infantile ganglioglioma (CNS WHO Grade 1)	Desmoplastic infantile ganglioglioma / desmoplastic infantile astrocytoma	
Release 52	"Differentiating neuroblastoma, low MKI, unfavorable histologic subtype, as sampled"	Neuroblastoma	
Release 52	"Diffuse hemispheric glioma, H3 G34 mutant, WHO grade 4"	"Diffuse Hemispheric Glioma, H3 G34-mutant"	
Release 52	"Diffuse midline glioma, H3 K27 altered, CNS Grade 4"	"Diffuse Midline Glioma, H3 K27-altered"	
Release 52	"Diffuse midline glioma, H3 K27-altered (CNS WHO grade 4)"	"Diffuse Midline Glioma, H3 K27-altered"	
Release 52	"Diffuse midline glioma, H3 K27M-altered (by IHC), WHO grade 4"	"Diffuse Midline Glioma, H3 K27-altered"	
Release 52	"Diffuse midline glioma, H3K27-altered, CNS WHO grade 4"	"Diffuse Midline Glioma, H3 K27-altered"	
Release 52	"Embryonal rhabdomyosarcoma, botryoid type, no anaplasia seen"	Embryonal Rhabdomyosarcoma	
Release 52	"Embryonal rhabdomyosarcoma, Botryoid variant"	Embryonal Rhabdomyosarcoma	
Release 52	"Embryonal rhabdomyosarcoma, measuring 3.9cm"	Embryonal Rhabdomyosarcoma	
Release 52	"Embryonal rhabdomyosarcoma, negative for FOXO1 rearrangement by fluorescent in situ hybridization."	Embryonal Rhabdomyosarcoma	
Release 52	"Embryonal rhabdomyosarcoma, negative FOXO1 rearrangement with focal anaplasia"	Embryonal Rhabdomyosarcoma	
Release 52	"Embryonal tumor with multilayered rosettes (ETMR), CNS WHO grade 4"	Embryonal Tumors with Multilayered Rosettes	
Release 52	"Ependymoma, classification and grade pending."	"Ependymoma, NOS"	
Release 52	"Ependymoma, supratentorial, ZFTA fusion-positive, WHO grade 3"	Supratentorial Ependymoma	
Release 52	"Epithelioid sarcoma, classic subtype"	Epithelioid sarcoma	
Release 52	Ewing sarcoma - EWSR1 rearrangement with extra copy in 61% of cells and typical EWSR1 rearrangement in 7.3% of cells by FISH	Ewing sarcoma	
Release 52	Favor choroid plexus tumor	Unknown	
Release 52	Features consistent with Ewing sarcoma	Unknown	
Release 52	"Features most consistent with pleomorphic xanthoastrocytoma, with BRAF V600E mutation."	Unknown	
Release 52	Findings consistent with Ewing sarcoma	Unknown	
Release 52	Germ cell tumor most compatible with germinoma	"Germ Cell Tumor, NOS"	
Release 52	Glial neoplasm present	"Gliomas, Glioneuronal Tumors, and Neuronal Tumors, NOS"	
Release 52	"Glial neoplasm, histologically low grade"	"Gliomas, Glioneuronal Tumors, and Neuronal Tumors, NOS"	
Release 52	"Glial neoplasm, pending molecular studies"	"Gliomas, Glioneuronal Tumors, and Neuronal Tumors, NOS"	
Release 52	"Glioma with morphological features most consistent with Pilocytic astrocytoma, CNS WHO grade 1"	"Gliomas, Glioneuronal Tumors, and Neuronal Tumors, NOS"	
Release 52	Glomus tumor of uncertain malignant potential	"Glomus tumor, NOS"	ask pat to add
Release 52	"High grade glial neoplasm, favor infant-type hemispheric glioma"	"Gliomas, Glioneuronal Tumors, and Neuronal Tumors, NOS"	
Release 52	High grade myxoid liposarcoma	Myxoid liposarcoma	
Release 52	"High-grade cellular neuroepithelial neoplasm, favor medulloblastoma, classic type, CNS WHO GRADE 4"	"Gliomas, Glioneuronal Tumors, and Neuronal Tumors, NOS"	
Release 52	"High-grade glioma, pending additional molecular studies."	"High-grade glioma, NOS or NEC"	
Release 52	High-grade malignant tumor	"Neoplasm, malignant"	
Release 52	Invasive synovial sarcoma	Synovial Sarcoma	
Release 52	"Invasive, undifferentiated epithelioid and spindle cell malignant neoplasm involving testis and paratesticular tissue."	"Epithelioid Neoplasm, NOS"	"misspelled in PV list: ""Epitheliod Neoplasm, NOS"""
Release 52	Limited round blue cell tumor defer to permanent	"Neoplasm, NOS"	
Release 52	Low grade appendiceal mucinous neoplasm (LAMN)	"Neoplasm, NOS"	
Release 52	Low grade glial/glioneuronal tumor with piloid features	"Gliomas, Glioneuronal Tumors, and Neuronal Tumors, NOS"	
Release 52	Low grade glial/glioneuronal tumor. BRAF V600E positive by immunohistochemistry.	"Gliomas, Glioneuronal Tumors, and Neuronal Tumors, NOS"	
Release 52	Low grade neuroepithelial neoplasm	"Gliomas, Glioneuronal Tumors, and Neuronal Tumors, NOS"	
Release 52	Low-grade astrocytoma with piloid features	"Astrocytoma, NOS"	
Release 52	"Low-grade glioneuronal tumor, most consistent with ganglioglioma"	"Gliomas, Glioneuronal Tumors, and Neuronal Tumors, NOS"	
Release 52	Lymph node almost completely effaced by metastatic poorly differentiated neuroblastoma	Neuroblastoma	
Release 52	Malignant basaloid tumor with keratin expression and EWSR1::FLI1 fusion	"Neoplasm, malignant"	
Release 52	Malignant epithelioid neoplasm with loss of SMARCB1 (INI1) expression	"Epithelioid Neoplasm, NOS"	"misspelled in PV list: ""Epitheliod Neoplasm, NOS"""
Release 52	Malignant hepatocellular neoplasm with morphological features of hepatocellular carcinoma	"Neoplasm, malignant"	
Release 52	Malignant peripheral nerve sheath tumor (MPNST)	Malignant Peripheral Nerve Sheath Tumor	
Release 52	Malignant round blue cell tumor	"Neoplasm, malignant"	
Release 52	"Malignant small round blue cell tumor, pending molecular classification"	"Neoplasm, malignant"	
Release 52	Medulloblastoma type embryonal in its large cell variant	Large cell medulloblastoma	
Release 52	Medulloblastoma type embryonic tumor	Medulloblastoma	
Release 52	"Medulloblastoma, classic histology, non-WNT/non-SHH molecular subtype, CNS WHO grade 4"	"Medulloblastoma, non-WNT/non-SHH"	
Release 52	"Medulloblastoma, classic histology, non-WNT/non-SHH, CNS WHO grade 4"	"Medulloblastoma, non-WNT/non-SHH"	
Release 52	"Medulloblastoma, classic type, Molecular group 4, CNS WHO grade 4"	"Medulloblastoma, Group 4"	
Release 52	"Medulloblastoma, large cell/anaplastic histologic type, SHH-activated and possibly TP53-mutant molecular group. CNS WHO grade 4"	Large cell medulloblastoma	
Release 52	"Medulloblastoma, Non-WNT/Non-SHH, classical histology, CNS WHO grade 4, with leptomeningeal infiltration"	"Medulloblastoma, non-WNT/non-SHH"	
Release 52	"Medulloblastoma, SHH-Activated and TP53-Wildtype, WHO grade 4"	"Medulloblastoma, SHH-activated and TP53-wildtype"	
Release 52	Metastatic choriocarcinoma	Choriocarcinoma	
Release 52	Mildly hypercellular neuroglial tissue	Unknown	
Release 52	"Most compatible with pineoblastoma, CNS WHO Grade 4"	"Neoplasm, NOS"	
Release 52	Myxoid neoplasm with glioneuronal differentiation. Classification and grading pending molecular analysis.	"Myxoid Neoplasm, NOS"	
Release 52	Myxopapillary ependymoma with elevated mitotic index	Myxopapillary ependymoma	
Release 52	"Neuroblastoma (schwannian stroma poor), differentiating (demonstrates neuropil with greater than 5% differentiation of neuroblasts towards ganglion cells), intermediate mitotic karyorrhectic index (MK"	Neuroblastoma	
Release 52	"Neuroblastoma (schwannian stroma poor), poorly differentiated subtype"	Neuroblastoma	
Release 52	"Neuroblastoma (see comment), Low mitotic karyorrhectic index (<2%)"	Neuroblastoma	
Release 52	"Neuroblastoma, poorly differentiated, unfavorable histopathology, as sampled"	Neuroblastoma	
Release 52	"Neuroblastoma, undifferentiated subtype"	Neuroblastoma	
Release 52	"Nonkeratinizing, undifferentiated nasopharyngeal carcinoma"	Nasopharyngeal Carcinoma	
Release 52	"Oligodendroglioma, CNS WHO Grade 3"	"Oligodendroglioma, NOS"	
Release 52	"Oncocytic carcinoma with angioinvasion, 3.0 cm in greatest dimension"	"Carcinoma, NOS"	
Release 52	"Papillary carcinoma, classic type"	"Papillary carcinoma, NOS"	
Release 52	"Papillary thyroid carcinoma, diffuse sclerosing subtype, involving the entire lobe and isthmus with widespread intravascular tumor and tumor presence at inked surgical margins."	Papillary Thyroid Carcinoma	
Release 52	"Papillary thyroid carcinoma, multifocal, involving left and right lobes: left lobe classic subtype, 1.8 x 1.6 x 1.0 cm"	Papillary Thyroid Carcinoma	
Release 52	Paraganglioma/extra-adrenal pheochromocytoma	Pheochromocytoma	
Release 52	Pleomorphic xanthoastrocytoma (CNS WHO grade 3)	Pleomorphic Xanthoastrocytoma	
Release 52	"Pleuropulmonary blastoma, type II"	Pleuropulmonary blastoma	
Release 52	"Poorly differentiated neuroblastoma, unfavorable histopathology, in a limited sample with ~95% necrosis"	Neuroblastoma	
Release 52	Poorly preserved tumour of neural crest origin with features suggesting neuroblastoma	"Neoplasm, NOS"	
Release 52	"Posterior fossa ependymoma, at least CNS WHO Grade 2"	Posterior Fossa Ependymoma	
Release 52	"Retinoblastoma, poorly differentiated, arising in retina and involving vitreous"	Retinoblastoma	
Release 52	"Retinoblastoma, with occasional rosette formation, arising in retina and extending to subretinal RPE space, but not choroid or sclera"	Retinoblastoma	
Release 52	"Rhabdomyosarcoma, 2 cm, margins negative for tumor"	Rhabdomyosarcoma	
Release 52	"Rhabdomyosarcoma, morphologically favor alveolar subtype, 5.3 cm in the greatest dimension"	Rhabdomyosarcoma	
Release 52	Sacrococcygeal myxopapillary ependymoma	Myxopapillary ependymoma	
Release 52	"Schwannoma, intraparenchymal"	Schwannoma	
Release 52	"Small blue cell tumor, PHOX2B positive, consistent with neuroblastoma."	"Neoplasm, NOS"	
Release 52	Small round blue cell patterned malignancy. The morphological and immunohistochemical Features are consistent with Ewing Sarcoma	"Neoplasm, malignant"	
Release 52	Small round blue cell tumor most concerning for medulloblastoma	"Neoplasm, NOS"	
Release 52	Small round blue cell tumor with strong diffuse membranous CD99 staining	"Neoplasm, NOS"	
Release 52	"Small round blue cell tumor, compatible with embryonal tumor"	"Neoplasm, NOS"	
Release 52	"Small round blue cell tumor, favor high-grade neuroendocrine tumor"	"Neoplasm, NOS"	
Release 52	Small round blue cell tumor.	"Neoplasm, NOS"	
Release 52	"SMARCB1/INI-1 deficient malignant neoplasm, most consistent with malignant rhabdoid tumor"	"Neoplasm, malignant"	
Release 52	SMARCB1-deficient tumor with extensive necrosis	"Neoplasm, NOS"	
Release 52	Spindle cell tumor with fibrous component: the differential diagnosis includes a fibrous meningioma and a solitary fibrous tumor	"Neoplasm, NOS"	
Release 52	Tumor present	"Neoplasm, NOS"	
Release 52	"Undifferentiated neuroblastoma, with high MKI"	Neuroblastoma	
Release 52	"Undifferentiated small round cell tumor, involving bone and soft tissue"	"Neoplasm, NOS"	
Release 53	"Astrocytoma, IDH mutation, CNS WHO Grade 3"	"Astrocytoma, IDH-mutant"	
Release 53	"Chorioid plexus papilloma, WHO grade 1"	Choroid plexus papilloma	
Release 53	Classic papillary thyroid carcinoma (see CAP synoptic)	Papillary Thyroid Carcinoma	
Release 53	Colonic adenocarcinoma invasive through the bowel wall into subserosal adipose tissue	Adenocarcinoma	
Release 53	Compatible with mixed germ cell tumor (seminoma/teratoma)	Unknown	
Release 53	Consistent with Ewing's sarcoma	Unknown	
Release 53	Consistent with gardner fibroma	Unknown	
Release 53	Consistent with metastatic neuroblastoma	Unknown	
Release 53	"Diffuse intrinsic pontine glioma, H3 K27-altered, WHO grade 4 of 4"	Diffuse intrinsic pontine glioma	
Release 53	"Diffuse midline glioma, H3 K27 altered, CNS WHO grade 4"	"Diffuse Midline Glioma, H3 K27-altered"	
Release 53	"Embryonal rhabdomyosarcoma (5.5 cm), involving paratesticular soft tissue"	Embryonal Rhabdomyosarcoma	
Release 53	Favor poorly differentiated neuroblastoma	Unknown	
Release 53	"Ganglioneuroblastoma, nodular subtype"	Ganglioneuroblastoma	
Release 53	"Ganglioneuroblastoma, nodular, composite"	Ganglioneuroblastoma	
Release 53	"Glial neoplasm, favor ependymoma, with mitotic activity"	"Gliomas, Glioneuronal Tumors, and Neuronal Tumors, NOS"	
Release 53	"Glial neoplasm, pending additional molecular analysis"	"Gliomas, Glioneuronal Tumors, and Neuronal Tumors, NOS"	
Release 53	Glioma with high grade features by histopathology	"High-grade glioma, NOS or NEC"	
Release 53	"Glioma with high grade features, further classification pending molecular analysis."	"High-grade glioma, NOS or NEC"	
Release 53	Glioma with high-grade morphologic features	"High-grade glioma, NOS or NEC"	
Release 53	Granular cell tumor	"Granular cell tumor, NOS"	
Release 53	High grade adenocarcinoma with yolk sac differentiation	Adenocarcinoma	
Release 53	High grade poorly differentiated neoplasm	"Neoplasm, malignant"	
Release 53	"High grade tumor with glial differentiation and ependymal-like morphology, molecular profiling required for further classification"	"Neoplasm, malignant"	
Release 53	High-grade glioma with evidence of neuronal differentiation	"High-grade glioma, NOS or NEC"	
Release 53	High-grade glioma with giant cells	"High-grade glioma, NOS or NEC"	
Release 53	"Histologic findings consistent with pilocytic astrocytoma, CNS WHO grade 1"	Unknown	
Release 53	"Infantile glioma/astrocytoma, with patchy increased mitotic / proliferation indices"	"Astrocytoma, NOS"	
Release 53	"Low grade astrocytoma, favor pilocytic astrocytoma, CNS WHO Grade 1"	"Astrocytoma, NOS"	
Release 53	"Low grade glial / glioneuronal tumor, pending ancillary testing"	"Gliomas, Glioneuronal Tumors, and Neuronal Tumors, NOS"	
Release 53	"Low grade glial/ glioneuronal tumour, favour ganglioglioma , CNS WHO Grade 1"	"Gliomas, Glioneuronal Tumors, and Neuronal Tumors, NOS"	
Release 53	"Low grade glial/glioneuronal tumor, with morphological features favoring Dysembryoplastic neuroepithelial tumor, CNS WHO grade 1"	"Gliomas, Glioneuronal Tumors, and Neuronal Tumors, NOS"	
Release 53	"Low grade glioma with morphological features consistent with pilocytic astrocytoma, CNS WHO grade 1"	"Low-grade glioma, NOS or NEC"	
Release 53	Low grade neoplasm with glial differentiation	"Neoplasm, NOS"	
Release 53	"Low-grade glioma consistent with pilocytic astrocytoma, WHO grade 1"	"Low-grade glioma, NOS or NEC"	
Release 53	Low-grade glioma with mismatch repair deficiency	"Low-grade glioma, NOS or NEC"	
Release 53	"Low-grade glioma, most consistent with pleomorphic xanthoastrocytoma, WHO GRADE 2"	"Low-grade glioma, NOS or NEC"	
Release 53	"Malignant neoplasm, favor pleuropulmonary blastoma, molecular studies pending"	"Neoplasm, malignant"	
Release 53	Marrow replaced by metastatic neuroblastoma	Neuroblastoma	
Release 53	Medulloblastoma by morphology	Medulloblastoma	
Release 53	Medulloblastoma with melanotic differentiation	Medulloblastoma	
Release 53	"Medulloblastoma with slight to moderate anaplasia, non-WNT/non-SHH, WHO GRADE 4"	"Medulloblastoma, non-WNT/non-SHH"	
Release 53	"Medulloblastoma WNT activated, by immunohistochemistry CNS WHO grade 4, p53 wild-type by immunohistochemistry"	"Medulloblastoma, WNT-activated"	
Release 53	"Medulloblastoma, classic morphology, CNS WHO grade 4"	Medulloblastoma	
Release 53	"Medulloblastoma, CNS WHO (2021) Grade 4"	Medulloblastoma	
Release 53	"Medulloblastoma, non-WNT / non-SHH, CNS WHO grade 4"	"Medulloblastoma, non-WNT/non-SHH"	
Release 53	"Medulloblastoma, NOS (CNS WHO Grade IV)"	Medulloblastoma	
Release 53	"Medulloblastoma, SHH-activated and TP53-wildtype Subtype: SHH-1"	"Medulloblastoma, SHH-activated and TP53-wildtype"	
Release 53	"Medulloblastoma, WNT activated subtype by immunohistochemistry, WHO CNS Grade 4"	"Medulloblastoma, WNT-activated"	
Release 53	"Metastatic goblet cell adenocarcinoma, grade 3 with extensive high grade features"	"Adenocarcinoma, metastatic, NOS"	
Release 53	"Multifocal papillary thyroid carcinoma, predominantly infiltrative follicular variant with some classical variant"	Papillary Thyroid Carcinoma	
Release 53	"Myxoid liposarcoma, low grade, pT1"	Myxoid liposarcoma	
Release 53	Myxoid pleomorphic liposarcoma	Pleomorphic liposarcoma	
Release 53	"Neuroblastic tumor, predominantly neuroblastoma, poorly differentiated, low MKI, overall unfavorable histology"	Neuroblastoma	
Release 53	Neuroblastoma (Schwannian stroma poor)- Undifferentiated subtype	Neuroblastoma	
Release 53	Neuroblastoma with necrosis and degenerative changes	Neuroblastoma	
Release 53	"Neuroblastoma, poorly differentiated subtype, low MKI, unfavorable histopathology."	Neuroblastoma	
Release 53	"Neuroblastoma, poorly differentiated with low MKI, favorable histology in this specimen"	Neuroblastoma	
Release 53	"Neuroblastoma, unfavourable histology"	Neuroblastoma	
Release 53	"Neuroepithelial neoplasm PLAGL1-fused, not elsewhere classified"	"Gliomas, Glioneuronal Tumors, and Neuronal Tumors, NOS"	
Release 53	Papillary thyroid carcinoma located in the left lower lobe	Papillary Thyroid Carcinoma	
Release 53	"Papillary thyroid carcinoma, 1.3 cm, classic subtype, arising in the left lobe and isthmus with extensive lymphatic invasion involving both thyroid lobes and perithyroidal lymphatics"	Papillary Thyroid Carcinoma	
Release 53	"Papillary thyroid carcinoma, 1.5 cm, classic subtype"	Papillary Thyroid Carcinoma	
Release 53	"Papillary thyroid carcinoma, diffuse sclerosing variant, extensively involving both lobes and isthmus"	Papillary Thyroid Carcinoma	
Release 53	Pilocytic astrocytoma with high proliferative fraction. Ki67: 12%	Pilocytic astrocytoma	
Release 53	"Pilocytic astrocytoma, CNS WHO grade 1 (histologic diagnosis)"	Pilocytic astrocytoma	
Release 53	"Pineocytoma, CNS WHO grade 1"	Pineocytoma	
Release 53	"Pleomorphic xanthoastrocytoma, BRAF p.V600E mutant, WHO GRADE 2"	Pleomorphic Xanthoastrocytoma	
Release 53	Poorly differentiated high-grade malignant neoplasm with neuroendocrine differentiation	"Neoplasm, malignant"	
Release 53	Poorly differentiated neoplasm NOS (IHC and molecular pending)	"Neoplasm, NOS"	
Release 53	"Posterior fossa ependymoma with anaplastic features, group A, CNS WHO grade 3"	Posterior Fossa Group A (PFA) Ependymoma	
Release 53	"Posterior fossa ependymoma, morphologically WHO grade 3"	Posterior Fossa Ependymoma	
Release 53	"Posterior fossa group A ependymoma (PFA), WHO grade 2"	Posterior Fossa Group A (PFA) Ependymoma	
Release 53	Primary glial neoplasm	"Gliomas, Glioneuronal Tumors, and Neuronal Tumors, NOS"	
Release 53	"Rhabdomyosarcoma, embryonal histology"	Embryonal Rhabdomyosarcoma	
Release 53	Round blue cell neoplasm	"Neoplasm, NOS"	
Release 53	"Small blue cell tumor morphologicallly and immunohistochemically consistent with medulloblastoma, CNS WHO grade 4"	"Neoplasm, NOS"	
Release 53	"Small round blue cell tumor, compatible with neuroblastoma"	"Neoplasm, NOS"	
Release 53	"Small round blue cell tumor, consistent with classic medulloblastoma, CNS WHO grade 4"	"Neoplasm, NOS"	
Release 53	"Spindle cell and pleomorphic sarcoma, high grade, with extensive necrosis, not further classified"	"Sarcoma, NOS"	
Release 53	"Spindle cell neoplasm with primitive features, high mitotic and apoptotic rates, and necrosis."	"Neoplasm, NOS"	
Release 53	"Synovial sarcoma, monophasic, FNCLCC grade 2 (of 3)"	Synovial Sarcoma	
Release 53	This is an embryonic tumor whose morphology initially suggests an atypical teratoid/rhabdoid tumor (ATRT)	"Neoplasm, NOS"	
Release 53	"Ulcerated nodular malignant melanoma, invading to a breslow thickness of at least 7.5mm"	Nodular melanoma	
Release 53	"Undifferentiated neuroblastoma, Schwannian stroma poor, unfavourable histology"	Neuroblastoma	
Release 53	"Undifferentiated small round blue cell tumor, favor Ewing sarcoma, molecular confirmation pending"	"Neoplasm, NOS"	
Release 53	Undifferentiated small round cell sarcoma with BCOR genetic alteration	Sarcoma with BCOR genetic alterations	�
Release 53	"Well formed brain (1053.9 grams) with diffuse midline glioma, H3K27 altered, CNS WHO grade 4"	"Diffuse Midline Glioma, H3 K27-altered"	
Release 53	ZC3H7B::BCOR fusion sarcoma	Sarcoma with BCOR genetic alterations	
Release 54	"Atypical teratoid-rhabdoid tumor (AT/RT),CNS WHO grade 4"	Atypical teratoid/rhabdoid tumor	
Release 54	"Biphasic synovial sarcoma, FNCLCC grade 2"	"Synovial sarcoma, biphasic"	
Release 54	Choroid plexus neoplasm with elevated Ki-67 labeling index	Choroid plexus tumor	
Release 54	"Consistent with embryonal tumor, pending additional testing"	"Neoplasm, NOS"	
Release 54	"Dermatofibrosarcoma protuberans (DFSP), present at the deep 3-6 O'clock surgical margin"	Dermatofibrosarcoma Protuberans	
Release 54	"Dermatofibrosarcoma protuberans, with extensive involvement of the deep margin"	Dermatofibrosarcoma Protuberans	
Release 54	Desmin positive neoplasm	"Neoplasm, NOS"	
Release 54	Desmoid Fibromatosis (Desmoid tumor)	Desmoid Fibromatosis	
Release 54	"Differentiated high-grade follicular derived thyroid carcinoma, 2.2 cm dominant nodule involving left lobe. Background tumor is papillary carcinoma, predominantly classic type."	"Follicular carcinoma, NOS"	
Release 54	Dysembryoplastic neuroepithelial tumor (CNS WHO grade 1)	Dysembryoplastic neuroepithelial tumor	
Release 54	"Dysembryoplastic neuroepithelial tumor with FGFR1 alteration, CNS WHO grade 1"	Dysembryoplastic neuroepithelial tumor	
Release 54	Embryonal rhabdomyosarcoma versus other sarcoma with skeletal muscle differentiation	Alveolar rhabdomyosarcoma	
Release 54	"Embryonal tumor, morphologically and phenotypically most suggestive of desmoplastic/nodular medulloblastoma"	"Embryonal Tumors, NOS"	
Release 54	"Ependymoma, supratentorial, CNS WHO grade 3"	Supratentorial Ependymoma	
Release 54	EWSR1::FLI1-rearranged superficial round cell tumor	"Neoplasm, NOS"	
Release 54	Extensive infiltration by metastatic neuroblastoma with increased fibrosis	Neuroblastoma	
Release 54	"Favor ganglioneuromatous neoplasm, pending outside neuropathology consultation"	Unknown	
Release 54	"Favor high grade glial neoplasm, pending consultation"	"Neoplasm, NOS"	
Release 54	Favor low-grade glial or glioneuronal neoplasm	Unknown	
Release 54	Features consistent with mixed germ cell tumor	Unknown	
Release 54	"Ganglioglioma, BRAF V600E mutated"	Ganglioglioma	
Release 54	"Gastrointestinal stromal tumor (GIST), succinate-dehydrogenase deficient"	Gastrointestinal stromal tumor	
Release 54	Glial neoplasm pending additional molecular analysis	"Gliomas, Glioneuronal Tumors, and Neuronal Tumors, NOS"	
Release 54	"Glial neoplasm with histology most consistent with pilocytic astrocytoma, WHO CNS grade 1"	"Gliomas, Glioneuronal Tumors, and Neuronal Tumors, NOS"	
Release 54	"Glial neoplasm with piloid features, histologically low-grade"	"Gliomas, Glioneuronal Tumors, and Neuronal Tumors, NOS"	
Release 54	"Glial neoplasm, pending additional testing"	"Gliomas, Glioneuronal Tumors, and Neuronal Tumors, NOS"	
Release 54	"Glial neoplasm, pending molecular classification"	"Gliomas, Glioneuronal Tumors, and Neuronal Tumors, NOS"	
Release 54	Glioma. Pending molecular studies	"Gliomas, Glioneuronal Tumors, and Neuronal Tumors, NOS"	
Release 54	"Glioneuronal tumor, pending molecular and methylation profiling testing for definitive diagnosis and grading"	"Glioneuronal and Neuronal Tumors, NOS"	
Release 54	"Glioneuronal/neuronal tumor, BRAF negative by immunostain"	"Glioneuronal and Neuronal Tumors, NOS"	
Release 54	"High grade embryonal neoplasm, pending additional studies."	"Embryonal Tumors, NOS"	
Release 54	"High grade glioma concerning for diffuse midline glioma, H3 K27-altered, CNS WHO grade 4"	"High-grade glioma, NOS or NEC"	
Release 54	"High grade glioma, IDH-wild type"	"High-grade glioma, NOS or NEC"	
Release 54	"High grade glioma, pending molecular classification"	"High-grade glioma, NOS or NEC"	
Release 54	"High-grade epithelioid and round cell sarcoma, not otherwise specified"	Epithelioid sarcoma	
Release 54	High-grade neoplasm with morphology and immunoprofile suggestive of atypical teratoid/ rhabdoid tumor	"Neoplasm, malignant"	
Release 54	"High-grade tumor with a primitive appearance, consistent with an embryonal tumor"	"Neoplasm, NOS"	
Release 54	Histologic and ultrastructural features are diagnostic of neuroblastoma	Neuroblastoma	
Release 54	Histological and immunohistochemical features consistent with rhabdomyosarcoma	Unknown	
Release 54	Hypercellular glial tissue with prominent calcifications	Unknown	
Release 54	"Infiltrating glioma, IDH1 mutant by IHC, CNS WHO Grade 2"	"Gliomas, Glioneuronal Tumors, and Neuronal Tumors, NOS"	
Release 54	Infiltrative glial neoplasm without microvascular proliferation or necrosis	"Gliomas, Glioneuronal Tumors, and Neuronal Tumors, NOS"	
Release 54	"Low grade glioneuronal tumor, histologically suggestive of papillary glioneuronal tumor"	"Glioneuronal and Neuronal Tumors, NOS"	
Release 54	"Low grade glioneuronal tumor, pending additional testing"	"Glioneuronal and Neuronal Tumors, NOS"	
Release 54	"Low-grade glial/glioneuronal neoplasm, histologically, WHO grade 1."	"Gliomas, Glioneuronal Tumors, and Neuronal Tumors, NOS"	
Release 54	"Low-grade glioma, histologically compatible with pilocytic astrocytoma, CNS WHO grade 1"	"Low-grade glioma, NOS or NEC"	
Release 54	Low-grade infiltrating glioma	"Low-grade glioma, NOS or NEC"	
Release 54	Malignant neoplasm with primitive appearance	"Neoplasm, malignant"	
Release 54	Malignant neoplasm with rhabdoid features	"Neoplasm, malignant"	
Release 54	Malignant round and spindle cell neoplasm in abundant myxoid stroma and with foci of associated eosinophilic matrix	"Neoplasm, NOS"	
Release 54	"Malignant small round blue cell tumor, suggestive of embryonal tumor, high grade"	"Neoplasm, malignant"	
Release 54	"Medulloblastoma with classic histology, Not Otherwise Specified (NOS), CNS WHO grade 4"	Medulloblastoma	
Release 54	"Medulloblastoma, classic histology not otherwise specified"	Medulloblastoma	
Release 54	"Medulloblastoma, desmoplastic/ nodular histologic variant, SHH-activated and TP53 wildtype molecular subtype, CNS WHO grade 4"	Desmoplastic nodular medulloblastoma	
Release 54	"Medulloblastoma, non-WNT/non-SHH (Group 3 / Group 4) WHO CNS Group 4"	"Medulloblastoma, non-WNT/non-SHH"	
Release 54	"Medulloblastoma, SHH-activated, TP53-wildtype, with classical histology, CNS WHO grade 4"	"Medulloblastoma, SHH-activated and TP53-wildtype"	
Release 54	Metastatic neuroblastoma involving bilateral bone marrow	Neuroblastoma	
Release 54	Metastatic neuroblastoma involving marrow bilaterally	Neuroblastoma	
Release 54	"Myxoid liposarcoma, 4.7 cm"	Myxoid liposarcoma	
Release 54	Necrotic and hemorrhagic malignant sarcomatous tumor with rhabdomyoblastic differentiation	"Sarcoma, NOS"	
Release 54	"Neoplasm with epithelioid and papillary morphology, favor choroid plexus tumor"	"Neoplasm, NOS"	
Release 54	"Neuroblastoma (Schwannian stroma poor), poorly-differentiated with high MKI (Unfavorable histology)"	Neuroblastoma	
Release 54	"Neuroblastoma (Schwannian stroma-poor), poorly differentiated, low MKI, favorable histology"	Neuroblastoma	
Release 54	"Neuroblastoma, differentiating subtype, low mitotic-karyorrhectic index, favorable histopathology"	Neuroblastoma	
Release 54	"Neuroblastoma, poorly differentiated subtype, intermediate MKI, unfavorable histopathology, as sampled"	Neuroblastoma	
Release 54	"Neuroblastoma, poorly differentiated, high MKI, unfavorable histology"	Neuroblastoma	
Release 54	"Neuroblastoma, Schwannian stroma poor, poorly differentiated, intermediate MKI (Unfavorable histology)"	Neuroblastoma	
Release 54	"Neuroblastoma, schwannian stroma-poor. poorly differentiated."	Neuroblastoma	
Release 54	"Neuroblastoma, stroma-poor, poorly differentiated, unfavorable histology"	Neuroblastoma	
Release 54	"Neuroendocrine tumor, most consistent with neuroendocrine carcinoma"	"Neuroendocrine tumor, NOS"	
Release 54	"Papillary tumor that pineal region, WHO Grade 2-3"	Papillary tumor of pineal region	
Release 54	pending molecular characterization	Unknown	
Release 54	"Pilocytic astrocytoma, KIAA1549::BRAF fusion, WHO Grade 1"	Pilocytic astrocytoma	
Release 54	"Pleomorphic xanthoastrocytoma (PXA), CNS WHO grade 2"	Pleomorphic Xanthoastrocytoma	
Release 54	Pleuropulmonary blastoma type 2	Pleuropulmonary blastoma	
Release 54	"Pleuropulmonary blastoma, type 2 or 3"	Pleuropulmonary blastoma	
Release 54	"Poorly differentiated neuroblastoma with low mitotic karyorrhectic index (MKI), favorable histology"	Neuroblastoma	
Release 54	"Poorly differentiated neuroblastoma with low mitotic karyorrhectic index (MKI), favorable histology."	Neuroblastoma	
Release 54	"Poorly differentiated neuroblastoma, favorable histology"	Neuroblastoma	
Release 54	Poorly differentiated thyroid carcinoma with angioinvasion	"Carcinoma, NOS"	
Release 54	"Poorly-differentiated neuroblastoma, favorable histology"	Neuroblastoma	
Release 54	"Posterior fossa ependymoma, favor PFA molecular group, CNS WHO grade 2"	Posterior Fossa Ependymoma	
Release 54	"Posterior fossa ependymoma, NOS, CNS WHO grade 3"	Posterior Fossa Ependymoma	
Release 54	"Posterior fossa group A (PFA), ependymoma with extensive chondro-osseous differentiation"	Posterior Fossa Group A (PFA) Ependymoma	
Release 54	Primitive embryonal tumor with rosettes	"Embryonal Tumors, NOS"	
Release 54	Primitive mesenchymal neoplasm with pan-TRK expression by immunohistochemical stain.	"Mesenchymal Tumor, NOS"	
Release 54	"Residual medulloblastoma, histologically defined, CNS WHO grade 4"	Medulloblastoma	
Release 54	"Rhabdomyosarcoma (4.0 cm in greatest dimension), morphologically most consistent with embryonal subtype"	Rhabdomyosarcoma	
Release 54	"Rhabdomyosarcoma, favor alveolar subtype."	Rhabdomyosarcoma	
Release 54	"Rhabdomyosarcoma, paratesticular"	Rhabdomyosarcoma	
Release 54	"Serous borderline tumor (17.5 cm), right ovary"	"Serous borderline tumor, NOS"	
Release 54	"Sertoli-Leydig cell tumor, 8.0 cm in greatest dimension, intermediate grade and confined to ovary"	Sertoli-Leydig Cell Tumor	
Release 54	"Sertoli-Leydig cell tumor, poorly differentiated with heterologous skeletal muscle elements"	Sertoli-Leydig Cell Tumor	
Release 54	"Small fragments of low-grade glioma most consistent with pilomyxoid astrocytoma, CNS WHO grade 1"	"Low-grade glioma, NOS or NEC"	
Release 54	"Small round blue cell tumor, features consistent with pineoblastoma"	"Neoplasm, NOS"	
Release 54	Solid pseudopapillary neoplasm involving distal pancreas tail	Solid Pseudopapillary Neoplasm of the Pancreas	
Release 54	"Subependymal giant cell astrocytoma (SEGA), CNS WHO grade 1"	Subependymal giant cell astrocytoma	
Release 54	Well-differentiated neuroendocrine tumor (carcinoid tumor)	"Neuroendocrine tumor, NOS"	
Release 54	"Yolk sac tumor (malignant germ cell tumor), arising in the setting of down syndrome."	Yolk Sac Tumor	
Release 56	"Adamantinomatous craniopharyngioma, CNS WHO grade 1, negative for BRAF V600E mutation"	Adamantinomatous craniopharyngioma	
Release 56	Alveolar rhabdomyosarcoma with extensive necrosis	Alveolar rhabdomyosarcoma	
Release 56	At least one of five lymph nodes involved by spitz melanoma (2.3 cm metastatic deposit)	Malignant Spitz Tumor	"ask Pat to add Preferred term ""Malignant Spitz Tumor"", else use ""Spitzoid Melanoma"" which is ICD-O synonym"
Release 56	"Atypical spitz tumor, completely excised"	"Neoplasm, NOS"	ask Pat for help with mapping
Release 56	Atypical teratoid/rahbdoid tumor	Atypical teratoid/rhabdoid tumor	
Release 56	"Cellular glial lesion compatible with glioma, favor pilocytic astrocytoma"	Unknown	
Release 56	Central neurocytoma with elevated KI-67 proliferation index	Central neurocytoma	
Release 56	Circumscribed glial/glioneuronal neoplasm with high grade features	"Gliomas, Glioneuronal Tumors, and Neuronal Tumors, NOS"	
Release 56	Clear cell carcinoma	"Carcinoma, NOS"	
Release 56	"Compatible with medulloblastoma, pending expert consultation"	Unknown	
Release 56	Consistent with high-grade sarcoma	Unknown	
Release 56	Consistent with poorly differentiated chordoma	Unknown	
Release 56	"consistent with supratentorial ependymoma, WHO grade 2."	Unknown	
Release 56	Desmoplastic nodular medulloblastoma (WHO grade 4)	Desmoplastic nodular medulloblastoma	
Release 56	Desmoplastic/nodular medulloblastoma (WHO grade 4)	Desmoplastic nodular medulloblastoma	
Release 56	"Diffuse astrocytoma, MYBL1-altered (CNS WHO grade 1)"	"Diffuse astrocytoma, MYB- or MYBL1-altered"	
Release 56	Diffuse glial / glioneuronal neoplasm	"Gliomas, Glioneuronal Tumors, and Neuronal Tumors, NOS"	
Release 56	"Diffuse hemispheric glioma, H3 G 34-mutant, CNS WHO grade 4"	"Diffuse Hemispheric Glioma, H3 G34-mutant"	
Release 56	"DUX4 associated undifferentiated sarcoma, FNCLCC grade 3 out of 3"	"Sarcoma, NOS"	
Release 56	"Embryonal neoplasm, morphologically compatible with medulloblastoma."	"Embryonal Tumors, NOS"	
Release 56	Ependymoma with extensive necrosis	"Ependymoma, NOS"	
Release 56	"Epstein-Barr Virus (EBV) - positive nasopharyngeal carcinoma, undifferentiated non-keratinizing type"	Nasopharyngeal Carcinoma	
Release 56	Favor low-grade glioma	"Neoplasm, NOS"	
Release 56	Favor myxopapillary ependymoma	Myxopapillary ependymoma	
Release 56	Favor pineal parenchymal tumour of intermediate differentiation.	Unknown	
Release 56	Features consistent with neuroblastoma.	Unknown	
Release 56	"Fibrous meningioma, WHO grade 1"	Fibrous meningioma	
Release 56	Findings most compatible with embryonal rhabdomyosarcoma	Unknown	
Release 56	"Ganglioglioma, H3K27-M mutant"	Ganglioglioma	
Release 56	"Ganglioglioma, positive for BRAF V600E mutant protein expression, CNS WHO grade 1"	Ganglioglioma	
Release 56	"Glial neoplasm, differential diagnosis includes astrocytoma with intermediate grade features, and others"	"Gliomas, Glioneuronal Tumors, and Neuronal Tumors, NOS"	
Release 56	"Glial neoplasm, low grade histology with BRAF V600 E mutation"	"Gliomas, Glioneuronal Tumors, and Neuronal Tumors, NOS"	
Release 56	Glial/neuronal tumor with abundant calcification	"Gliomas, Glioneuronal Tumors, and Neuronal Tumors, NOS"	
Release 56	"Glioma with piloid features and BRAF-V600E mutation by immunohistochemistry, pending molecular characterization"	"Gliomas, Glioneuronal Tumors, and Neuronal Tumors, NOS"	
Release 56	"H3K27M-mutant (by IHC) glioma, WHO grade 3-4."	"Gliomas, Glioneuronal Tumors, and Neuronal Tumors, NOS"	
Release 56	"High grade glioma, H3 K27M mutated by immunohistochemistry"	"High-grade glioma, NOS or NEC"	
Release 56	"High grade poorly differentiated malignancy, favor rhabdomyosarcoma"	"Neoplasm, malignant"	
Release 56	High grade primitive malignant neoplasm	"Neoplasm, malignant"	
Release 56	"High grade sarcoma, CD99 positive"	High Grade Sarcoma	
Release 56	"High grade tumor with prominent anaplasia, foci of necrosis and focal calcification"	"Neoplasm, malignant"	
Release 56	"High-grade diffuse glial neoplasm, not otherwise specified"	"Gliomas, Glioneuronal Tumors, and Neuronal Tumors, NOS"	
Release 56	High-grade glioma with pleomorphic features	"High-grade glioma, NOS or NEC"	
Release 56	High-grade malignant embryonal neoplasm	"Embryonal Tumors, NOS"	
Release 56	High-grade malignant neuroepithelial tumor	"Gliomas, Glioneuronal Tumors, and Neuronal Tumors, NOS"	
Release 56	"High-grade neuroepithelial neoplasm, with mixed histologic features, CNS WHO grade 4."	"Gliomas, Glioneuronal Tumors, and Neuronal Tumors, NOS"	
Release 56	Histologic classification: low grade glial.	"Gliomas, Glioneuronal Tumors, and Neuronal Tumors, NOS"	
Release 56	"Histology consistent with cerebellar neuroblastoma, pending molecular classification."	Unknown	
Release 56	IDH1 (R132H) and H3K27m wildtype by immunohistochemistry.	Unknown	
Release 56	IDH-mutant glioma.	"Gliomas, Glioneuronal Tumors, and Neuronal Tumors, NOS"	
Release 56	Infiltrating glioma with high-grade histologic features	"High-grade glioma, NOS or NEC"	
Release 56	"Infiltrative glioma, EGFR insertion/duplication mutant that is IDH and H3 wild type, low WHO grade"	"Gliomas, Glioneuronal Tumors, and Neuronal Tumors, NOS"	
Release 56	"Inflammatory myofibroblastic tumor of bone, osteoclast-rich"	Inflammatory Myofibroblastic Tumor	
Release 56	"Intracranial mesenchymal tumor, FET::CREB fusion positive"	"Intracranial Mesenchymal Tumors, FET::CREB Fusion-positive"	
Release 56	Intraparenchymal CNS schwannoma	Schwannoma	
Release 56	Invasive macrofollicular variant of papillary carcinoma	"Papillary carcinoma, NOS"	
Release 56	Low grade glial neoplasm with perivascular accentuation of tumor cells	"Gliomas, Glioneuronal Tumors, and Neuronal Tumors, NOS"	
Release 56	"Low grade glioma compatible with pilocytic astrocytoma, BRAF altered."	"Low-grade glioma, NOS or NEC"	
Release 56	"Low grade glioma consistent with pilocytic astrocytoma , WHO Grade 1"	"Low-grade glioma, NOS or NEC"	
Release 56	"Low grade glioma, most consistent with Pilocytic Astrocytoma, WHO grade 1"	"Low-grade glioma, NOS or NEC"	
Release 56	"Low-grade glial neoplasm, consistent with pilocytic astrocytoma, CNS WHO grade 1."	"Gliomas, Glioneuronal Tumors, and Neuronal Tumors, NOS"	
Release 56	Low-grade glial tumor by morphology	"Gliomas, Glioneuronal Tumors, and Neuronal Tumors, NOS"	
Release 56	Low-grade glioma with PDGFRA p.K385L alteration.	"Low-grade glioma, NOS or NEC"	
Release 56	Low-grade neoplasm with fibrohistiocytic features	"Gliomas, Glioneuronal Tumors, and Neuronal Tumors, NOS"	
Release 56	Malignant melanoma.	"Malignant melanoma, NOS"	
Release 56	"Malignant mesenchymal tumor, most consistent with embryonal rhabdomyosarcoma"	"Mesenchymal Tumor, NOS"	
Release 56	"Medulloblastoma, classic histologic type, WNT-activated, WHO grade 4"	"Medulloblastoma, WNT-activated"	
Release 56	"Medulloblastoma, CNS WHO Grade 4, favor SHH-activated and TP53-wildtype"	"Medulloblastoma, SHH-activated and TP53-wildtype"	
Release 56	"Medulloblastoma, desmoplastic/ nodular histology"	Desmoplastic nodular medulloblastoma	
Release 56	"Medulloblastoma, histologically defined, classic type, CNS WHO Grade 4"	Medulloblastoma	
Release 56	"Medulloblastoma, large cell/anaplastic (LC/A) histology"	Large cell medulloblastoma	
Release 56	"Medulloblastoma, non-WNT/ non-SHH (group 3/4)"	"Medulloblastoma, non-WNT/non-SHH"	
Release 56	"Medulloblastoma, SHH-activated and TP53-wildtype."	"Medulloblastoma, SHH-activated and TP53-wildtype"	
Release 56	"Melanoma, epithelioid type"	Melanoma	
Release 56	"Meningioma, CNS WHO grade 2, with YAP1::MAML3 fusion"	Meningioma	
Release 56	"Mesothelial neoplasm, workup pending"	"Neoplasm, NOS"	
Release 56	Mesothelioma with EWSR1::YY1 fusion	"Neoplasm, NOS"	
Release 56	Metastatic neuroblastoma extensively involving the bone marrow with evidence of trilineage hematopoiesis	Neuroblastoma	
Release 56	"Minimally invasive, encapsulated follicular variant of papillary thyroid carcinoma."	Papillary Thyroid Carcinoma	
Release 56	"Minute fragments of low-grade glioma, histologically consistent with pilocytic astrocytoma, CNS WHO grade 1"	"Low-grade glioma, NOS or NEC"	
Release 56	"Morphologically low-grade glial neoplasm with focal infiltration, increased vascularity, and increased proliferative rate."	"Gliomas, Glioneuronal Tumors, and Neuronal Tumors, NOS"	
Release 56	"Neoplasm present, pending consultation"	"Neoplasm, NOS"	
Release 56	"Neuroblastoma (Schwannian stroma-poor), poorly differentiated, high mitotic-karyorrhectic index (MKI), unfavorable histology"	Neuroblastoma	
Release 56	"Neuroblastoma (Schwannian stroma-poor), poorly-differentiated, unfavorable histopathology, size 9.1 cm"	Neuroblastoma	
Release 56	"Neuroblastoma, differentiating, intermediate MKI (unfavorable histology)"	Neuroblastoma	
Release 56	"Neuroblastoma, poorly differentiated, favorable histopathology for age"	Neuroblastoma	
Release 56	"Neuroblastoma, poorly differentiated, intermediate mitosis karyorrhectic index (MKI), unfavorable histology."	Neuroblastoma	
Release 56	"Neuroblastoma, poorly differentiated, intermediate MKI (unfavorable histopathology)"	Neuroblastoma	
Release 56	"Neuroblastoma, poorly differentiated, low MKI, overall unfavorable histology"	Neuroblastoma	
Release 56	"Neuroblastoma, poorly differentiated, with high MKI and unfavorable histology."	Neuroblastoma	
Release 56	"Neuroblastoma, poorly differentiated."	Neuroblastoma	
Release 56	"Neuroblastoma, Schwannian stroma-poor, poorly differentiated subtype."	Neuroblastoma	
Release 56	"Neuroblastoma, Schwannian stroma-poor, poorly differentiated, intermediate MKI, favorable histopathology."	Neuroblastoma	
Release 56	"Neuroblastoma, Schwannian stroma-poor, undifferentiated, high MKI, unfavorable histology by INPC"	Neuroblastoma	
Release 56	"Neuroblastoma, undifferentiated subtype, unfavorable histology."	Neuroblastoma	
Release 56	"Papillary thyroid carcinoma, 4cm"	Papillary Thyroid Carcinoma	
Release 56	Papillary thyroid carcinoma.	Papillary Thyroid Carcinoma	
Release 56	"Paraganglioma, 4.3 cm"	Paraganglioma	
Release 56	Pheochromocytoma (4.5 cm size) with focal lymphovascular invasion	Pheochromocytoma	
Release 56	"Pilocytic astrocytoma , WHO Grade 1"	Pilocytic astrocytoma	
Release 56	"Poorly differentiated neuroblastoma, stroma poor, high MKI"	Neuroblastoma	
Release 56	"Possible supratentorial ependymoma, pending consultation."	"Neoplasm, NOS"	
Release 56	"Posterior fossa ependymoma, PFA molecular group, CNS WHO grade 3."	Posterior Fossa Group A (PFA) Ependymoma	
Release 56	"Posterior fossa ependymoma, posterior fossa A (PFA) subtype, CNS WHO grade 3."	Posterior Fossa Group A (PFA) Ependymoma	
Release 56	Posterior fossa group A (PFA) ependymoma CNS WHO grade 3	Posterior Fossa Group A (PFA) Ependymoma	
Release 56	"Residual rhabdomyosarcoma in uvula and soft palate, focal in superficial mucosa, favor embryonal subtype"	Rhabdomyosarcoma	
Release 56	Rhabdoid tumor	"Rhabdoid tumor, NOS"	
Release 56	"Rhabdomyosarcoma with heterologous cartilage elements, embryonal subtype with anaplasia"	Embryonal Rhabdomyosarcoma	
Release 56	"Rhabdomyosarcoma, favor embryonal type but pending FOX01 FISH for confirmation"	Rhabdomyosarcoma	
Release 56	Serous borderline tumor.	"Serous borderline tumor, NOS"	
Release 56	"Small foci of viable neuroblastoma, favorable histology (poorly differentiated, low MKI)"	Neuroblastoma	
Release 56	"Small round blue cell tumor, most consistent with Ewing Sarcoma"	"Neoplasm, NOS"	
Release 56	"SMARCA4-deficient undifferentiated tumor of the ovary, 14 cm size, capsule ruptured."	"Neoplasm, NOS"	
Release 56	Spindle cell neoplasm with RAF1-rearrangement.	"Neoplasm, NOS"	
Release 56	"Spindle cell tumor within dermis and subcutaneous tissue, strongly ALK immunoreactive"	"Neoplasm, NOS"	
Release 56	"Supratentorial ependymoma, ZFTA fusion-positive, CNS WHO grade-3"	Supratentorial Ependymoma	
Release 56	"Typical carcinoid tumor, 3 cm, completely excised"	"Neuroendocrine tumor, NOS"	
Release 56	Undifferentiated embryonal sarcoma of the liver 4.2 cm solid tumor within a 11.9 cm multiloculated mass	Embryonal sarcoma	
Release 56	"Undifferentiated sarcoma, suggestive of Ewing sarcoma"	"Sarcoma, NOS"	
Release 56	"Unusual glial/ glioneuronal tumor, histologically low-grade"	"Gliomas, Glioneuronal Tumors, and Neuronal Tumors, NOS"	
Release 56	Urothelial mucosa with focal inverted growth pattern and underlying spindle cell proliferation	"Neoplasm, NOS"	
Release 56	"Well differentiated neuroendocrine tumor, WHO grade 1 (1.8 cm)"	"Neuroendocrine tumor, NOS"	
Release 56	Well-circumscribed spindle cell neoplasm with marked cytologic atypia and increased mitotic	"Neoplasm, NOS"	
Release 57 COG clinical	?inflammatory rhabdomyoblastic tumor v inflammatory leiomyosarc?????	Unknown	
Release 57 COG clinical	Alveolar RMS PAX3::NCOA1	Alveolar rhabdomyosarcoma	
Release 57 COG clinical	Askin tumor	Askin tumor	"Ask Pat to add 9365/3 ""Askin tumor"", an IDC-O Preferred term"
Release 57 COG clinical	Cellular myofibroma SRF::NCOA2	Myofibroma	
Release 57 COG clinical	"Cerebellar sarcoma, NOS [obs]"	"Sarcoma, NOS"	
Release 57 COG clinical	Embryonal adenoma	Embryonal adenoma	"Ask Pat to add 8191/0 ""Embryonal adenoma"" (ICD-O preferred term)"
Release 57 COG clinical	"Embryonal rhabdomyosarcoma, spindle cell"	Embryonal Rhabdomyosarcoma	
Release 57 COG clinical	Inflammatory myofibroblastic tumor TPM3::ALK	Inflammatory Myofibroblastic Tumor	
Release 57 COG clinical	"Insulinoma, NOS"	"Insulinoma, NOS"	"Ask Pat to add 8151/3 ""Insulinoma, NOS"" (ICD-O preferred term)"
Release 57 COG clinical	"Intraductal papillary/mucinous carcinoma, invasive"	Mucinous Carcinoma	
Release 57 COG clinical	Malignant giant cell tumor of soft parts	"Giant cell tumor of soft parts, NOS"	
Release 57 COG clinical	Malignant melanoma in junctional nevus	"Malignant melanoma, NOS"	
Release 57 COG clinical	Malignant Triton tumour	Malignant peripheral nerve sheath tumor with rhabdomyoblastic differentiation	
Release 57 COG clinical	"Mesothelioma, malignant"	"Mesothelioma, malignant"	"Ask Pat to add 9050/3 ""Mesothelioma, malignant"" (ICD-O preferred term)"
Release 57 COG clinical	Mucoepidermoid tumor [obs]	Mucoepidermoid tumor	"Ask Pat to add 8430/1 ""Mucoepidermoid tumor"" (ICD-O preferred term)"
Release 57 COG clinical	Oxyphilic adenocarcinoma	Oxyphilic adenocarcinoma	"Ask Pat to add 8290/3 ""Oxyphilic adenocarcinoma"" (ICD-O preferred term)"
Release 57 COG clinical	Papillary transitional cell neoplasm of low malignant potential	Papillary urothelial neoplasm of low malignant potential	"Ask Pat to add 8130/1 ""Papillary urothelial neoplasm of low malignant potential"" (ICD-O preferred term)"
Release 57 COG clinical	"Serous cystadenocarcinoma, NOS"	"Serous carcinoma, NOS"	
Release 57 COG clinical	"Sertoli/Leydig cell tumor, well differentiated"	Sertoli-Leydig Cell Tumor	
Release 57 COG clinical	Skin appendage carcinoma	"Adnexal adenocarcinoma, NOS"	"Ask Pat to add 8390/3 ""Adnexal adenocarcinoma, NOS"" (ICD-O preferred term)"
Release 57 COG clinical	"Spindle cell nevus, NOS"	"Spindle cell nevus, NOS"	"Ask Pat to add 8772/0 ""Spindle cell nevus, NOS"" (ICD-O preferred term)"
Release 57 COG clinical	"Spindle cell rhabdomyosarcoma, infantile"	Spindle cell rhabdomyosarcoma	
Release 57 COG clinical	"Spindle cell rhabdomyosarcoma, TFCP2"	Spindle cell rhabdomyosarcoma	
Release 57 COG clinical	Undifferentiated round cell sarcoma with ossification	Undifferentiated Round Cell Sarcoma	
Release 58	"A tumor composed of small, round, blue cells strongly suggestive of Ewing sarcoma"	"Neoplasm, NOS"	
Release 58	Adamantinomatous craniopharyngioma	Adamantinomatous craniopharyngioma	
Release 58	Adrenal cortical carcinoma	Adrenal cortical carcinoma	
Release 58	Adrenal cortical neoplasm with extensive necrosis	Adrenal cortical carcinoma	
Release 58	Adult-type Diffuse Gliomas	Adult-type Diffuse Gliomas	
Release 58	Alveolar rhabdomyosarcoma	Alveolar rhabdomyosarcoma	
Release 58	"Alveolar rhabdomyosarcoma, FOX01 fusion-positive"	Alveolar rhabdomyosarcoma	
Release 58	Anaplastic juvenile granulosa cell tumor (19.2 cm) of the ovary	Juvenile Granulosa Cell Tumor	
Release 58	Angiomatoid fibrous histiocytoma.	Angiomatoid fibrous histiocytoma	
Release 58	"Biphasic compound melanocytic proliferation with extensive P16 expression loss, consistent with melanoma arising within a long-standing melanocytic nevus"	"Neoplasm, NOS"	
Release 58	Bland fibroblastic proliferation	"Neoplasm, NOS"	
Release 58	"Choroid plexus papilloma with glial differentiation, CNS WHO grade 1"	Choroid plexus papilloma	
Release 58	Choroid plexus tumor without malignant features	Choroid plexus tumor	
Release 58	Circumscribed spindled and pleomorphic astrocytoma with neuronal immunophenotypic features and BRAF V600E positivity and loss of p16 by immunohistochemistry	"Astrocytoma, NOS"	
Release 58	CNS embryonal tumor compatible with medulloblastoma	"CNS embryonal tumor, NOS"	
Release 58	"CNS embryonal tumor with partial loss of expression of INI1 and BRG1, favor atypical teratoid/rhabdoid tumor, CNS WHO grade 4"	"CNS embryonal tumor, NOS"	
Release 58	"CNS embryonal tumor, consistent with medulloblastoma, CNS WHO grade 4"	"CNS embryonal tumor, NOS"	
Release 58	Consistent with low grade glia/glioneuronal tumor	"Neoplasm, NOS"	
Release 58	"Consistent with rhabdomyosarcoma, further classification pending additional studies"	"Neoplasm, NOS"	
Release 58	Cystic lung lesion consistent with pleuropulmonary blastoma type 1R	"Neoplasm, NOS"	
Release 58	"Diffuse glioma, CNS WHO grade pending"	"Gliomas, Glioneuronal Tumors, and Neuronal Tumors, NEC"	
Release 58	"Diffuse low grade glioma, favor diffuse astrocytoma, MYB or MYBL1-altered"	"Low-grade glioma, NOS or NEC"	
Release 58	"Diffuse low-grade glioma, BRAF V600E-mutated"	"Low-grade glioma, NOS or NEC"	
Release 58	"Diffusely necrotic malignant small round cell neoplasm, compatible with Ewing sarcoma"	"Neoplasm, NOS"	
Release 58	"Dysembryoplastic neuroepithelial tumor (DNET), WHO Grade 1"	Dysembryoplastic neuroepithelial tumor	
Release 58	"Embryonal tumor, consistent with medulloblastoma with desmoplastic/nodular features"	"Embryonal Tumors, NOS"	
Release 58	"Epithelioid sarcoma, proximal type, involving deep surgical margin"	Epithelioid sarcoma	
Release 58	Ewing sarcoma	Ewing sarcoma	
Release 58	EWSR1-rearranged round cell sarcoma	Small cell sarcoma	ICD-O 3.2 preferred term (8803/3)
Release 58	"Fibrillary neoplasm with cystic change and vascular endothelial proliferation, favor glioma/astrocytoma"	"Neoplasm, NOS"	
Release 58	"Follicular thyroid carcinoma, well differentiated, minimally invasive"	"Follicular carcinoma, NOS"	
Release 58	"Fragments of invasive EBV-positive squamous cell carcinoma, nonkeratinizing"	"Squamous cell carcinoma, large cell, nonkeratinizing, NOS"	ICD-O 3.2 preferred term (8072/3)
Release 58	Ganglioglioma (WHO grade 1)	Ganglioglioma	
Release 58	"Ganglioglioma with BRAF p. V600E immunoreactivity, CNS WHO grade 1"	Ganglioglioma	
Release 58	"Ganglioglioma, BRAF V600E-mutant"	Ganglioglioma	
Release 58	Ganglioneuroblastic tumor with histopathological features consistent with intermixed ganglioneuroblastoma	"Ganglioneuroblastoma, intermixed"	
Release 58	Germinoma	Germinoma	
Release 58	Giant cell tumor of soft tissue with malignant transformation	"Giant cell tumor of soft parts, NOS"	
Release 58	Glial neoplasm with increased mitotic activity	"Neoplasm, NOS"	
Release 58	"Glial proliferation, pending additional studies"	"Neoplasm, NOS"	
Release 58	Glioma.	"Gliomas, Glioneuronal Tumors, and Neuronal Tumors, NOS"	
Release 58	"Glioneuronal tumor, kinase-fused"	"Gliomas, Glioneuronal Tumors, and Neuronal Tumors, NOS"	
Release 58	"High grade malignant primitive embryonal tumor, WHO grade 4"	"Embryonal Tumors, NOS"	
Release 58	"high grade tumor present, favor embryonal"	"Neoplasm, malignant"	
Release 58	"High grade tumor, consistent with embryonal tumor"	"Neoplasm, malignant"	
Release 58	"High-grade glioma, NOS or NEC"	"High-grade glioma, NOS or NEC"	
Release 58	"High-grade glioma, pending molecular studies"	"High-grade glioma, NOS or NEC"	
Release 58	High-grade malignant neoplasm with primitive features	"Neoplasm, malignant"	
Release 58	"High-grade neuroepithelial neoplasm with pseudopalisading necrosis and endothelial proliferation, favor glioma"	"Gliomas, Glioneuronal Tumors, and Neuronal Tumors, NOS"	
Release 58	"High-grade papillary thyroid carcinoma, diffuse sclerosing subtype"	Papillary Thyroid Carcinoma	
Release 58	High-grade primitive embryonal neoplasm	"Embryonal Tumors, NOS"	
Release 58	IDH-mutant low-grade glioma	"Low-grade glioma, NOS or NEC"	
Release 58	Infant glioma/most likely astrocytic	"Gliomas, Glioneuronal Tumors, and Neuronal Tumors, NOS"	
Release 58	"Infiltrating pediatric glioma, BRAF V600E-positive"	"Gliomas, Glioneuronal Tumors, and Neuronal Tumors, NOS"	
Release 58	Inflammatory Myofibroblastic Tumor	Inflammatory Myofibroblastic Tumor	
Release 58	"Juvenile granulosa cell tumor, 14x9.5x6.5cm, received intact with solid and cystic morphology"	Juvenile Granulosa Cell Tumor	
Release 58	"Low grade glial neoplasm, consistent with pilocytic astrocytoma, CNS WHO grade 1"	"Gliomas, Glioneuronal Tumors, and Neuronal Tumors, NOS"	
Release 58	"Low grade glial neoplasm, favouring pilocytic astrocytoma."	"Gliomas, Glioneuronal Tumors, and Neuronal Tumors, NOS"	
Release 58	Low grade glioneuronal lesion	Unknown	
Release 58	"Low grade glioneuronal tumor, most consistent with polymorphous low grade neuroepithelial tumor of the young (PLNTY), WHO Grade 1"	"Gliomas, Glioneuronal Tumors, and Neuronal Tumors, NOS"	
Release 58	"Low-grade glial neoplasm, most consistent with pilocytic astrocytoma, WHO grade I"	"Gliomas, Glioneuronal Tumors, and Neuronal Tumors, NOS"	
Release 58	Low-grade glioneuronal tumor consistent with ganglioglioma	"Glioneuronal and Neuronal Tumors, NOS"	
Release 58	"Low-grade infiltrating glioma, CNS WHO grade 2"	"Gliomas, Glioneuronal Tumors, and Neuronal Tumors, NOS"	
Release 58	Malignant neoplasm with rhabdomyomatous/rhabdomyosarcomatous differentiation	"Neoplasm, malignant"	
Release 58	Malignant nested glomoid neoplasm (GLI1 - amplified sarcoma)	"Sarcoma, NOS"	
Release 58	"Malignant small round blue cell tumor with morphology and immunohistochemistry compatible with embryonal tumor, favoring medulloblastoma"	"Neoplasm, malignant"	
Release 58	Medulloblastoma non-WNT/ non-SHH	"Medulloblastoma, non-WNT/non-SHH"	
Release 58	Medulloblastoma with extensive nodularity (CNS WHO grade 4)	Medulloblastoma	
Release 58	"Medulloblastoma, classic histology, non-WNT/non-SHH by immunohistochemistry, WHO grade 4"	"Medulloblastoma, non-WNT/non-SHH"	
Release 58	"Medulloblastoma, classic histology, non-WNT/non-SHH by immunostains, WHO grade 4"	"Medulloblastoma, non-WNT/non-SHH"	
Release 58	"Medulloblastoma, classic histology, WHO 4"	Medulloblastoma	
Release 58	"Medulloblastoma, favor desmoplastic/nodular histologically defined subtype"	Medulloblastoma	
Release 58	"Medulloblastoma, large cell anaplastic variant, WHO grade 4"	Large cell medulloblastoma	
Release 58	"Medulloblastoma, non-WNT/SHH (WHO Grade 4)"	"Medulloblastoma, non-WNT/non-SHH"	
Release 58	"Medulloblastoma, SHH-activated subtype: 1"	"Medulloblastoma, SHH activated, NOS"	
Release 58	"Medulloblastoma, WHO grade 4, pending molecular evaluation"	Medulloblastoma	
Release 58	Medulloblastoma.	Medulloblastoma	
Release 58	Meningioma with focally elevated proliferative index	Meningioma	
Release 58	Mesenchymal chondrosarcoma	Mesenchymal chondrosarcoma	
Release 58	Mesenchymal chondrosarcoma (grade 2)	Mesenchymal chondrosarcoma	
Release 58	Minimally differentiated neuroblastoma	Neuroblastoma	
Release 58	"Mitotically active neoplasm, favor glial/glioneuronal origin"	"Neoplasm, NOS"	
Release 58	"Most consistent with meningioma, CNS WHO grade 1"	"Neoplasm, NOS"	
Release 58	"Multinodular and vacuolating neuronal tumor, CNS WHO grade 1"	Multinodular and vacuolating neuronal tumor	
Release 58	Nasopharyngeal carcinoma (Non-keratinizing squamous cell carcinoma type)	Nasopharyngeal Carcinoma	
Release 58	Neuroblastoma	Neuroblastoma	
Release 58	"Neuroblastoma (schwannian stroma poor), unfavorable histology by age"	Neuroblastoma	
Release 58	"Neuroblastoma (Schwannian stroma-poor), poorly differentiated"	Neuroblastoma	
Release 58	"Neuroblastoma, high mitotic-karyorrhetic index (unfavorable histology), 5.2 cm, with nodular appearance"	Neuroblastoma	
Release 58	"Neuroblastoma, poorly differentiated, low MKI (unfavorable histopathology)"	Neuroblastoma	
Release 58	"Neuroblastoma, poorly differentiated, schwannian stroma poor, low MKI, unfavorable histology in a limited biopsy."	Neuroblastoma	
Release 58	"Neuroblastoma, poorly differentiated, schwannian stroma-poor, intermediate mitotic-karyorrhectic index (MKI), unfavorable histopathology"	Neuroblastoma	
Release 58	"Neuroblastoma, poorly-differentiated (Schwannian stroma poor), intermediate MKI (unfavorable histology for age)"	Neuroblastoma	
Release 58	"Neuroblastoma, Schwannian stroma poor, differentiating, unfavorable histology, with partial tumor necrosis"	Neuroblastoma	
Release 58	"Neuroblastoma, undifferentiated, unfavorable histology"	Neuroblastoma	
Release 58	"Neuroepithelial neoplasm with methylation profile of CNS tumor with BCOR internal tandem duplication, not otherwise specified"	"Gliomas, Glioneuronal Tumors, and Neuronal Tumors, NOS"	
Release 58	"Papillary thyroid carcinoma, classical subtype, 2.6 cm"	Papillary Thyroid Carcinoma	
Release 58	Papillary urothelial neoplasm of low malignant potential.	Papillary urothelial neoplasm of low malignant potential	
Release 58	"Pediatric low-grade glioma, immunoreactive for IDH1-R132H"	"Low-grade glioma, NOS or NEC"	
Release 58	"Peripheral neuroblastic tumor, most consistent with poorly differentiated neuroblastoma (low MKI; unfavorable histology)"	"Neoplasm, NOS"	
Release 58	"Pilocytic astrocytoma, BRAF-altered"	Pilocytic astrocytoma	
Release 58	Pineal parenchymal tumor; favor pineocytoma with increased proliferative activity	"Neoplasm, NOS"	
Release 58	"Pituitary neuroendocrine tumor (PitNet)/ Pituitary adenoma, extensively necrotic"	Pituitary Adenoma / Pituitary Neuroendocrine Tumour	
Release 58	"Polymorphous low grade neuroepithelial tumor of the young (PLNTY), CNS WHO grade 1"	Polymorphous low-grade neuroepithelial tumor of the young	
Release 58	"Poorly differentiated neuroblastoma, intermediate mitosis-karyorrhexis index (MKI), unfavorable histology"	Neuroblastoma	
Release 58	"Poorly differentiated Neuroblastoma, with intermediate MKI; overall favorable histology"	Neuroblastoma	
Release 58	Posterior fossa group A(PFA) ependymoma	Posterior Fossa Group A (PFA) Ependymoma	
Release 58	Rhabdomyosarcoma with diffuse anaplastic features	Rhabdomyosarcoma	
Release 58	Rhabdomyosarcoma with embryonal features	Embryonal Rhabdomyosarcoma	
Release 58	"Rhabdomyosarcoma, involving lamina propria"	Rhabdomyosarcoma	
Release 58	"Rhabdomyosarcoma, more likely embryonal subtype"	Rhabdomyosarcoma	
Release 58	Sarcoma with MGA::NUTM1 fusion	"Sarcoma, NOS"	
Release 58	"Small round blue cell tumor, morphologically and immunophenotypically most consistent with Ewing sarcoma"	"Neoplasm, NOS"	
Release 58	"SMARCB1 deleted/INI-1 deficient malignant neoplasm, consistent with malignant rhabdoid tumor"	"Neoplasm, malignant"	
Release 58	Spindle cell neoplasm with EGFR mutation forming a 6.0 cm chest wall mass	"Neoplasm, NOS"	
Release 58	Supratentorial Ependymoma	Supratentorial Ependymoma	
Release 58	Supratentorial ependymoma WHO grade 3	Supratentorial Ependymoma	
Release 58	"Supratentorial ependymoma, ZFTA fusion-positive CNS WHO grade: 2"	Supratentorial Ependymoma	
Release 58	"Tumor with rhabdoid morphology and loss of INI1 expression, most consistent with epithelioid sarcoma, proximal type"	"Neoplasm, NOS"	